{"type":"FeatureCollection","features":[{"type":"Feature","properties":{"_color":"#3388ff","_opacity":1,"_weight":3},"geometry":{"type":"LineString","coordinates":[[140.82719,39.51853],[140.82912,39.51485],[140.83014,39.51227],[140.82835,39.50968],[140.82438,39.50511],[140.82002,39.50133],[140.81797,39.49755],[140.81477,39.49397],[140.81208,39.48999],[140.80747,39.4875],[140.80414,39.48591],[140.80222,39.48312],[140.79902,39.48163],[140.79389,39.48043],[140.78749,39.47963],[140.7862,39.47963]]}},{"type":"Feature","properties":{"_color":"#3388ff","_opacity":1,"_weight":3},"geometry":{"type":"LineString","coordinates":[[140.78588,39.47959],[140.78069,39.47838]]}},{"type":"Feature","properties":{"_color":"#3388ff","_opacity":1,"_weight":3},"geometry":{"type":"LineString","coordinates":[[131.02388,33.21831],[131.03303,33.22127],[131.03691,33.22127],[131.0404,33.22257],[131.0437,33.22208]]}},{"type":"Feature","properties":{"_color":"#3388ff","_opacity":1,"_weight":3},"geometry":{"type":"LineString","coordinates":[[131.13962,33.20258],[131.14442,33.20161]]}},{"type":"Feature","properties":{"_color":"#3388ff","_opacity":1,"_weight":3},"geometry":{"type":"LineString","coordinates":[[140.18704,38.78641],[140.18688,38.78561],[140.18675,38.78511],[140.18662,38.78464],[140.18655,38.78423],[140.18644,38.78374],[140.18618,38.78283],[140.18589,38.78194],[140.18566,38.78122],[140.18554,38.7806],[140.18546,38.78007],[140.1854,38.77908],[140.18536,38.7781],[140.18522,38.77728],[140.18505,38.77649],[140.18485,38.77596],[140.18469,38.7756],[140.18447,38.77495],[140.18423,38.77435],[140.184,38.7737],[140.18377,38.77294],[140.18362,38.77238],[140.18336,38.77126],[140.1833,38.771],[140.18301,38.76985],[140.18278,38.76876],[140.18267,38.76842],[140.1826,38.76822],[140.18235,38.76729],[140.18223,38.76683],[140.18208,38.76599],[140.18205,38.76569],[140.18202,38.76551],[140.18197,38.76482],[140.18197,38.76461],[140.18193,38.76402],[140.18186,38.76359],[140.18176,38.76323],[140.18148,38.76251],[140.18112,38.76185],[140.18077,38.76132],[140.18057,38.76099],[140.18034,38.76056]]}},{"type":"Feature","properties":{"_color":"#3388ff","_opacity":1,"_weight":3},"geometry":{"type":"LineString","coordinates":[[140.18008,38.7587],[140.17979,38.75794],[140.17944,38.75717],[140.17881,38.75632],[140.17837,38.75584],[140.17789,38.75531],[140.17725,38.75476],[140.17635,38.75407],[140.17556,38.75355],[140.17469,38.7529]]}},{"type":"Feature","properties":{"_color":"#3388ff","_opacity":1,"_weight":3},"geometry":{"type":"LineString","coordinates":[[140.17866,38.73243],[140.17851,38.73271],[140.17828,38.73312],[140.17808,38.73345],[140.17791,38.7337],[140.17765,38.73406],[140.17743,38.73435],[140.17733,38.73457],[140.17727,38.73497],[140.17708,38.73547],[140.177,38.73565],[140.17675,38.7361],[140.17648,38.73684],[140.17625,38.73727],[140.17608,38.7375],[140.17573,38.73812],[140.17535,38.73864],[140.17479,38.73956],[140.17412,38.7407],[140.17386,38.74134],[140.1736,38.74215],[140.17334,38.74307],[140.17308,38.74396],[140.17292,38.74475],[140.17283,38.74534],[140.17286,38.74581],[140.17303,38.74659],[140.1732,38.7472],[140.17326,38.74763],[140.17329,38.74797],[140.17341,38.74864],[140.17347,38.74908],[140.17352,38.74961],[140.17352,38.75003],[140.17364,38.75076],[140.17379,38.75131],[140.17391,38.7517]]}},{"type":"Feature","properties":{"_color":"#3388ff","_opacity":1,"_weight":3},"geometry":{"type":"LineString","coordinates":[[140.18644,38.81078],[140.18678,38.81028],[140.18699,38.80995],[140.18723,38.8095],[140.18737,38.80907],[140.18748,38.80834],[140.1876,38.80789],[140.18783,38.80736],[140.1882,38.80665],[140.18853,38.80609],[140.18884,38.80558],[140.18908,38.80508],[140.18929,38.8046],[140.18941,38.80419],[140.18949,38.80382],[140.18954,38.80346],[140.18952,38.80317],[140.18948,38.80268],[140.1894,38.80225],[140.18922,38.80154],[140.18894,38.80079],[140.18861,38.79997],[140.18804,38.79828],[140.18783,38.79776],[140.18768,38.79716],[140.18758,38.79674],[140.18755,38.79637],[140.18757,38.79581],[140.18763,38.79507],[140.18771,38.7942],[140.18781,38.79368],[140.18786,38.79326],[140.18786,38.79212],[140.18785,38.79106],[140.18783,38.79078],[140.18778,38.79017],[140.18763,38.78954],[140.18748,38.78928],[140.18748,38.7891]]}},{"type":"Feature","properties":{"_color":"#3388ff","_opacity":1,"_weight":3},"geometry":{"type":"LineString","coordinates":[[140.23347,38.72153],[140.23404,38.72214],[140.2343,38.72243],[140.23457,38.72275],[140.23484,38.7232],[140.23515,38.7236],[140.23525,38.72392],[140.23525,38.72419],[140.23517,38.72467],[140.23517,38.72491],[140.23522,38.72515],[140.23532,38.72543],[140.23552,38.72586],[140.23593,38.72664],[140.23654,38.72754],[140.23717,38.72858],[140.23745,38.72906],[140.23781,38.72967],[140.23799,38.73006],[140.23809,38.73042],[140.23813,38.73074],[140.2384,38.73259],[140.23854,38.73336],[140.23883,38.73457],[140.23907,38.73574],[140.23945,38.73821],[140.23954,38.73916],[140.23959,38.73996],[140.23961,38.74077],[140.23952,38.74126],[140.23944,38.74155],[140.23929,38.74183],[140.23909,38.74204],[140.23874,38.74236],[140.23729,38.74393],[140.23608,38.74513],[140.23485,38.74665],[140.234,38.7479],[140.23307,38.74935],[140.2325,38.75057],[140.23215,38.75148],[140.23182,38.7529],[140.23145,38.75419],[140.23099,38.75549],[140.23072,38.75664],[140.23043,38.75766],[140.22999,38.75882],[140.22923,38.76088],[140.22858,38.76319],[140.22813,38.76505],[140.22773,38.76602],[140.22695,38.76743],[140.22624,38.76873],[140.22514,38.77155],[140.225,38.77194],[140.22486,38.77226],[140.22462,38.77271],[140.22417,38.77336],[140.22396,38.77369],[140.2238,38.77397],[140.22371,38.77422],[140.22365,38.77462],[140.22356,38.77532],[140.22349,38.77559],[140.22332,38.77599],[140.22317,38.77636],[140.22305,38.7767],[140.22293,38.77742],[140.22281,38.77781],[140.22263,38.77828],[140.22127,38.78097],[140.22009,38.78341],[140.21981,38.78408],[140.21957,38.78478],[140.21947,38.78515],[140.21941,38.78553],[140.2194,38.78588],[140.21946,38.7861],[140.21959,38.78653],[140.21966,38.78689],[140.21969,38.78744],[140.21968,38.78773],[140.21965,38.78825],[140.21953,38.78992],[140.21953,38.79033],[140.21953,38.79063],[140.21945,38.79084],[140.2193,38.79111],[140.21913,38.79145],[140.21899,38.79176],[140.2189,38.7921],[140.21885,38.79252],[140.21883,38.79328],[140.21887,38.79367],[140.21893,38.79409],[140.21904,38.79452],[140.2193,38.79531],[140.21936,38.7955]]}},{"type":"Feature","properties":{"_color":"#3388ff","_opacity":1,"_weight":3},"geometry":{"type":"LineString","coordinates":[[140.21663,38.82685],[140.21684,38.82659],[140.21692,38.82636],[140.21692,38.82595],[140.21696,38.8257],[140.21708,38.8254],[140.21738,38.82494],[140.2178,38.82445],[140.21787,38.82394],[140.21791,38.82364],[140.21799,38.82343],[140.21824,38.82305],[140.21835,38.82285],[140.21842,38.82262],[140.21844,38.82225],[140.21879,38.82131],[140.21882,38.82112],[140.21885,38.82088],[140.21887,38.82004],[140.21889,38.81963],[140.21889,38.81902],[140.21891,38.81879],[140.21904,38.81805],[140.21904,38.81786],[140.21901,38.81763],[140.21887,38.81718],[140.2188,38.81685],[140.21879,38.81648],[140.21883,38.81614],[140.2189,38.81585],[140.21902,38.81546],[140.21925,38.81486],[140.2194,38.81443],[140.21955,38.81385],[140.21966,38.81324],[140.21973,38.81257],[140.21979,38.81182],[140.21986,38.81078],[140.21987,38.81004],[140.21998,38.80595],[140.21993,38.80462],[140.21967,38.80227],[140.21963,38.80141],[140.21962,38.80055],[140.21969,38.79888],[140.2197,38.79826],[140.21963,38.79762],[140.21951,38.79641],[140.2194,38.79569]]}},{"type":"Feature","properties":{"_color":"#3388ff","_opacity":1,"_weight":3},"geometry":{"type":"LineString","coordinates":[[140.22831,38.76041],[140.22801,38.76008],[140.22782,38.75976],[140.22772,38.75946]]}},{"type":"Feature","properties":{"_color":"#3388ff","_opacity":1,"_weight":3},"geometry":{"type":"LineString","coordinates":[[140.22818,38.76237],[140.22832,38.76207],[140.22841,38.76174],[140.22845,38.76144],[140.22846,38.76115],[140.22846,38.76072]]}},{"type":"Feature","properties":{"_color":"#3388ff","_opacity":1,"_weight":3},"geometry":{"type":"LineString","coordinates":[[140.21584,38.82758],[140.21523,38.82832],[140.21496,38.82873],[140.21465,38.82926],[140.21444,38.82972],[140.21424,38.83027],[140.21411,38.83077],[140.21397,38.83149],[140.21389,38.83209],[140.21388,38.83261],[140.21401,38.83324],[140.21424,38.83396],[140.21426,38.83426],[140.21423,38.83449],[140.21409,38.83488],[140.21376,38.83562],[140.21374,38.83586],[140.21376,38.83603],[140.21382,38.83622]]}},{"type":"Feature","properties":{"_color":"#3388ff","_opacity":1,"_weight":3},"geometry":{"type":"LineString","coordinates":[[140.49458,40.84352],[140.49166,40.84115],[140.48991,40.83805],[140.48914,40.83391],[140.48914,40.82948]]}},{"type":"Feature","properties":{"_color":"#3388ff","_opacity":1,"_weight":3},"geometry":{"type":"LineString","coordinates":[[140.50088,40.83494],[140.50068,40.82918],[140.50049,40.82667],[140.49893,40.82401],[140.49855,40.82239],[140.49894,40.81412]]}},{"type":"Feature","properties":{"_color":"#3388ff","_opacity":1,"_weight":3},"geometry":{"type":"LineString","coordinates":[[140.52091,40.82301],[140.51877,40.81887],[140.51624,40.81621],[140.51488,40.814],[140.51469,40.81208],[140.51469,40.8072],[140.51488,40.80218],[140.51605,40.79613],[140.51644,40.79406]]}},{"type":"Feature","properties":{"_color":"#3388ff","_opacity":1,"_weight":3},"geometry":{"type":"LineString","coordinates":[[140.48507,40.82926],[140.48722,40.82202],[140.49111,40.81095],[140.49442,40.80136],[140.49812,40.79309],[140.4989,40.79014],[140.50026,40.78615],[140.50376,40.77891],[140.50687,40.77301],[140.51037,40.76666],[140.51347,40.76223],[140.51619,40.7581],[140.5195,40.75175],[140.52338,40.74334],[140.52591,40.73876],[140.52901,40.73345],[140.53348,40.72739],[140.53775,40.72193],[140.54415,40.7147],[140.54823,40.71071],[140.55366,40.70584],[140.55696,40.70289]]}},{"type":"Feature","properties":{"_color":"#3388ff","_opacity":1,"_weight":3},"geometry":{"type":"LineString","coordinates":[[140.52234,40.78088],[140.52331,40.77585],[140.52428,40.77164],[140.52487,40.76803],[140.52545,40.76448]]}},{"type":"Feature","properties":{"_color":"#3388ff","_opacity":1,"_weight":3},"geometry":{"type":"LineString","coordinates":[[140.52856,40.76336],[140.52933,40.75988],[140.53118,40.75605],[140.53302,40.75228],[140.53535,40.74822],[140.53856,40.74335],[140.54263,40.73811],[140.54622,40.73383]]}},{"type":"Feature","properties":{"_color":"#3388ff","_opacity":1,"_weight":3},"geometry":{"type":"LineString","coordinates":[[140.56775,40.72062],[140.56561,40.71405],[140.56279,40.7071]]}},{"type":"Feature","properties":{"_color":"#3388ff","_opacity":1,"_weight":3},"geometry":{"type":"LineString","coordinates":[[140.57145,40.70496],[140.57552,40.70917],[140.57951,40.71501],[140.58194,40.71936],[140.58369,40.72343],[140.58427,40.72668],[140.58419,40.73532],[140.58323,40.74772]]}},{"type":"Feature","properties":{"_color":"#3388ff","_opacity":1,"_weight":3},"geometry":{"type":"LineString","coordinates":[[140.64006,40.78134],[140.63957,40.77639],[140.63898,40.76982],[140.6379,40.76443],[140.63741,40.76214],[140.63711,40.7569],[140.63662,40.75438],[140.63515,40.74966],[140.6334,40.74589],[140.63291,40.74368],[140.63261,40.73888],[140.63134,40.73489],[140.62978,40.72964],[140.62881,40.72654],[140.62773,40.72315],[140.62627,40.72012],[140.62481,40.71709],[140.62422,40.71288],[140.62383,40.71066],[140.62276,40.70587],[140.62226,40.70092],[140.62206,40.69796],[140.62294,40.69538],[140.62294,40.69538]]}},{"type":"Feature","properties":{"_color":"#3388ff","_opacity":1,"_weight":3},"geometry":{"type":"LineString","coordinates":[[140.6276,40.6919],[140.62662,40.68466],[140.62661,40.67964],[140.6268,40.67491]]}},{"type":"Feature","properties":{"_color":"#3388ff","_opacity":1,"_weight":3},"geometry":{"type":"LineString","coordinates":[[140.61936,40.69225],[140.62032,40.68398],[140.62089,40.67866],[140.62127,40.67585],[140.62262,40.67157],[140.6232,40.66847],[140.6232,40.66743],[140.62494,40.66522],[140.62785,40.66286],[140.62978,40.6599],[140.63055,40.65651],[140.63055,40.65311],[140.62919,40.6503],[140.62589,40.64823],[140.62472,40.64735],[140.62414,40.64528],[140.62317,40.64366],[140.62122,40.64233],[140.62064,40.641],[140.62102,40.63671]]}},{"type":"Feature","properties":{"_color":"#3388ff","_opacity":1,"_weight":3},"geometry":{"type":"LineString","coordinates":[[140.64341,40.63326],[140.63758,40.62824]]}},{"type":"Feature","properties":{"_color":"#3388ff","_opacity":1,"_weight":3},"geometry":{"type":"LineString","coordinates":[[140.62603,40.6343],[140.62428,40.62972],[140.62194,40.62617],[140.61961,40.62277],[140.61534,40.61893],[140.6103,40.61598],[140.60816,40.61435],[140.60661,40.61214],[140.60641,40.60933],[140.6068,40.60667],[140.60815,40.60328],[140.61066,40.59796],[140.61202,40.59501],[140.61259,40.5919],[140.61278,40.58925]]}},{"type":"Feature","properties":{"_color":"#3388ff","_opacity":1,"_weight":3},"geometry":{"type":"LineString","coordinates":[[140.60284,40.59692],[140.60051,40.59471],[140.59935,40.5919]]}},{"type":"Feature","properties":{"_color":"#3388ff","_opacity":1,"_weight":3},"geometry":{"type":"LineString","coordinates":[[140.60924,40.59005],[140.60962,40.5868],[140.6102,40.58473],[140.61156,40.58296],[140.61349,40.58119],[140.6131,40.57927],[140.61252,40.57705],[140.61348,40.57469]]}},{"type":"Feature","properties":{"_color":"#3388ff","_opacity":1,"_weight":3},"geometry":{"type":"LineString","coordinates":[[140.71873,40.71503],[140.71834,40.71755],[140.7168,40.71992],[140.7172,40.72244],[140.71817,40.72377],[140.7176,40.72733],[140.71528,40.72985],[140.7149,40.73311],[140.71475,40.74764],[140.71553,40.7512],[140.71477,40.75446],[140.71363,40.76173],[140.71365,40.77077],[140.71406,40.77789],[140.71428,40.78589],[140.7139,40.78782],[140.71255,40.79153],[140.71296,40.79983],[140.71375,40.80443],[140.71571,40.80754],[140.71591,40.81021],[140.71494,40.81228],[140.71301,40.81466]]}},{"type":"Feature","properties":{"_color":"#3388ff","_opacity":1,"_weight":3},"geometry":{"type":"LineString","coordinates":[[140.68314,40.87048],[140.68253,40.86069],[140.68213,40.85565],[140.68212,40.85358],[140.68153,40.85195],[140.68134,40.85017],[140.68211,40.8478],[140.68268,40.84439],[140.68287,40.84216],[140.68014,40.83949],[140.67936,40.83668]]}},{"type":"Feature","properties":{"_color":"#3388ff","_opacity":1,"_weight":3},"geometry":{"type":"LineString","coordinates":[[140.61801,40.82996],[140.62346,40.83323],[140.62735,40.83738],[140.63086,40.84243],[140.63379,40.8454],[140.63748,40.84703],[140.63865,40.84762],[140.64275,40.85222],[140.64625,40.85593],[140.64899,40.86038],[140.65133,40.86483],[140.65368,40.87046],[140.65602,40.87372],[140.65836,40.8755],[140.65875,40.87714],[140.65837,40.87906],[140.65838,40.88321],[140.65586,40.88885],[140.6545,40.8927],[140.65393,40.89744],[140.65277,40.90234],[140.65006,40.90648],[140.64656,40.9096],[140.64559,40.91197],[140.64287,40.91449],[140.64248,40.91523],[140.64171,40.91923],[140.63763,40.92442],[140.63491,40.92649],[140.63277,40.92723],[140.63122,40.93197],[140.6285,40.93538],[140.62616,40.93805],[140.62364,40.94116],[140.62364,40.94486],[140.6225,40.96087],[140.62193,40.97184],[140.62136,40.97837]]}},{"type":"Feature","properties":{"_color":"#3388ff","_opacity":1,"_weight":3},"geometry":{"type":"LineString","coordinates":[[141.26379,40.50815],[141.27154,40.5018],[141.27794,40.49516],[141.28433,40.48866],[141.29111,40.48217],[141.29654,40.47508],[141.3008,40.4674],[141.30313,40.46045],[141.30275,40.45366],[141.30179,40.44642],[141.30237,40.44184],[141.30586,40.43637],[141.31012,40.43017],[141.31418,40.42308],[141.3167,40.41643]]}},{"type":"Feature","properties":{"_color":"#3388ff","_opacity":1,"_weight":3},"geometry":{"type":"LineString","coordinates":[[141.30975,40.41022],[141.31768,40.39855],[141.32658,40.38511],[141.33064,40.37832],[141.33837,40.36591],[141.34301,40.35911],[141.34765,40.35247]]}},{"type":"Feature","properties":{"_color":"#3388ff","_opacity":1,"_weight":3},"geometry":{"type":"LineString","coordinates":[[141.34108,40.3597],[141.34649,40.34759],[141.34958,40.34183],[141.35364,40.33518],[141.3575,40.33001]]}},{"type":"Feature","properties":{"_color":"#3388ff","_opacity":1,"_weight":3},"geometry":{"type":"LineString","coordinates":[[141.36078,40.32883],[141.3629,40.32218],[141.36426,40.31804],[141.36619,40.31287]]}},{"type":"Feature","properties":{"_color":"#3388ff","_opacity":1,"_weight":3},"geometry":{"type":"LineString","coordinates":[[141.37851,40.29063],[141.38507,40.27866],[141.39085,40.26788],[141.39374,40.26093],[141.39606,40.25517],[141.39625,40.25207]]}},{"type":"Feature","properties":{"_color":"#3388ff","_opacity":1,"_weight":3},"geometry":{"type":"LineString","coordinates":[[141.39721,40.25073],[141.39586,40.2435],[141.392,40.23877]]}},{"type":"Feature","properties":{"_color":"#3388ff","_opacity":1,"_weight":3},"geometry":{"type":"LineString","coordinates":[[141.3926,40.23101],[141.39607,40.22481],[141.39934,40.21712],[141.4003,40.21417]]}},{"type":"Feature","properties":{"_color":"#3388ff","_opacity":1,"_weight":3},"geometry":{"type":"LineString","coordinates":[[141.39953,40.2053],[141.3976,40.19392],[141.39548,40.18506],[141.39374,40.17944]]}},{"type":"Feature","properties":{"_color":"#3388ff","_opacity":1,"_weight":3},"geometry":{"type":"LineString","coordinates":[[141.40645,40.17988],[141.40838,40.17353],[141.40933,40.16777],[141.40953,40.1657]]}},{"type":"Feature","properties":{"_color":"#3388ff","_opacity":1,"_weight":3},"geometry":{"type":"LineString","coordinates":[[141.4103,40.16437],[141.41183,40.15639],[141.41298,40.14959],[141.41452,40.14058]]}},{"type":"Feature","properties":{"_color":"#3388ff","_opacity":1,"_weight":3},"geometry":{"type":"LineString","coordinates":[[141.41645,40.15742],[141.4176,40.14501]]}},{"type":"Feature","properties":{"_color":"#3388ff","_opacity":1,"_weight":3},"geometry":{"type":"LineString","coordinates":[[141.4149,40.13733],[141.41624,40.13053],[141.41797,40.1261],[141.42143,40.12048],[141.42316,40.11545],[141.42373,40.11176],[141.42354,40.10615]]}},{"type":"Feature","properties":{"_color":"#3388ff","_opacity":1,"_weight":3},"geometry":{"type":"LineString","coordinates":[[136.04291,36.09552],[136.03566,36.08545],[136.02913,36.08011]]}},{"type":"Feature","properties":{"_color":"#3388ff","_opacity":1,"_weight":3},"geometry":{"type":"LineString","coordinates":[[136.0248,36.07063],[136.02118,36.06471]]}},{"type":"Feature","properties":{"_color":"#3388ff","_opacity":1,"_weight":3},"geometry":{"type":"LineString","coordinates":[[136.02698,36.06886],[136.02409,36.06116]]}},{"type":"Feature","properties":{"_color":"#3388ff","_opacity":1,"_weight":3},"geometry":{"type":"LineString","coordinates":[[135.95213,36.05332],[135.9349,36.00061]]}},{"type":"Feature","properties":{"_color":"#3388ff","_opacity":1,"_weight":3},"geometry":{"type":"LineString","coordinates":[[136.00373,36.05284],[135.97335,36.01194],[135.95888,35.99593],[135.9546,35.98586],[135.95465,35.97225]]}},{"type":"Feature","properties":{"_color":"#3388ff","_opacity":1,"_weight":3},"geometry":{"type":"LineString","coordinates":[[135.94954,35.96928],[135.94233,35.95446],[135.94022,35.93789],[135.93954,35.92605],[135.94031,35.91244],[135.94031,35.91244],[135.94105,35.91008]]}},{"type":"Feature","properties":{"_color":"#3388ff","_opacity":1,"_weight":3},"geometry":{"type":"LineString","coordinates":[[135.98162,35.92674],[135.98023,35.90721],[135.97812,35.88708]]}},{"type":"Feature","properties":{"_color":"#3388ff","_opacity":1,"_weight":3},"geometry":{"type":"LineString","coordinates":[[136.09946,35.77781],[136.11034,35.76777]]}},{"type":"Feature","properties":{"_color":"#3388ff","_opacity":1,"_weight":3},"geometry":{"type":"LineString","coordinates":[[136.09703,35.78672],[136.13185,35.75066]]}},{"type":"Feature","properties":{"_color":"#3388ff","_opacity":1,"_weight":3},"geometry":{"type":"LineString","coordinates":[[136.14538,35.74709],[136.14902,35.72934],[136.14903,35.72224],[136.15194,35.71455],[136.15774,35.70627],[136.15848,35.68851],[136.15778,35.66898],[136.15996,35.65478],[136.16287,35.64295],[136.16288,35.63703]]}},{"type":"Feature","properties":{"_color":"#3388ff","_opacity":1,"_weight":3},"geometry":{"type":"LineString","coordinates":[[136.1636,35.63555],[136.16759,35.62401],[136.17483,35.61248],[136.18134,35.60153],[136.18641,35.59207],[136.1922,35.57639],[136.19762,35.56396],[136.20305,35.55213],[136.20413,35.54799],[136.20991,35.54089],[136.21209,35.53438],[136.22003,35.52136],[136.23086,35.50509]]}},{"type":"Feature","properties":{"_color":"#3388ff","_opacity":1,"_weight":3},"geometry":{"type":"LineString","coordinates":[[136.17892,35.58851],[136.16951,35.59857],[136.16481,35.60448],[136.16263,35.61306],[136.16082,35.61928],[136.1572,35.62282]]}},{"type":"Feature","properties":{"_color":"#3388ff","_opacity":1,"_weight":3},"geometry":{"type":"LineString","coordinates":[[136.15519,35.61984],[136.14975,35.63049],[136.1483,35.63907],[136.14395,35.64676],[136.13454,35.65296],[136.12695,35.65651],[136.1179,35.66478],[136.11715,35.67721],[136.11352,35.68579],[136.10627,35.69377],[136.09794,35.69879],[136.09179,35.70174],[136.08455,35.7041]]}},{"type":"Feature","properties":{"_color":"#3388ff","_opacity":1,"_weight":3},"geometry":{"type":"LineString","coordinates":[[136.01352,35.76043],[136.0382,35.73562]]}},{"type":"Feature","properties":{"_color":"#3388ff","_opacity":1,"_weight":3},"geometry":{"type":"LineString","coordinates":[[136.0474,35.72891],[136.0619,35.71784]]}},{"type":"Feature","properties":{"_color":"#3388ff","_opacity":1,"_weight":3},"geometry":{"type":"LineString","coordinates":[[136.25985,35.49001],[136.27969,35.47965],[136.28654,35.47729],[136.29231,35.47225],[136.30276,35.47077],[136.32187,35.46277],[136.34566,35.45181],[136.35647,35.44588],[136.37052,35.43463]]}},{"type":"Feature","properties":{"_color":"#3388ff","_opacity":1,"_weight":3},"geometry":{"type":"LineString","coordinates":[[136.3358,35.45371],[136.33723,35.44187],[136.33831,35.43536],[136.34082,35.42944],[136.3401,35.42264],[136.34189,35.41494],[136.35125,35.40783],[136.36458,35.40339],[136.37395,35.40219]]}},{"type":"Feature","properties":{"_color":"#3388ff","_opacity":1,"_weight":3},"geometry":{"type":"LineString","coordinates":[[136.38151,35.39588],[136.3869,35.39084],[136.39338,35.38817],[136.39878,35.38314],[136.40021,35.3784],[136.40092,35.37012],[136.40307,35.36627],[136.40559,35.36183],[136.40521,35.35502],[136.40521,35.35058]]}},{"type":"Feature","properties":{"_color":"#3388ff","_opacity":1,"_weight":3},"geometry":{"type":"LineString","coordinates":[[136.41754,35.39001],[136.4359,35.3814],[136.46541,35.3707],[136.47801,35.36802],[136.48989,35.36681],[136.49926,35.3662],[136.51507,35.3567]]}},{"type":"Feature","properties":{"_color":"#3388ff","_opacity":1,"_weight":3},"geometry":{"type":"LineString","coordinates":[[136.48131,35.35056],[136.49101,35.34166]]}},{"type":"Feature","properties":{"_color":"#3388ff","_opacity":1,"_weight":3},"geometry":{"type":"LineString","coordinates":[[136.12978,35.76199],[136.13704,35.75253]]}},{"type":"Feature","properties":{"_color":"#3388ff","_opacity":1,"_weight":3},"geometry":{"type":"LineString","coordinates":[[134.7508,34.96206],[134.77625,34.96171]]}},{"type":"Feature","properties":{"_color":"#3388ff","_opacity":1,"_weight":3},"geometry":{"type":"LineString","coordinates":[[134.77838,34.95522],[134.79843,34.94808],[134.80952,34.94273],[134.82452,34.92998]]}},{"type":"Feature","properties":{"_color":"#3388ff","_opacity":1,"_weight":3},"geometry":{"type":"LineString","coordinates":[[134.88796,34.93098],[134.91869,34.91463]]}},{"type":"Feature","properties":{"_color":"#3388ff","_opacity":1,"_weight":3},"geometry":{"type":"LineString","coordinates":[[134.88969,34.91945],[134.89972,34.91912]]}},{"type":"Feature","properties":{"_color":"#3388ff","_opacity":1,"_weight":3},"geometry":{"type":"LineString","coordinates":[[134.87354,34.91241],[134.89217,34.91206]]}},{"type":"Feature","properties":{"_color":"#3388ff","_opacity":1,"_weight":3},"geometry":{"type":"LineString","coordinates":[[134.8378,34.90326],[134.85565,34.88962]]}},{"type":"Feature","properties":{"_color":"#3388ff","_opacity":1,"_weight":3},"geometry":{"type":"LineString","coordinates":[[134.88676,34.87958],[134.89818,34.87098]]}},{"type":"Feature","properties":{"_color":"#3388ff","_opacity":1,"_weight":3},"geometry":{"type":"LineString","coordinates":[[134.9401,34.83063],[134.96503,34.80986]]}},{"type":"Feature","properties":{"_color":"#3388ff","_opacity":1,"_weight":3},"geometry":{"type":"LineString","coordinates":[[134.9857,34.79618],[135.00105,34.78933],[135.01141,34.78662]]}},{"type":"Feature","properties":{"_color":"#3388ff","_opacity":1,"_weight":3},"geometry":{"type":"LineString","coordinates":[[134.99996,34.78756],[134.95442,34.76676]]}},{"type":"Feature","properties":{"_color":"#3388ff","_opacity":1,"_weight":3},"geometry":{"type":"LineString","coordinates":[[134.94365,34.76089],[134.92646,34.75622],[134.91751,34.753],[134.91426,34.74711],[134.91389,34.74415]]}},{"type":"Feature","properties":{"_color":"#3388ff","_opacity":1,"_weight":3},"geometry":{"type":"LineString","coordinates":[[134.90742,34.73797],[134.92105,34.7462],[134.93434,34.75738]]}},{"type":"Feature","properties":{"_color":"#3388ff","_opacity":1,"_weight":3},"geometry":{"type":"LineString","coordinates":[[134.90097,34.73533],[134.88628,34.7274]]}},{"type":"Feature","properties":{"_color":"#3388ff","_opacity":1,"_weight":3},"geometry":{"type":"LineString","coordinates":[[141.98653,43.84873],[141.99701,43.84055]]}},{"type":"Feature","properties":{"_color":"#3388ff","_opacity":1,"_weight":3},"geometry":{"type":"LineString","coordinates":[[141.99456,43.82632],[141.99979,43.82136],[142.003,43.81349],[142.00662,43.80911]]}},{"type":"Feature","properties":{"_color":"#3388ff","_opacity":1,"_weight":3},"geometry":{"type":"LineString","coordinates":[[141.9881,43.82371],[141.99414,43.81816],[141.99454,43.81438]]}},{"type":"Feature","properties":{"_color":"#3388ff","_opacity":1,"_weight":3},"geometry":{"type":"LineString","coordinates":[[141.97398,43.7515],[141.97117,43.75675],[141.97118,43.76693],[141.97201,43.78002],[141.97242,43.78612],[141.96719,43.79109]]}},{"type":"Feature","properties":{"_color":"#3388ff","_opacity":1,"_weight":3},"geometry":{"type":"LineString","coordinates":[[141.93698,43.8226],[141.93697,43.81766],[141.93938,43.81038],[141.9426,43.80426]]}},{"type":"Feature","properties":{"_color":"#3388ff","_opacity":1,"_weight":3},"geometry":{"type":"LineString","coordinates":[[141.98332,43.78725],[141.96076,43.80507],[141.94585,43.81734],[141.93658,43.82464],[141.93053,43.82815],[141.92569,43.8302],[141.91601,43.83867]]}},{"type":"Feature","properties":{"_color":"#3388ff","_opacity":1,"_weight":3},"geometry":{"type":"LineString","coordinates":[[141.96951,43.72708],[141.96908,43.71021],[141.96947,43.70177],[141.97105,43.68751],[141.97105,43.6849]]}},{"type":"Feature","properties":{"_color":"#3388ff","_opacity":1,"_weight":3},"geometry":{"type":"LineString","coordinates":[[141.84215,43.81181],[141.84176,43.80309],[141.84257,43.79465],[141.8466,43.79144],[141.84862,43.78707],[141.85427,43.78095]]}},{"type":"Feature","properties":{"_color":"#3388ff","_opacity":1,"_weight":3},"geometry":{"type":"LineString","coordinates":[[141.88641,43.85624],[141.88601,43.85042],[141.88439,43.84752],[141.88439,43.84432],[141.8856,43.83733],[141.88842,43.8347],[141.88923,43.83296],[141.88923,43.82743],[141.89044,43.82219],[141.89124,43.81782],[141.89285,43.81229],[141.89487,43.80734],[141.89769,43.80268],[141.89769,43.79541],[141.90091,43.79075],[141.90454,43.78782],[141.90534,43.78433],[141.90332,43.77648],[141.90171,43.77474]]}},{"type":"Feature","properties":{"_color":"#3388ff","_opacity":1,"_weight":3},"geometry":{"type":"LineString","coordinates":[[141.89501,43.82797],[141.89582,43.81778]]}},{"type":"Feature","properties":{"_color":"#3388ff","_opacity":1,"_weight":3},"geometry":{"type":"LineString","coordinates":[[141.89727,43.79016],[141.89969,43.78434],[141.90291,43.7788]]}},{"type":"Feature","properties":{"_color":"#3388ff","_opacity":1,"_weight":3},"geometry":{"type":"LineString","coordinates":[[141.87967,43.78408],[141.88048,43.77448]]}},{"type":"Feature","properties":{"_color":"#3388ff","_opacity":1,"_weight":3},"geometry":{"type":"LineString","coordinates":[[141.88895,43.78231],[141.89096,43.77649],[141.89499,43.76979]]}},{"type":"Feature","properties":{"_color":"#3388ff","_opacity":1,"_weight":3},"geometry":{"type":"LineString","coordinates":[[141.88451,43.77447],[141.88935,43.7666],[141.89378,43.76077]]}},{"type":"Feature","properties":{"_color":"#3388ff","_opacity":1,"_weight":3},"geometry":{"type":"LineString","coordinates":[[141.86717,43.76463],[141.86919,43.75968],[141.87402,43.75268],[141.88088,43.75004],[141.88531,43.74596],[141.88894,43.74071],[141.89216,43.73779],[141.89296,43.73372],[141.89417,43.72673]]}},{"type":"Feature","properties":{"_color":"#3388ff","_opacity":1,"_weight":3},"geometry":{"type":"LineString","coordinates":[[141.8704,43.71954],[141.86999,43.70849],[141.8708,43.70238],[141.86959,43.69627]]}},{"type":"Feature","properties":{"_color":"#3388ff","_opacity":1,"_weight":3},"geometry":{"type":"LineString","coordinates":[[141.89014,43.7154],[141.89416,43.70608],[141.89698,43.70055],[141.89778,43.69414],[141.89777,43.67466],[141.89776,43.65516]]}},{"type":"Feature","properties":{"_color":"#3388ff","_opacity":1,"_weight":3},"geometry":{"type":"LineString","coordinates":[[141.87765,43.67355],[141.87765,43.6686]]}},{"type":"Feature","properties":{"_color":"#3388ff","_opacity":1,"_weight":3},"geometry":{"type":"LineString","coordinates":[[141.84732,43.70466],[141.85498,43.69592],[141.85901,43.68398],[141.86062,43.67496],[141.85901,43.66798],[141.8566,43.65839],[141.85539,43.65199],[141.85781,43.64384],[141.86023,43.6354],[141.86103,43.62812],[141.86144,43.62056]]}},{"type":"Feature","properties":{"_color":"#3388ff","_opacity":1,"_weight":3},"geometry":{"type":"LineString","coordinates":[[141.94766,43.6521],[141.94764,43.64192],[141.94643,43.63494],[141.9432,43.62594],[141.93957,43.61198]]}},{"type":"Feature","properties":{"_color":"#3388ff","_opacity":1,"_weight":3},"geometry":{"type":"LineString","coordinates":[[141.94763,43.6332],[141.94601,43.62156],[141.94479,43.61313],[141.94077,43.60529],[141.93272,43.60037],[141.92186,43.59487],[141.92025,43.59226],[141.91502,43.59024],[141.90859,43.58822],[141.90658,43.58328],[141.90497,43.5763],[141.90496,43.57194],[141.90295,43.5606],[141.90255,43.55304],[141.90094,43.54432],[141.90133,43.53471],[141.90093,43.52744],[141.90213,43.52453]]}},{"type":"Feature","properties":{"_color":"#3388ff","_opacity":1,"_weight":3},"geometry":{"type":"LineString","coordinates":[[141.92383,43.54279],[141.92342,43.53756],[141.92502,43.5329],[141.92462,43.52708],[141.9214,43.52273]]}},{"type":"Feature","properties":{"_color":"#3388ff","_opacity":1,"_weight":3},"geometry":{"type":"LineString","coordinates":[[141.87683,43.55893],[141.87724,43.54962],[141.87683,43.54205],[141.87483,43.53653]]}},{"type":"Feature","properties":{"_color":"#3388ff","_opacity":1,"_weight":3},"geometry":{"type":"LineString","coordinates":[[141.8451,43.55144],[141.85032,43.55667],[141.85474,43.56306],[141.85795,43.57178],[141.85875,43.57643],[141.85674,43.58371],[141.85272,43.58924],[141.8503,43.59274],[141.8499,43.60409],[141.84989,43.61718]]}},{"type":"Feature","properties":{"_color":"#3388ff","_opacity":1,"_weight":3},"geometry":{"type":"LineString","coordinates":[[141.84833,43.51216],[141.84432,43.50839],[141.84271,43.50577],[141.84352,43.50199],[141.84432,43.4985],[141.84433,43.49443]]}},{"type":"Feature","properties":{"_color":"#3388ff","_opacity":1,"_weight":3},"geometry":{"type":"LineString","coordinates":[[141.8355,43.49299],[141.8351,43.48688],[141.83631,43.48252],[141.83672,43.46506],[141.83713,43.45924]]}},{"type":"Feature","properties":{"_color":"#3388ff","_opacity":1,"_weight":3},"geometry":{"type":"LineString","coordinates":[[141.81787,43.4587],[141.81307,43.44882],[141.80827,43.44185],[141.80106,43.43605]]}},{"type":"Feature","properties":{"_color":"#3388ff","_opacity":1,"_weight":3},"geometry":{"type":"LineString","coordinates":[[141.79585,43.43431],[141.79144,43.42821],[141.78464,43.42415],[141.77182,43.41719],[141.7546,43.40645],[141.743,43.39658],[141.731,43.39078],[141.72059,43.38584],[141.71218,43.38556]]}},{"type":"Feature","properties":{"_color":"#3388ff","_opacity":1,"_weight":3},"geometry":{"type":"LineString","coordinates":[[141.70861,43.37422],[141.70542,43.36753],[141.69824,43.3591],[141.68504,43.3533],[141.67225,43.34749]]}},{"type":"Feature","properties":{"_color":"#3388ff","_opacity":1,"_weight":3},"geometry":{"type":"LineString","coordinates":[[136.02254,35.38486],[136.02373,35.37278]]}},{"type":"Feature","properties":{"_color":"#3388ff","_opacity":1,"_weight":3},"geometry":{"type":"LineString","coordinates":[[135.97923,35.32389],[135.96703,35.31826]]}},{"type":"Feature","properties":{"_color":"#3388ff","_opacity":1,"_weight":3},"geometry":{"type":"LineString","coordinates":[[135.99316,35.30823],[135.99825,35.30353],[136.00307,35.29771],[136.00616,35.29362],[136.01059,35.28795],[136.0156,35.28542]]}},{"type":"Feature","properties":{"_color":"#3388ff","_opacity":1,"_weight":3},"geometry":{"type":"LineString","coordinates":[[137.20958,36.2067],[137.19949,36.19997]]}},{"type":"Feature","properties":{"_color":"#3388ff","_opacity":1,"_weight":3},"geometry":{"type":"LineString","coordinates":[[137.19732,36.19822],[137.15658,36.18067]]}},{"type":"Feature","properties":{"_color":"#3388ff","_opacity":1,"_weight":3},"geometry":{"type":"LineString","coordinates":[[137.15189,36.17833],[137.12523,36.16486],[137.10793,36.15754],[137.10181,36.1549],[137.09136,36.14904],[137.07732,36.13996]]}},{"type":"Feature","properties":{"_color":"#3388ff","_opacity":1,"_weight":3},"geometry":{"type":"LineString","coordinates":[[137.07444,36.1379],[137.05538,36.12295]]}},{"type":"Feature","properties":{"_color":"#3388ff","_opacity":1,"_weight":3},"geometry":{"type":"LineString","coordinates":[[137.05358,36.12178],[137.03992,36.10859],[137.02734,36.09599],[137.02231,36.09247]]}},{"type":"Feature","properties":{"_color":"#3388ff","_opacity":1,"_weight":3},"geometry":{"type":"LineString","coordinates":[[137.08709,36.12325],[137.09644,36.13175],[137.10257,36.13468],[137.10653,36.13497]]}},{"type":"Feature","properties":{"_color":"#3388ff","_opacity":1,"_weight":3},"geometry":{"type":"LineString","coordinates":[[137.11662,36.13995],[137.16417,36.16631]]}},{"type":"Feature","properties":{"_color":"#3388ff","_opacity":1,"_weight":3},"geometry":{"type":"LineString","coordinates":[[137.16921,36.16865],[137.21788,36.19058]]}},{"type":"Feature","properties":{"_color":"#3388ff","_opacity":1,"_weight":3},"geometry":{"type":"LineString","coordinates":[[137.22113,36.19321],[137.23267,36.20316]]}},{"type":"Feature","properties":{"_color":"#3388ff","_opacity":1,"_weight":3},"geometry":{"type":"LineString","coordinates":[[137.00192,36.04557],[137.00983,36.04938],[137.01666,36.05437],[137.0242,36.05994],[137.0314,36.06346],[137.04111,36.0664]]}},{"type":"Feature","properties":{"_color":"#3388ff","_opacity":1,"_weight":3},"geometry":{"type":"LineString","coordinates":[[137.02821,36.04383],[137.05228,36.0664],[137.06449,36.07871],[137.07599,36.09073],[137.0839,36.09893],[137.09361,36.10538],[137.11125,36.11534],[137.12565,36.12237]]}},{"type":"Feature","properties":{"_color":"#3388ff","_opacity":1,"_weight":3},"geometry":{"type":"LineString","coordinates":[[137.12998,36.12413],[137.1397,36.1294]]}},{"type":"Feature","properties":{"_color":"#3388ff","_opacity":1,"_weight":3},"geometry":{"type":"LineString","coordinates":[[137.1451,36.13174],[137.15339,36.13496],[137.15879,36.13584],[137.16384,36.13671],[137.16852,36.13759],[137.17537,36.13934]]}},{"type":"Feature","properties":{"_color":"#3388ff","_opacity":1,"_weight":3},"geometry":{"type":"LineString","coordinates":[[137.18798,36.14314],[137.23304,36.17211]]}},{"type":"Feature","properties":{"_color":"#3388ff","_opacity":1,"_weight":3},"geometry":{"type":"LineString","coordinates":[[137.17466,36.13348],[137.18835,36.13845],[137.18835,36.13845]]}},{"type":"Feature","properties":{"_color":"#3388ff","_opacity":1,"_weight":3},"geometry":{"type":"LineString","coordinates":[[137.19412,36.14109],[137.21105,36.15162],[137.22222,36.15893]]}},{"type":"Feature","properties":{"_color":"#3388ff","_opacity":1,"_weight":3},"geometry":{"type":"LineString","coordinates":[[137.10169,36.02773],[137.11283,36.03945],[137.12541,36.05117],[137.14159,36.06377],[137.15635,36.07167],[137.17435,36.07986],[137.19271,36.08601],[137.21721,36.09184],[137.23558,36.09827],[137.26116,36.10644]]}},{"type":"Feature","properties":{"_color":"#3388ff","_opacity":1,"_weight":3},"geometry":{"type":"LineString","coordinates":[[137.06794,35.99227],[137.08663,35.9999],[137.09778,36.00576],[137.10137,36.00781]]}},{"type":"Feature","properties":{"_color":"#3388ff","_opacity":1,"_weight":3},"geometry":{"type":"LineString","coordinates":[[137.10425,36.00986],[137.11323,36.01689]]}},{"type":"Feature","properties":{"_color":"#3388ff","_opacity":1,"_weight":3},"geometry":{"type":"LineString","coordinates":[[137.11718,36.02129],[137.12328,36.03037]]}},{"type":"Feature","properties":{"_color":"#3388ff","_opacity":1,"_weight":3},"geometry":{"type":"LineString","coordinates":[[137.26836,36.10702],[137.27341,36.11199]]}},{"type":"Feature","properties":{"_color":"#3388ff","_opacity":1,"_weight":3},"geometry":{"type":"LineString","coordinates":[[137.27665,36.11433],[137.28855,36.12251],[137.3008,36.12953]]}},{"type":"Feature","properties":{"_color":"#3388ff","_opacity":1,"_weight":3},"geometry":{"type":"LineString","coordinates":[[137.30369,36.13128],[137.31666,36.13506],[137.32856,36.13709],[137.34226,36.13853],[137.35451,36.13997],[137.37146,36.14286],[137.38624,36.14517],[137.40283,36.14805]]}},{"type":"Feature","properties":{"_color":"#3388ff","_opacity":1,"_weight":3},"geometry":{"type":"LineString","coordinates":[[137.32133,36.1166],[137.33107,36.12273],[137.34116,36.12828],[137.35234,36.13411],[137.36497,36.13906]]}},{"type":"Feature","properties":{"_color":"#3388ff","_opacity":1,"_weight":3},"geometry":{"type":"LineString","coordinates":[[137.30799,36.09318],[137.31591,36.0961]]}},{"type":"Feature","properties":{"_color":"#3388ff","_opacity":1,"_weight":3},"geometry":{"type":"LineString","coordinates":[[137.32204,36.09872],[137.32816,36.10164]]}},{"type":"Feature","properties":{"_color":"#3388ff","_opacity":1,"_weight":3},"geometry":{"type":"LineString","coordinates":[[137.18015,36.03708],[137.19922,36.0523],[137.21614,36.06284],[137.2273,36.06869],[137.23918,36.07336],[137.25035,36.07657],[137.25755,36.07832],[137.26872,36.07918]]}},{"type":"Feature","properties":{"_color":"#3388ff","_opacity":1,"_weight":3},"geometry":{"type":"LineString","coordinates":[[137.07018,35.95741],[137.08704,35.97939],[137.10175,35.99785],[137.11288,36.01132],[137.13193,36.02744],[137.14811,36.03944],[137.16969,36.05496],[137.18553,36.06433],[137.20137,36.07516],[137.21829,36.08979]]}},{"type":"Feature","properties":{"_color":"#3388ff","_opacity":1,"_weight":3},"geometry":{"type":"LineString","coordinates":[[137.24711,36.09005],[137.23234,36.08069],[137.22081,36.07514],[137.21325,36.0728],[137.20029,36.06402],[137.18626,36.05319],[137.17223,36.04236],[137.15892,36.02831],[137.1467,36.01805],[137.1316,36.00751],[137.12477,36.00253]]}},{"type":"Feature","properties":{"_color":"#3388ff","_opacity":1,"_weight":3},"geometry":{"type":"LineString","coordinates":[[137.12226,35.9999],[137.09931,35.96063],[137.08139,35.93192],[137.06957,35.91433],[137.06097,35.90349],[137.05343,35.89821]]}},{"type":"Feature","properties":{"_color":"#3388ff","_opacity":1,"_weight":3},"geometry":{"type":"LineString","coordinates":[[137.05128,35.89645],[137.04231,35.89205]]}},{"type":"Feature","properties":{"_color":"#3388ff","_opacity":1,"_weight":3},"geometry":{"type":"LineString","coordinates":[[137.03692,35.89],[137.01324,35.87972],[136.99781,35.87414]]}},{"type":"Feature","properties":{"_color":"#3388ff","_opacity":1,"_weight":3},"geometry":{"type":"LineString","coordinates":[[137.06062,35.90085],[137.05453,35.89235]]}},{"type":"Feature","properties":{"_color":"#3388ff","_opacity":1,"_weight":3},"geometry":{"type":"LineString","coordinates":[[137.04951,35.88824],[137.03839,35.88091],[137.02942,35.87622],[137.00573,35.8677]]}},{"type":"Feature","properties":{"_color":"#3388ff","_opacity":1,"_weight":3},"geometry":{"type":"LineString","coordinates":[[137.27312,35.9448],[137.29399,35.96176],[137.30946,35.97404],[137.32422,35.98427],[137.33429,35.9904],[137.35445,36.00296],[137.35481,36.00267]]}},{"type":"Feature","properties":{"_color":"#3388ff","_opacity":1,"_weight":3},"geometry":{"type":"LineString","coordinates":[[137.36022,36.00588],[137.38507,36.02106]]}},{"type":"Feature","properties":{"_color":"#3388ff","_opacity":1,"_weight":3},"geometry":{"type":"LineString","coordinates":[[137.38954,36.01005],[137.40359,36.01997],[137.41764,36.02697],[137.44538,36.03744]]}},{"type":"Feature","properties":{"_color":"#3388ff","_opacity":1,"_weight":3},"geometry":{"type":"LineString","coordinates":[[137.4515,36.04035],[137.46411,36.04324],[137.47348,36.04644],[137.48861,36.05166],[137.49871,36.05661]]}},{"type":"Feature","properties":{"_color":"#3388ff","_opacity":1,"_weight":3},"geometry":{"type":"LineString","coordinates":[[135.89343,35.58407],[135.89629,35.57878],[135.89843,35.57349]]}},{"type":"Feature","properties":{"_color":"#3388ff","_opacity":1,"_weight":3},"geometry":{"type":"LineString","coordinates":[[135.91636,35.60528],[135.91062,35.59175],[135.90918,35.57822],[135.90918,35.57292]]}},{"type":"Feature","properties":{"_color":"#3388ff","_opacity":1,"_weight":3},"geometry":{"type":"LineString","coordinates":[[135.90906,35.57037],[135.91049,35.56096],[135.91192,35.5539],[135.91263,35.5492]]}},{"type":"Feature","properties":{"_color":"#3388ff","_opacity":1,"_weight":3},"geometry":{"type":"LineString","coordinates":[[135.91059,35.54645],[135.90844,35.54116],[135.90843,35.53469],[135.90843,35.53116]]}},{"type":"Feature","properties":{"_color":"#3388ff","_opacity":1,"_weight":3},"geometry":{"type":"LineString","coordinates":[[135.91201,35.53822],[135.91129,35.5294]]}},{"type":"Feature","properties":{"_color":"#3388ff","_opacity":1,"_weight":3},"geometry":{"type":"LineString","coordinates":[[135.9126,35.52705],[135.9126,35.51881]]}},{"type":"Feature","properties":{"_color":"#3388ff","_opacity":1,"_weight":3},"geometry":{"type":"LineString","coordinates":[[135.90841,35.50292],[135.907,35.4924],[135.90697,35.48174]]}},{"type":"Feature","properties":{"_color":"#3388ff","_opacity":1,"_weight":3},"geometry":{"type":"LineString","coordinates":[[135.90553,35.47821],[135.90124,35.47115],[135.90052,35.46467],[135.8998,35.4582],[135.89837,35.45232],[135.89551,35.44761]]}},{"type":"Feature","properties":{"_color":"#3388ff","_opacity":1,"_weight":3},"geometry":{"type":"LineString","coordinates":[[135.93802,35.42179],[135.9347,35.40765],[135.92704,35.38605],[135.92368,35.37413],[135.92082,35.36471],[135.91724,35.35706]]}},{"type":"Feature","properties":{"_color":"#3388ff","_opacity":1,"_weight":3},"geometry":{"type":"LineString","coordinates":[[135.91352,35.35413],[135.90779,35.33824],[135.90136,35.32882],[135.89636,35.31645],[135.89279,35.30939],[135.88779,35.29997],[135.88636,35.29055],[135.88493,35.28408],[135.88064,35.2776],[135.8785,35.27348],[135.87208,35.25641],[135.8678,35.24522],[135.86494,35.23522],[135.8628,35.22463],[135.86209,35.21521],[135.86209,35.20874]]}},{"type":"Feature","properties":{"_color":"#3388ff","_opacity":1,"_weight":3},"geometry":{"type":"LineString","coordinates":[[135.86135,35.20562],[135.85993,35.19503]]}},{"type":"Feature","properties":{"_color":"#3388ff","_opacity":1,"_weight":3},"geometry":{"type":"LineString","coordinates":[[135.85993,35.19295],[135.86028,35.18618]]}},{"type":"Feature","properties":{"_color":"#3388ff","_opacity":1,"_weight":3},"geometry":{"type":"LineString","coordinates":[[135.85993,35.186],[135.85815,35.17717],[135.85601,35.16599]]}},{"type":"Feature","properties":{"_color":"#3388ff","_opacity":1,"_weight":3},"geometry":{"type":"LineString","coordinates":[[135.85405,35.16295],[135.85049,35.15412],[135.84443,35.14676],[135.84158,35.14204],[135.83838,35.13586]]}},{"type":"Feature","properties":{"_color":"#3388ff","_opacity":1,"_weight":3},"geometry":{"type":"LineString","coordinates":[[135.83722,35.13269],[135.83509,35.12386]]}},{"type":"Feature","properties":{"_color":"#3388ff","_opacity":1,"_weight":3},"geometry":{"type":"LineString","coordinates":[[135.83414,35.12212],[135.83058,35.11181]]}},{"type":"Feature","properties":{"_color":"#3388ff","_opacity":1,"_weight":3},"geometry":{"type":"LineString","coordinates":[[135.82915,35.11008],[135.82524,35.10243],[135.82275,35.09683],[135.82062,35.088],[135.81956,35.08124],[135.81031,35.06651],[135.80392,35.05561],[135.80001,35.04854]]}},{"type":"Feature","properties":{"_color":"#3388ff","_opacity":1,"_weight":3},"geometry":{"type":"LineString","coordinates":[[135.7851,35.00353],[135.77906,34.99704],[135.77657,34.99292]]}},{"type":"Feature","properties":{"_color":"#3388ff","_opacity":1,"_weight":3},"geometry":{"type":"LineString","coordinates":[[135.78404,34.99558],[135.7812,34.9894],[135.77516,34.98585],[135.77303,34.97996],[135.77269,34.96849],[135.77519,34.9585],[135.77804,34.94821]]}},{"type":"Feature","properties":{"_color":"#3388ff","_opacity":1,"_weight":3},"geometry":{"type":"LineString","coordinates":[[135.77338,34.98761],[135.7709,34.97672],[135.7702,34.96789],[135.77057,34.95937]]}},{"type":"Feature","properties":{"_color":"#3388ff","_opacity":1,"_weight":3},"geometry":{"type":"LineString","coordinates":[[135.7752,34.95085],[135.77165,34.94466],[135.76668,34.93965],[135.76456,34.93435],[135.76456,34.92964],[135.76564,34.92317]]}},{"type":"Feature","properties":{"_color":"#3388ff","_opacity":1,"_weight":3},"geometry":{"type":"LineString","coordinates":[[135.76777,34.92053],[135.76991,34.91348]]}},{"type":"Feature","properties":{"_color":"#3388ff","_opacity":1,"_weight":3},"geometry":{"type":"LineString","coordinates":[[135.8395,35.00229],[135.8341,34.99858],[135.83029,34.99329]]}},{"type":"Feature","properties":{"_color":"#3388ff","_opacity":1,"_weight":3},"geometry":{"type":"LineString","coordinates":[[135.80029,34.99568],[135.80207,34.99186],[135.80172,34.98891],[135.79994,34.98421],[135.79817,34.9792],[135.79675,34.97626]]}},{"type":"Feature","properties":{"_color":"#3388ff","_opacity":1,"_weight":3},"geometry":{"type":"LineString","coordinates":[[135.8125,34.96919],[135.80681,34.96564]]}},{"type":"Feature","properties":{"_color":"#3388ff","_opacity":1,"_weight":3},"geometry":{"type":"LineString","coordinates":[[135.79584,34.97382],[135.80366,34.96707],[135.809,34.95708]]}},{"type":"Feature","properties":{"_color":"#3388ff","_opacity":1,"_weight":3},"geometry":{"type":"LineString","coordinates":[[135.81232,34.95916],[135.81694,34.95447]]}},{"type":"Feature","properties":{"_color":"#3388ff","_opacity":1,"_weight":3},"geometry":{"type":"LineString","coordinates":[[135.828,34.97327],[135.8248,34.96944]]}},{"type":"Feature","properties":{"_color":"#3388ff","_opacity":1,"_weight":3},"geometry":{"type":"LineString","coordinates":[[135.82318,34.96899],[135.81962,34.96545],[135.8182,34.96192],[135.81821,34.95721]]}},{"type":"Feature","properties":{"_color":"#3388ff","_opacity":1,"_weight":3},"geometry":{"type":"LineString","coordinates":[[135.82388,34.95951],[135.82246,34.95686]]}},{"type":"Feature","properties":{"_color":"#3388ff","_opacity":1,"_weight":3},"geometry":{"type":"LineString","coordinates":[[135.82566,34.95569],[135.82495,34.94804]]}},{"type":"Feature","properties":{"_color":"#3388ff","_opacity":1,"_weight":3},"geometry":{"type":"LineString","coordinates":[[135.81855,34.95038],[135.82033,34.94597],[135.82211,34.94333],[135.8214,34.94038]]}},{"type":"Feature","properties":{"_color":"#3388ff","_opacity":1,"_weight":3},"geometry":{"type":"LineString","coordinates":[[135.81736,34.94529],[135.81914,34.93823],[135.81879,34.93058],[135.81844,34.92646]]}},{"type":"Feature","properties":{"_color":"#3388ff","_opacity":1,"_weight":3},"geometry":{"type":"LineString","coordinates":[[135.81002,34.94215],[135.8118,34.93422],[135.81251,34.9301],[135.80967,34.92715],[135.80861,34.92303],[135.80826,34.92156]]}},{"type":"Feature","properties":{"_color":"#3388ff","_opacity":1,"_weight":3},"geometry":{"type":"LineString","coordinates":[[135.8097,34.91035],[135.8097,34.90388],[135.81006,34.89976],[135.8129,34.89124]]}},{"type":"Feature","properties":{"_color":"#3388ff","_opacity":1,"_weight":3},"geometry":{"type":"LineString","coordinates":[[135.81503,34.90095],[135.81503,34.89419]]}},{"type":"Feature","properties":{"_color":"#3388ff","_opacity":1,"_weight":3},"geometry":{"type":"LineString","coordinates":[[135.80624,34.93557],[135.80162,34.92938],[135.79949,34.92438],[135.79772,34.91819],[135.79737,34.91437]]}},{"type":"Feature","properties":{"_color":"#3388ff","_opacity":1,"_weight":3},"geometry":{"type":"LineString","coordinates":[[135.7969,34.91177],[135.7962,34.90324]]}},{"type":"Feature","properties":{"_color":"#3388ff","_opacity":1,"_weight":3},"geometry":{"type":"LineString","coordinates":[[136.94819,36.74998],[136.93591,36.74142]]}},{"type":"Feature","properties":{"_color":"#3388ff","_opacity":1,"_weight":3},"geometry":{"type":"LineString","coordinates":[[136.93048,36.73958],[136.9255,36.73298],[136.92293,36.73035],[136.92193,36.72842],[136.91837,36.72443],[136.91324,36.71907],[136.90796,36.71325],[136.90683,36.71007],[136.90512,36.70631],[136.89913,36.7022]]}},{"type":"Feature","properties":{"_color":"#3388ff","_opacity":1,"_weight":3},"geometry":{"type":"LineString","coordinates":[[136.85844,36.68809],[136.84748,36.67839],[136.83594,36.66686]]}},{"type":"Feature","properties":{"_color":"#3388ff","_opacity":1,"_weight":3},"geometry":{"type":"LineString","coordinates":[[136.85292,36.67374],[136.84381,36.66518],[136.83755,36.65845],[136.8357,36.65481],[136.83372,36.65127],[136.83201,36.64854]]}},{"type":"Feature","properties":{"_color":"#3388ff","_opacity":1,"_weight":3},"geometry":{"type":"LineString","coordinates":[[136.87473,36.62688],[136.8809,36.61635]]}},{"type":"Feature","properties":{"_color":"#3388ff","_opacity":1,"_weight":3},"geometry":{"type":"LineString","coordinates":[[136.89124,36.61631],[136.88514,36.60298],[136.88318,36.5924],[136.87734,36.58761],[136.87309,36.57793],[136.86468,36.57438]]}},{"type":"Feature","properties":{"_color":"#3388ff","_opacity":1,"_weight":3},"geometry":{"type":"LineString","coordinates":[[136.86354,36.57517],[136.85073,36.56398],[136.84136,36.5536],[136.84009,36.54939],[136.83696,36.54585],[136.83585,36.53845],[136.83161,36.52843]]}},{"type":"Feature","properties":{"_color":"#3388ff","_opacity":1,"_weight":3},"geometry":{"type":"LineString","coordinates":[[136.88525,36.61345],[136.88712,36.608]]}},{"type":"Feature","properties":{"_color":"#3388ff","_opacity":1,"_weight":3},"geometry":{"type":"LineString","coordinates":[[136.91923,36.51218],[136.91397,36.50014]]}},{"type":"Feature","properties":{"_color":"#3388ff","_opacity":1,"_weight":3},"geometry":{"type":"LineString","coordinates":[[136.95434,36.54414],[136.95066,36.53879],[136.94525,36.53468],[136.94127,36.52967]]}},{"type":"Feature","properties":{"_color":"#3388ff","_opacity":1,"_weight":3},"geometry":{"type":"LineString","coordinates":[[136.96476,36.54644],[136.96178,36.54348],[136.95879,36.5412],[136.95551,36.54028],[136.95352,36.53834],[136.95095,36.53549],[136.9491,36.5339],[136.94711,36.53241],[136.94497,36.53138]]}},{"type":"Feature","properties":{"_color":"#3388ff","_opacity":1,"_weight":3},"geometry":{"type":"LineString","coordinates":[[136.94213,36.53719],[136.93744,36.53016],[136.9331,36.52283],[136.9313,36.5161]]}},{"type":"Feature","properties":{"_color":"#3388ff","_opacity":1,"_weight":3},"geometry":{"type":"LineString","coordinates":[[140.37316,38.82852],[140.36822,38.82138],[140.36442,38.81662],[140.35949,38.81186],[140.35341,38.80827],[140.34886,38.8041],[140.34392,38.79933],[140.34089,38.79487],[140.33937,38.7919],[140.33785,38.78863]]}},{"type":"Feature","properties":{"_color":"#3388ff","_opacity":1,"_weight":3},"geometry":{"type":"LineString","coordinates":[[140.33418,38.7828],[140.33001,38.77536],[140.32545,38.76971]]}},{"type":"Feature","properties":{"_color":"#3388ff","_opacity":1,"_weight":3},"geometry":{"type":"LineString","coordinates":[[140.32054,38.76314],[140.31334,38.75184]]}},{"type":"Feature","properties":{"_color":"#3388ff","_opacity":1,"_weight":3},"geometry":{"type":"LineString","coordinates":[[140.31588,38.74226],[140.31589,38.73366],[140.31627,38.72832],[140.31628,38.72209],[140.31552,38.71942],[140.31439,38.71526],[140.31477,38.712],[140.31629,38.70103],[140.31858,38.69214],[140.32313,38.68267],[140.32731,38.67468]]}},{"type":"Feature","properties":{"_color":"#3388ff","_opacity":1,"_weight":3},"geometry":{"type":"LineString","coordinates":[[140.29806,38.73565],[140.29199,38.73058],[140.28669,38.72522],[140.28138,38.72282],[140.27684,38.71568],[140.27495,38.71033],[140.27458,38.70558],[140.27459,38.70054],[140.27459,38.69876]]}},{"type":"Feature","properties":{"_color":"#3388ff","_opacity":1,"_weight":3},"geometry":{"type":"LineString","coordinates":[[140.27489,38.69509],[140.27755,38.68887]]}},{"type":"Feature","properties":{"_color":"#3388ff","_opacity":1,"_weight":3},"geometry":{"type":"LineString","coordinates":[[140.27991,38.68662],[140.28182,38.67922],[140.28144,38.67536],[140.28259,38.67003],[140.28486,38.66766],[140.28525,38.6641],[140.28716,38.65225],[140.28716,38.64958],[140.28754,38.64483],[140.28907,38.6395],[140.29172,38.63506]]}},{"type":"Feature","properties":{"_color":"#3388ff","_opacity":1,"_weight":3},"geometry":{"type":"LineString","coordinates":[[140.69055,38.14912],[140.69728,38.14704],[140.70326,38.14556],[140.70736,38.14613],[140.71183,38.1473],[140.71593,38.14787],[140.71928,38.14786],[140.72525,38.14843],[140.72822,38.1496],[140.7327,38.15018],[140.7353,38.15164],[140.73937,38.15516],[140.7505,38.16395],[140.75643,38.16893]]}},{"type":"Feature","properties":{"_color":"#3388ff","_opacity":1,"_weight":3},"geometry":{"type":"LineString","coordinates":[[140.74513,38.18401],[140.75628,38.19133],[140.76223,38.19337],[140.76707,38.19541],[140.77713,38.19832],[140.78754,38.20446]]}},{"type":"Feature","properties":{"_color":"#3388ff","_opacity":1,"_weight":3},"geometry":{"type":"LineString","coordinates":[[140.79387,38.2069],[140.79833,38.211]]}},{"type":"Feature","properties":{"_color":"#3388ff","_opacity":1,"_weight":3},"geometry":{"type":"LineString","coordinates":[[140.75842,38.1863],[140.76332,38.17981]]}},{"type":"Feature","properties":{"_color":"#3388ff","_opacity":1,"_weight":3},"geometry":{"type":"LineString","coordinates":[[140.84629,38.19924],[140.84668,38.196],[140.84707,38.19365]]}},{"type":"Feature","properties":{"_color":"#3388ff","_opacity":1,"_weight":3},"geometry":{"type":"LineString","coordinates":[[140.84823,38.18952],[140.85087,38.18569]]}},{"type":"Feature","properties":{"_color":"#3388ff","_opacity":1,"_weight":3},"geometry":{"type":"LineString","coordinates":[[140.83209,38.2244],[140.83991,38.22702],[140.84363,38.23024],[140.84921,38.23346]]}},{"type":"Feature","properties":{"_color":"#3388ff","_opacity":1,"_weight":3},"geometry":{"type":"LineString","coordinates":[[140.8606,38.2438],[140.86729,38.24907]]}},{"type":"Feature","properties":{"_color":"#3388ff","_opacity":1,"_weight":3},"geometry":{"type":"LineString","coordinates":[[140.8515,38.21972],[140.85445,38.22501],[140.85743,38.22617],[140.8604,38.22998],[140.86263,38.23115]]}},{"type":"Feature","properties":{"_color":"#3388ff","_opacity":1,"_weight":3},"geometry":{"type":"LineString","coordinates":[[140.85775,38.21979],[140.86185,38.22213],[140.86518,38.22682],[140.87076,38.23062],[140.87485,38.23354],[140.8767,38.2356],[140.88339,38.24145]]}},{"type":"Feature","properties":{"_color":"#3388ff","_opacity":1,"_weight":3},"geometry":{"type":"LineString","coordinates":[[140.88406,38.24773],[140.88811,38.2586],[140.89332,38.26152],[140.90189,38.2656],[140.9045,38.26735],[140.90523,38.27059],[140.91043,38.27674],[140.91228,38.27879]]}},{"type":"Feature","properties":{"_color":"#3388ff","_opacity":1,"_weight":3},"geometry":{"type":"LineString","coordinates":[[140.88707,38.2456],[140.89374,38.2544],[140.90118,38.26084],[140.90787,38.2661],[140.91011,38.26815],[140.9112,38.27344],[140.91381,38.2749],[140.91679,38.27636],[140.91752,38.27871]]}},{"type":"Feature","properties":{"_color":"#3388ff","_opacity":1,"_weight":3},"geometry":{"type":"LineString","coordinates":[[140.928,38.28362],[140.93318,38.29419]]}},{"type":"Feature","properties":{"_color":"#3388ff","_opacity":1,"_weight":3},"geometry":{"type":"LineString","coordinates":[[140.93049,38.2848],[140.93459,38.28684],[140.93607,38.29066],[140.93791,38.29506]]}},{"type":"Feature","properties":{"_color":"#3388ff","_opacity":1,"_weight":3},"geometry":{"type":"LineString","coordinates":[[140.95165,38.3079],[140.95461,38.31289]]}},{"type":"Feature","properties":{"_color":"#3388ff","_opacity":1,"_weight":3},"geometry":{"type":"LineString","coordinates":[[140.95812,38.31525],[140.96147,38.31935]]}},{"type":"Feature","properties":{"_color":"#3388ff","_opacity":1,"_weight":3},"geometry":{"type":"LineString","coordinates":[[140.95732,38.32732],[140.97374,38.33488],[140.98306,38.33954]]}},{"type":"Feature","properties":{"_color":"#3388ff","_opacity":1,"_weight":3},"geometry":{"type":"LineString","coordinates":[[140.96965,38.32755],[140.97674,38.33251],[140.98234,38.33396],[140.9883,38.33863]]}},{"type":"Feature","properties":{"_color":"#3388ff","_opacity":1,"_weight":3},"geometry":{"type":"LineString","coordinates":[[140.9959,38.34616],[141.00598,38.35052],[141.01756,38.35517],[141.02241,38.35779],[141.02539,38.36101],[141.02986,38.36805],[141.03433,38.37302],[141.03656,38.37507]]}},{"type":"Feature","properties":{"_color":"#3388ff","_opacity":1,"_weight":3},"geometry":{"type":"LineString","coordinates":[[141.00209,38.35121],[141.01702,38.35878]]}},{"type":"Feature","properties":{"_color":"#3388ff","_opacity":1,"_weight":3},"geometry":{"type":"LineString","coordinates":[[136.73715,36.6713],[136.7353,36.66833]]}},{"type":"Feature","properties":{"_color":"#3388ff","_opacity":1,"_weight":3},"geometry":{"type":"LineString","coordinates":[[136.73345,36.66564],[136.72384,36.65492],[136.7194,36.64956],[136.71423,36.64241],[136.71165,36.63794],[136.70832,36.63317],[136.70056,36.62573],[136.69317,36.61918],[136.68837,36.61352],[136.68579,36.60905],[136.68357,36.60517],[136.68099,36.59891],[136.68026,36.59533]]}},{"type":"Feature","properties":{"_color":"#3388ff","_opacity":1,"_weight":3},"geometry":{"type":"LineString","coordinates":[[136.67841,36.59354],[136.67694,36.58728]]}},{"type":"Feature","properties":{"_color":"#3388ff","_opacity":1,"_weight":3},"geometry":{"type":"LineString","coordinates":[[136.67015,36.592],[136.66868,36.58872]]}},{"type":"Feature","properties":{"_color":"#3388ff","_opacity":1,"_weight":3},"geometry":{"type":"LineString","coordinates":[[136.66757,36.58604],[136.66388,36.58008],[136.65687,36.57293],[136.65244,36.56846],[136.65171,36.56607],[136.65023,36.56249],[136.64766,36.55653],[136.64397,36.55236],[136.64176,36.54848],[136.64066,36.54401],[136.63992,36.54102],[136.64067,36.53476],[136.64031,36.5273],[136.63958,36.52313],[136.637,36.51985]]}},{"type":"Feature","properties":{"_color":"#3388ff","_opacity":1,"_weight":3},"geometry":{"type":"LineString","coordinates":[[136.65743,36.52764],[136.66961,36.53002],[136.67958,36.53]]}},{"type":"Feature","properties":{"_color":"#3388ff","_opacity":1,"_weight":3},"geometry":{"type":"LineString","coordinates":[[136.63492,36.51574],[136.63345,36.51335]]}},{"type":"Feature","properties":{"_color":"#3388ff","_opacity":1,"_weight":3},"geometry":{"type":"LineString","coordinates":[[136.63381,36.52081],[136.62975,36.51455]]}},{"type":"Feature","properties":{"_color":"#3388ff","_opacity":1,"_weight":3},"geometry":{"type":"LineString","coordinates":[[136.62865,36.51246],[136.62203,36.49874],[136.61651,36.48771],[136.61394,36.48115],[136.61248,36.4734],[136.61249,36.46654],[136.6125,36.46266]]}},{"type":"Feature","properties":{"_color":"#3388ff","_opacity":1,"_weight":3},"geometry":{"type":"LineString","coordinates":[[136.54487,35.30713],[136.54556,35.30108]]}},{"type":"Feature","properties":{"_color":"#3388ff","_opacity":1,"_weight":3},"geometry":{"type":"LineString","coordinates":[[136.54913,35.30137],[136.55372,35.28926]]}},{"type":"Feature","properties":{"_color":"#3388ff","_opacity":1,"_weight":3},"geometry":{"type":"LineString","coordinates":[[136.55835,35.28782],[136.55974,35.27917]]}},{"type":"Feature","properties":{"_color":"#3388ff","_opacity":1,"_weight":3},"geometry":{"type":"LineString","coordinates":[[136.56366,35.27802],[136.56578,35.27283],[136.56612,35.26908]]}},{"type":"Feature","properties":{"_color":"#3388ff","_opacity":1,"_weight":3},"geometry":{"type":"LineString","coordinates":[[136.56609,35.25985],[136.56785,35.25178]]}},{"type":"Feature","properties":{"_color":"#3388ff","_opacity":1,"_weight":3},"geometry":{"type":"LineString","coordinates":[[136.56288,35.25783],[136.56535,35.24947],[136.56711,35.24457]]}},{"type":"Feature","properties":{"_color":"#3388ff","_opacity":1,"_weight":3},"geometry":{"type":"LineString","coordinates":[[136.57754,35.24804],[136.58286,35.24054],[136.58819,35.23679],[136.59457,35.23131],[136.59741,35.22872],[136.60274,35.22641],[136.60772,35.22526],[136.61128,35.22324],[136.6134,35.21949],[136.61658,35.21372],[136.62082,35.20565],[136.62329,35.19988],[136.62539,35.19354],[136.62822,35.1869],[136.62962,35.18258]]}},{"type":"Feature","properties":{"_color":"#3388ff","_opacity":1,"_weight":3},"geometry":{"type":"LineString","coordinates":[[136.6143,35.20161],[136.61784,35.19873],[136.6196,35.19296],[136.62384,35.18633],[136.62419,35.18489]]}},{"type":"Feature","properties":{"_color":"#3388ff","_opacity":1,"_weight":3},"geometry":{"type":"LineString","coordinates":[[136.63186,35.17702],[136.63467,35.16895]]}},{"type":"Feature","properties":{"_color":"#3388ff","_opacity":1,"_weight":3},"geometry":{"type":"LineString","coordinates":[[136.62078,35.12952],[136.63111,35.13471],[136.63468,35.13702]]}},{"type":"Feature","properties":{"_color":"#3388ff","_opacity":1,"_weight":3},"geometry":{"type":"LineString","coordinates":[[136.62362,35.12837],[136.62145,35.11827]]}},{"type":"Feature","properties":{"_color":"#3388ff","_opacity":1,"_weight":3},"geometry":{"type":"LineString","coordinates":[[136.62392,35.11308],[136.61922,35.09318],[136.61597,35.0802]]}},{"type":"Feature","properties":{"_color":"#3388ff","_opacity":1,"_weight":3},"geometry":{"type":"LineString","coordinates":[[136.66404,35.09387],[136.66792,35.08695],[136.67217,35.08262]]}},{"type":"Feature","properties":{"_color":"#3388ff","_opacity":1,"_weight":3},"geometry":{"type":"LineString","coordinates":[[136.67373,35.08021],[136.67473,35.06694]]}},{"type":"Feature","properties":{"_color":"#3388ff","_opacity":1,"_weight":3},"geometry":{"type":"LineString","coordinates":[[136.66841,35.07297],[136.66658,35.06086]]}},{"type":"Feature","properties":{"_color":"#3388ff","_opacity":1,"_weight":3},"geometry":{"type":"LineString","coordinates":[[136.66246,35.06708],[136.66349,35.059]]}},{"type":"Feature","properties":{"_color":"#3388ff","_opacity":1,"_weight":3},"geometry":{"type":"LineString","coordinates":[[136.67678,35.07341],[136.67638,35.06331],[136.67494,35.06101]]}},{"type":"Feature","properties":{"_color":"#3388ff","_opacity":1,"_weight":3},"geometry":{"type":"LineString","coordinates":[[136.67912,35.07056],[136.67907,35.05931]]}},{"type":"Feature","properties":{"_color":"#3388ff","_opacity":1,"_weight":3},"geometry":{"type":"LineString","coordinates":[[136.67488,35.08946],[136.67699,35.08427],[136.68014,35.07417],[136.68187,35.06437],[136.68218,35.05514],[136.67894,35.04505]]}},{"type":"Feature","properties":{"_color":"#3388ff","_opacity":1,"_weight":3},"geometry":{"type":"LineString","coordinates":[[136.65479,35.03921],[136.64587,35.03142]]}},{"type":"Feature","properties":{"_color":"#3388ff","_opacity":1,"_weight":3},"geometry":{"type":"LineString","coordinates":[[136.67433,35.04223],[136.66223,35.03445],[136.65227,35.03157],[136.64266,35.02667],[136.63803,35.02205],[136.63553,35.01859],[136.63515,35.01311],[136.63372,35.00936],[136.63085,35.0036],[136.63048,34.9984],[136.63187,34.99177]]}},{"type":"Feature","properties":{"_color":"#3388ff","_opacity":1,"_weight":3},"geometry":{"type":"LineString","coordinates":[[136.63167,35.00681],[136.63525,35.0146]]}},{"type":"Feature","properties":{"_color":"#3388ff","_opacity":1,"_weight":3},"geometry":{"type":"LineString","coordinates":[[136.618,35.00054],[136.6155,34.99535],[136.61549,34.99276],[136.62468,34.98209]]}},{"type":"Feature","properties":{"_color":"#3388ff","_opacity":1,"_weight":3},"geometry":{"type":"LineString","coordinates":[[136.59696,35.011],[136.5987,35.00235],[136.59903,34.99542],[136.5983,34.9885],[136.59508,34.98101],[136.59435,34.97581],[136.59398,34.97091],[136.59323,34.96168],[136.59355,34.95072],[136.59387,34.94034],[136.59346,34.92477],[136.59306,34.91179],[136.59304,34.90516]]}},{"type":"Feature","properties":{"_color":"#3388ff","_opacity":1,"_weight":3},"geometry":{"type":"LineString","coordinates":[[140.64605,41.9269],[140.64565,41.9236],[140.64389,41.9221],[140.64037,41.92],[140.63938,41.91775],[140.63937,41.91355],[140.63935,41.90965],[140.63836,41.9056],[140.63718,41.90154],[140.63442,41.89464],[140.63284,41.88849],[140.63165,41.88339],[140.63027,41.87679],[140.62889,41.87229],[140.6279,41.87019],[140.62653,41.86718],[140.62613,41.86418],[140.62651,41.85983],[140.62727,41.85444],[140.6294,41.84844],[140.63289,41.84139],[140.63386,41.83779],[140.63405,41.83524],[140.63286,41.83104],[140.62855,41.82489]]}},{"type":"Feature","properties":{"_color":"#3388ff","_opacity":1,"_weight":3},"geometry":{"type":"LineString","coordinates":[[140.61898,41.8946],[140.61663,41.89175],[140.61506,41.88949],[140.61486,41.88694],[140.61524,41.88349]]}},{"type":"Feature","properties":{"_color":"#3388ff","_opacity":1,"_weight":3},"geometry":{"type":"LineString","coordinates":[[140.61365,41.89379],[140.61266,41.89019],[140.61207,41.88629],[140.61265,41.88359],[140.61381,41.88089],[140.61437,41.87234]]}},{"type":"Feature","properties":{"_color":"#3388ff","_opacity":1,"_weight":3},"geometry":{"type":"LineString","coordinates":[[140.60617,41.88803],[140.60635,41.88083]]}},{"type":"Feature","properties":{"_color":"#3388ff","_opacity":1,"_weight":3},"geometry":{"type":"LineString","coordinates":[[140.61286,41.86806],[140.61324,41.86341],[140.61225,41.85981],[140.61127,41.85756],[140.61048,41.85561],[140.61086,41.85321],[140.6128,41.84887],[140.61592,41.84482],[140.61611,41.84317],[140.61747,41.84092],[140.61785,41.83957],[140.61764,41.83342],[140.61743,41.82847],[140.61585,41.82337],[140.61389,41.82037],[140.61291,41.81767],[140.61232,41.81526],[140.6127,41.81272],[140.61562,41.80942],[140.61892,41.80522]]}},{"type":"Feature","properties":{"_color":"#3388ff","_opacity":1,"_weight":3},"geometry":{"type":"LineString","coordinates":[[140.60507,41.85268],[140.60819,41.84953]]}},{"type":"Feature","properties":{"_color":"#3388ff","_opacity":1,"_weight":3},"geometry":{"type":"LineString","coordinates":[[140.60034,41.85462],[140.60755,41.84773],[140.60871,41.84548],[140.61047,41.84309],[140.61261,41.84219],[140.61378,41.84099],[140.61436,41.83964],[140.61259,41.83484],[140.61023,41.82779]]}},{"type":"Feature","properties":{"_color":"#3388ff","_opacity":1,"_weight":3},"geometry":{"type":"LineString","coordinates":[[140.60343,41.8112],[140.61121,41.80416],[140.61724,41.79726]]}},{"type":"Feature","properties":{"_color":"#3388ff","_opacity":1,"_weight":3},"geometry":{"type":"LineString","coordinates":[[140.62696,41.79385],[140.62966,41.78471],[140.63099,41.77481]]}},{"type":"Feature","properties":{"_color":"#3388ff","_opacity":1,"_weight":3},"geometry":{"type":"LineString","coordinates":[[140.62174,41.7442],[140.62328,41.73895]]}},{"type":"Feature","properties":{"_color":"#3388ff","_opacity":1,"_weight":3},"geometry":{"type":"LineString","coordinates":[[140.62506,41.7448],[140.62892,41.73251]]}},{"type":"Feature","properties":{"_color":"#3388ff","_opacity":1,"_weight":3},"geometry":{"type":"LineString","coordinates":[[140.61038,41.72154],[140.61053,41.70894]]}},{"type":"Feature","properties":{"_color":"#3388ff","_opacity":1,"_weight":3},"geometry":{"type":"LineString","coordinates":[[135.08649,34.801],[135.09536,34.80395],[135.10458,34.80573],[135.11664,34.80723],[135.12658,34.8096],[135.13225,34.81078],[135.14609,34.8117],[135.15425,34.81172],[135.16206,34.81349],[135.17341,34.81381],[135.18404,34.81179]]}},{"type":"Feature","properties":{"_color":"#3388ff","_opacity":1,"_weight":3},"geometry":{"type":"LineString","coordinates":[[135.17588,34.80681],[135.18723,34.80625],[135.19751,34.80423]]}},{"type":"Feature","properties":{"_color":"#3388ff","_opacity":1,"_weight":3},"geometry":{"type":"LineString","coordinates":[[135.20673,34.80542],[135.23298,34.80489]]}},{"type":"Feature","properties":{"_color":"#3388ff","_opacity":1,"_weight":3},"geometry":{"type":"LineString","coordinates":[[135.10668,34.77011],[135.11484,34.77393],[135.12194,34.77745],[135.12796,34.77893],[135.13222,34.77836],[135.13896,34.7775],[135.14782,34.77723],[135.15349,34.77725],[135.15952,34.77756],[135.17122,34.77876],[135.17974,34.78141],[135.18684,34.78435],[135.1918,34.78611],[135.2021,34.79168]]}},{"type":"Feature","properties":{"_color":"#3388ff","_opacity":1,"_weight":3},"geometry":{"type":"LineString","coordinates":[[135.19727,34.783],[135.20473,34.78652],[135.21147,34.79151],[135.21432,34.79443],[135.21716,34.79561],[135.22141,34.79591]]}},{"type":"Feature","properties":{"_color":"#3388ff","_opacity":1,"_weight":3},"geometry":{"type":"LineString","coordinates":[[135.16269,34.76209],[135.17475,34.76621],[135.18398,34.77061],[135.18894,34.77384],[135.19534,34.78028]]}},{"type":"Feature","properties":{"_color":"#3388ff","_opacity":1,"_weight":3},"geometry":{"type":"LineString","coordinates":[[135.14302,34.75961],[135.15117,34.76021],[135.15613,34.75993],[135.16251,34.75907],[135.17031,34.75822],[135.17953,34.75941],[135.18875,34.76031],[135.19726,34.76179],[135.204,34.76443],[135.20755,34.76619],[135.21535,34.76942],[135.22209,34.7709],[135.23026,34.77413],[135.23807,34.77794],[135.24481,34.78233],[135.25192,34.78702],[135.25546,34.78761],[135.25901,34.78791],[135.26221,34.79025],[135.27216,34.79903]]}},{"type":"Feature","properties":{"_color":"#3388ff","_opacity":1,"_weight":3},"geometry":{"type":"LineString","coordinates":[[135.20781,34.76727],[135.21279,34.77575],[135.21634,34.78043],[135.21955,34.78949],[135.22417,34.79067],[135.23516,34.79098],[135.24509,34.791]]}},{"type":"Feature","properties":{"_color":"#3388ff","_opacity":1,"_weight":3},"geometry":{"type":"LineString","coordinates":[[135.21818,34.7702],[135.2434,34.78894]]}},{"type":"Feature","properties":{"_color":"#3388ff","_opacity":1,"_weight":3},"geometry":{"type":"LineString","coordinates":[[135.25104,34.79441],[135.25956,34.79735],[135.26986,34.80087],[135.28476,34.8044],[135.30322,34.80764],[135.31245,34.81029],[135.32062,34.81293],[135.32417,34.8141],[135.33872,34.81499],[135.35185,34.81734],[135.3664,34.82028]]}},{"type":"Feature","properties":{"_color":"#3388ff","_opacity":1,"_weight":3},"geometry":{"type":"LineString","coordinates":[[135.33589,34.81966],[135.34334,34.82026]]}},{"type":"Feature","properties":{"_color":"#3388ff","_opacity":1,"_weight":3},"geometry":{"type":"LineString","coordinates":[[135.34616,34.81354],[135.35113,34.81413]]}},{"type":"Feature","properties":{"_color":"#3388ff","_opacity":1,"_weight":3},"geometry":{"type":"LineString","coordinates":[[135.25496,34.79939],[135.2617,34.79911]]}},{"type":"Feature","properties":{"_color":"#3388ff","_opacity":1,"_weight":3},"geometry":{"type":"LineString","coordinates":[[135.34221,34.80868],[135.35322,34.81249],[135.36494,34.81746],[135.37383,34.82039]]}},{"type":"Feature","properties":{"_color":"#3388ff","_opacity":1,"_weight":3},"geometry":{"type":"LineString","coordinates":[[135.38547,34.821],[135.39399,34.82334],[135.39896,34.82334],[135.40641,34.82481]]}},{"type":"Feature","properties":{"_color":"#3388ff","_opacity":1,"_weight":3},"geometry":{"type":"LineString","coordinates":[[135.39708,34.8167],[135.40739,34.82197]]}},{"type":"Feature","properties":{"_color":"#3388ff","_opacity":1,"_weight":3},"geometry":{"type":"LineString","coordinates":[[135.41884,34.82791],[135.43179,34.82953],[135.43889,34.82997],[135.44723,34.83099],[135.45683,34.83362],[135.46571,34.83552],[135.47511,34.83581],[135.48062,34.83698],[135.49235,34.84092],[135.49981,34.8437],[135.50603,34.84486],[135.51508,34.8453],[135.52536,34.84413]]}},{"type":"Feature","properties":{"_color":"#3388ff","_opacity":1,"_weight":3},"geometry":{"type":"LineString","coordinates":[[135.46085,34.83584],[135.46976,34.84299]]}},{"type":"Feature","properties":{"_color":"#3388ff","_opacity":1,"_weight":3},"geometry":{"type":"LineString","coordinates":[[135.5019,34.84822],[135.50883,34.85012],[135.51344,34.85027]]}},{"type":"Feature","properties":{"_color":"#3388ff","_opacity":1,"_weight":3},"geometry":{"type":"LineString","coordinates":[[135.43277,34.8266],[135.44218,34.82734],[135.44733,34.82851],[135.45159,34.82836],[135.45602,34.82851],[135.4594,34.82909],[135.46792,34.82969],[135.47431,34.83053],[135.48258,34.83197],[135.48807,34.83272]]}},{"type":"Feature","properties":{"_color":"#3388ff","_opacity":1,"_weight":3},"geometry":{"type":"LineString","coordinates":[[135.49312,34.83333],[135.50325,34.83552],[135.50928,34.83581],[135.51797,34.83566],[135.52276,34.83581],[135.52915,34.83595],[135.5391,34.83741],[135.54567,34.83872]]}},{"type":"Feature","properties":{"_color":"#3388ff","_opacity":1,"_weight":3},"geometry":{"type":"LineString","coordinates":[[135.50536,34.8326],[135.51263,34.83143],[135.52007,34.8304],[135.52468,34.8304],[135.52806,34.83084],[135.53445,34.83215],[135.54369,34.83419],[135.54919,34.83492],[135.55257,34.83535]]}},{"type":"Feature","properties":{"_color":"#3388ff","_opacity":1,"_weight":3},"geometry":{"type":"LineString","coordinates":[[135.53965,34.84076],[135.54959,34.84149],[135.55367,34.84163],[135.55971,34.84309],[135.56399,34.84557],[135.56826,34.84819],[135.57271,34.84994],[135.57697,34.85009],[135.57999,34.85067],[135.58248,34.85286],[135.58675,34.85314],[135.59296,34.85343],[135.59776,34.85503],[135.60237,34.85474],[135.60503,34.85517],[135.60966,34.85677],[135.61499,34.85779],[135.61784,34.85925]]}},{"type":"Feature","properties":{"_color":"#3388ff","_opacity":1,"_weight":3},"geometry":{"type":"LineString","coordinates":[[135.55987,34.84017],[135.57196,34.84469],[135.57819,34.84673],[135.58351,34.84731],[135.59044,34.84803],[135.59435,34.8489],[135.60162,34.84919],[135.60802,34.85093]]}},{"type":"Feature","properties":{"_color":"#3388ff","_opacity":1,"_weight":3},"geometry":{"type":"LineString","coordinates":[[135.61783,34.85706],[135.63224,34.86244],[135.63686,34.86317],[135.64167,34.86594],[135.6481,34.87133],[135.65257,34.87556],[135.65562,34.87994],[135.65778,34.88446],[135.66064,34.88781],[135.66386,34.89044],[135.66956,34.8932],[135.67454,34.8948],[135.6829,34.89683]]}},{"type":"Feature","properties":{"_color":"#3388ff","_opacity":1,"_weight":3},"geometry":{"type":"LineString","coordinates":[[141.0886,39.63569],[141.08864,39.6306],[141.08905,39.62693],[141.09022,39.62425],[141.08946,39.62297],[141.09044,39.6193],[141.09085,39.61605],[141.09089,39.61012],[141.08976,39.60687],[141.08922,39.60305],[141.08944,39.59881],[141.0885,39.59542],[141.08834,39.59189],[141.08799,39.58723],[141.08763,39.58384]]}},{"type":"Feature","properties":{"_color":"#3388ff","_opacity":1,"_weight":3},"geometry":{"type":"LineString","coordinates":[[141.08739,39.59047],[141.08358,39.58694],[141.08186,39.58567],[141.0794,39.58185]]}},{"type":"Feature","properties":{"_color":"#3388ff","_opacity":1,"_weight":3},"geometry":{"type":"LineString","coordinates":[[141.08569,39.62959],[141.08555,39.62461]]}},{"type":"Feature","properties":{"_color":"#3388ff","_opacity":1,"_weight":3},"geometry":{"type":"LineString","coordinates":[[141.08367,39.62434],[141.08375,39.61357]]}},{"type":"Feature","properties":{"_color":"#3388ff","_opacity":1,"_weight":3},"geometry":{"type":"LineString","coordinates":[[141.08195,39.57586],[141.07801,39.57106]]}},{"type":"Feature","properties":{"_color":"#3388ff","_opacity":1,"_weight":3},"geometry":{"type":"LineString","coordinates":[[141.10573,39.52006],[141.10762,39.52228],[141.10836,39.52508],[141.11041,39.5273],[141.11279,39.53067],[141.11196,39.53365],[141.10898,39.54026],[141.10573,39.54463],[141.10106,39.54914],[141.09762,39.55092],[141.09163,39.55384],[141.08843,39.55542],[141.08556,39.55676],[141.0845,39.55898],[141.08376,39.56291],[141.0831,39.56475]]}},{"type":"Feature","properties":{"_color":"#3388ff","_opacity":1,"_weight":3},"geometry":{"type":"LineString","coordinates":[[141.08231,39.57001],[141.07894,39.56362]]}},{"type":"Feature","properties":{"_color":"#3388ff","_opacity":1,"_weight":3},"geometry":{"type":"LineString","coordinates":[[141.08816,39.55127],[141.09179,39.54531]]}},{"type":"Feature","properties":{"_color":"#3388ff","_opacity":1,"_weight":3},"geometry":{"type":"LineString","coordinates":[[141.09652,39.54476],[141.0996,39.53619]]}},{"type":"Feature","properties":{"_color":"#3388ff","_opacity":1,"_weight":3},"geometry":{"type":"LineString","coordinates":[[141.10061,39.52512],[141.10049,39.5148],[141.09956,39.51262]]}},{"type":"Feature","properties":{"_color":"#3388ff","_opacity":1,"_weight":3},"geometry":{"type":"LineString","coordinates":[[141.09995,39.51001],[141.09771,39.50637]]}},{"type":"Feature","properties":{"_color":"#3388ff","_opacity":1,"_weight":3},"geometry":{"type":"LineString","coordinates":[[141.10067,39.50822],[141.09917,39.50589]]}},{"type":"Feature","properties":{"_color":"#3388ff","_opacity":1,"_weight":3},"geometry":{"type":"LineString","coordinates":[[141.0968,39.49954],[141.09628,39.49315]]}},{"type":"Feature","properties":{"_color":"#3388ff","_opacity":1,"_weight":3},"geometry":{"type":"LineString","coordinates":[[141.09696,39.54882],[141.09926,39.54438],[141.10311,39.53987],[141.10418,39.53746],[141.10467,39.53505],[141.10532,39.53162],[141.10589,39.52861],[141.10688,39.52667],[141.10623,39.52317],[141.10368,39.51987],[141.10442,39.51524],[141.10483,39.51314],[141.10532,39.51073],[141.10614,39.50399]]}},{"type":"Feature","properties":{"_color":"#3388ff","_opacity":1,"_weight":3},"geometry":{"type":"LineString","coordinates":[[141.1081,39.53773],[141.10944,39.53541]]}},{"type":"Feature","properties":{"_color":"#3388ff","_opacity":1,"_weight":3},"geometry":{"type":"LineString","coordinates":[[141.10999,39.53245],[141.11001,39.52925]]}},{"type":"Feature","properties":{"_color":"#3388ff","_opacity":1,"_weight":3},"geometry":{"type":"LineString","coordinates":[[141.10886,39.50914],[141.11135,39.50507],[141.1123,39.50318],[141.11232,39.50027],[141.1114,39.49679],[141.1101,39.49272],[141.10596,39.48938],[141.10426,39.48656],[141.10336,39.483],[141.10287,39.48078],[141.10114,39.47944],[141.10049,39.47671]]}},{"type":"Feature","properties":{"_color":"#3388ff","_opacity":1,"_weight":3},"geometry":{"type":"LineString","coordinates":[[141.09885,39.4715],[141.0942,39.46622]]}},{"type":"Feature","properties":{"_color":"#3388ff","_opacity":1,"_weight":3},"geometry":{"type":"LineString","coordinates":[[141.08945,39.46888],[141.08555,39.45769]]}},{"type":"Feature","properties":{"_color":"#3388ff","_opacity":1,"_weight":3},"geometry":{"type":"LineString","coordinates":[[141.10117,39.46976],[141.0959,39.46482],[141.09138,39.46191],[141.08744,39.45697]]}},{"type":"Feature","properties":{"_color":"#3388ff","_opacity":1,"_weight":3},"geometry":{"type":"LineString","coordinates":[[141.09047,39.45741],[141.08484,39.45057]]}},{"type":"Feature","properties":{"_color":"#3388ff","_opacity":1,"_weight":3},"geometry":{"type":"LineString","coordinates":[[141.0801,39.45144],[141.0752,39.44984],[141.07256,39.44795],[141.07032,39.44374],[141.066,39.4401],[141.0611,39.43749],[141.06035,39.43574],[141.0602,39.43037],[141.06061,39.42731],[141.06082,39.42397],[141.05988,39.42237],[141.05668,39.42092],[141.0531,39.41932],[141.0516,39.41801],[141.05123,39.41612],[141.05126,39.41205],[141.04995,39.41031],[141.04582,39.40638],[141.04149,39.40391],[141.03772,39.40274]]}},{"type":"Feature","properties":{"_color":"#3388ff","_opacity":1,"_weight":3},"geometry":{"type":"LineString","coordinates":[[141.02802,39.39961],[141.01521,39.39422]]}},{"type":"Feature","properties":{"_color":"#3388ff","_opacity":1,"_weight":3},"geometry":{"type":"LineString","coordinates":[[140.96843,39.32025],[140.96903,39.31691],[140.97037,39.3143],[140.97133,39.31284]]}},{"type":"Feature","properties":{"_color":"#3388ff","_opacity":1,"_weight":3},"geometry":{"type":"LineString","coordinates":[[140.98394,39.36883],[140.98284,39.36462],[140.98325,39.36128],[140.98347,39.35721]]}},{"type":"Feature","properties":{"_color":"#3388ff","_opacity":1,"_weight":3},"geometry":{"type":"LineString","coordinates":[[140.97595,39.28527],[140.97714,39.2783],[140.97643,39.27365],[140.97645,39.27016],[140.97802,39.26319],[140.97808,39.25621],[140.97961,39.25389],[140.97931,39.24459]]}},{"type":"Feature","properties":{"_color":"#3388ff","_opacity":1,"_weight":3},"geometry":{"type":"LineString","coordinates":[[140.98147,39.27976],[140.9815,39.27583],[140.98227,39.2738],[140.98305,39.27119],[140.98269,39.26929],[140.98177,39.26639]]}},{"type":"Feature","properties":{"_color":"#3388ff","_opacity":1,"_weight":3},"geometry":{"type":"LineString","coordinates":[[140.98513,39.27017],[140.98573,39.26683],[140.98424,39.26465],[140.98275,39.26232],[140.98296,39.25971],[140.98373,39.25782],[140.9845,39.25564],[140.9849,39.2523]]}},{"type":"Feature","properties":{"_color":"#3388ff","_opacity":1,"_weight":3},"geometry":{"type":"LineString","coordinates":[[140.98692,39.28252],[140.98942,39.27715],[140.98963,39.27395],[140.98985,39.27003],[140.99026,39.26596],[140.99014,39.25768],[140.99018,39.25332],[140.98888,39.25012],[140.98534,39.24532]]}},{"type":"Feature","properties":{"_color":"#3388ff","_opacity":1,"_weight":3},"geometry":{"type":"LineString","coordinates":[[140.98984,39.23705],[140.98707,39.23079]]}},{"type":"Feature","properties":{"_color":"#3388ff","_opacity":1,"_weight":3},"geometry":{"type":"LineString","coordinates":[[140.99698,39.25231],[140.99701,39.24781],[140.99706,39.24243],[140.99784,39.23894],[140.99899,39.23691],[141.00449,39.23285],[141.00771,39.23082],[141.01038,39.22733],[141.01248,39.22326],[141.01515,39.22051],[141.02008,39.21673],[141.02141,39.21485],[141.02503,39.21005],[141.02787,39.20802],[141.02996,39.20643],[141.03129,39.20541],[141.03186,39.2041],[141.03263,39.20178],[141.03321,39.20032],[141.0353,39.19829],[141.0372,39.1964],[141.0395,39.19161],[141.04064,39.18987],[141.04103,39.18827],[141.04142,39.18609],[141.04182,39.18333],[141.04203,39.181],[141.04374,39.17824],[141.04452,39.17548],[141.04493,39.17083],[141.04496,39.16706],[141.0444,39.16575],[141.04216,39.16328],[141.04104,39.16153],[141.04086,39.15993],[141.04163,39.1579],[141.04335,39.15528],[141.0443,39.15369],[141.04453,39.14889],[141.04474,39.14555],[141.04476,39.14293],[141.04402,39.1409],[141.04198,39.13639],[141.04031,39.13392],[141.03958,39.13029],[141.03904,39.12709],[141.03831,39.12404],[141.03796,39.12084],[141.03911,39.1175],[141.03951,39.11387],[141.03954,39.11038],[141.04051,39.10646],[141.04072,39.10326],[141.04225,39.10036],[141.04566,39.09774],[141.04963,39.09556],[141.05284,39.09368],[141.05492,39.09222],[141.05777,39.08787],[141.06043,39.08496],[141.06233,39.08235],[141.06348,39.07944],[141.06521,39.07407],[141.06656,39.06971]]}},{"type":"Feature","properties":{"_color":"#3388ff","_opacity":1,"_weight":3},"geometry":{"type":"LineString","coordinates":[[140.97653,39.21954],[140.97789,39.21402],[140.97813,39.20835],[140.9776,39.20428],[140.9767,39.19905]]}},{"type":"Feature","properties":{"_color":"#3388ff","_opacity":1,"_weight":3},"geometry":{"type":"LineString","coordinates":[[141.00332,39.2302],[141.00657,39.22468],[141.00791,39.22148],[141.0087,39.21741],[141.00835,39.21407],[141.008,39.21015],[141.00858,39.20884],[141.01086,39.20666],[141.01389,39.20492],[141.01635,39.20391],[141.01957,39.20188],[141.02166,39.19926],[141.02243,39.19694],[141.0234,39.1936],[141.02399,39.19011]]}},{"type":"Feature","properties":{"_color":"#3388ff","_opacity":1,"_weight":3},"geometry":{"type":"LineString","coordinates":[[140.97422,39.18035],[140.97956,39.1731],[140.98147,39.16947],[140.98263,39.1654]]}},{"type":"Feature","properties":{"_color":"#3388ff","_opacity":1,"_weight":3},"geometry":{"type":"LineString","coordinates":[[140.97878,39.17295],[140.97846,39.16612]]}},{"type":"Feature","properties":{"_color":"#3388ff","_opacity":1,"_weight":3},"geometry":{"type":"LineString","coordinates":[[140.9833,39.19533],[140.98693,39.18967]]}},{"type":"Feature","properties":{"_color":"#3388ff","_opacity":1,"_weight":3},"geometry":{"type":"LineString","coordinates":[[140.98844,39.18744],[140.98269,39.17566]]}},{"type":"Feature","properties":{"_color":"#3388ff","_opacity":1,"_weight":3},"geometry":{"type":"LineString","coordinates":[[140.98819,39.19708],[140.99181,39.19215],[140.99315,39.18997],[140.99317,39.18764],[140.99319,39.18474],[140.99396,39.18328],[140.99361,39.17994],[140.99306,39.17791],[140.99194,39.17573],[140.99197,39.17267],[140.99221,39.16613]]}},{"type":"Feature","properties":{"_color":"#3388ff","_opacity":1,"_weight":3},"geometry":{"type":"LineString","coordinates":[[140.99571,39.19956],[140.99633,39.19259]]}},{"type":"Feature","properties":{"_color":"#3388ff","_opacity":1,"_weight":3},"geometry":{"type":"LineString","coordinates":[[140.9975,39.18736],[140.9968,39.18111]]}},{"type":"Feature","properties":{"_color":"#3388ff","_opacity":1,"_weight":3},"geometry":{"type":"LineString","coordinates":[[140.99915,39.19317],[140.99976,39.18838]]}},{"type":"Feature","properties":{"_color":"#3388ff","_opacity":1,"_weight":3},"geometry":{"type":"LineString","coordinates":[[141.00076,39.19586],[141.00248,39.19194],[141.00289,39.18889],[141.00293,39.18395],[141.00181,39.18191],[141.00052,39.17857],[141.00055,39.17464],[140.99946,39.17028],[140.99873,39.16665],[140.99838,39.16403],[140.99595,39.16069]]}},{"type":"Feature","properties":{"_color":"#3388ff","_opacity":1,"_weight":3},"geometry":{"type":"LineString","coordinates":[[141.00726,39.16862],[141.00805,39.16455],[141.00808,39.1602],[141.00812,39.15613],[141.00702,39.1522]]}},{"type":"Feature","properties":{"_color":"#3388ff","_opacity":1,"_weight":3},"geometry":{"type":"LineString","coordinates":[[141.0177,39.18345],[141.01681,39.17706],[141.01684,39.17241],[141.0163,39.16994],[141.01481,39.16761],[141.01333,39.1634],[141.0128,39.15933],[141.01245,39.15642],[141.01247,39.1538],[141.01285,39.1525]]}},{"type":"Feature","properties":{"_color":"#3388ff","_opacity":1,"_weight":3},"geometry":{"type":"LineString","coordinates":[[141.02106,39.18709],[141.02036,39.18084]]}},{"type":"Feature","properties":{"_color":"#3388ff","_opacity":1,"_weight":3},"geometry":{"type":"LineString","coordinates":[[141.01946,39.17459],[141.01917,39.16355]]}},{"type":"Feature","properties":{"_color":"#3388ff","_opacity":1,"_weight":3},"geometry":{"type":"LineString","coordinates":[[141.02355,39.18157],[141.0232,39.17837]]}},{"type":"Feature","properties":{"_color":"#3388ff","_opacity":1,"_weight":3},"geometry":{"type":"LineString","coordinates":[[141.02246,39.17634],[141.02248,39.17445],[141.02307,39.17154],[141.02253,39.16791],[141.02181,39.16355]]}},{"type":"Feature","properties":{"_color":"#3388ff","_opacity":1,"_weight":3},"geometry":{"type":"LineString","coordinates":[[141.02932,39.16733],[141.02898,39.16269]]}},{"type":"Feature","properties":{"_color":"#3388ff","_opacity":1,"_weight":3},"geometry":{"type":"LineString","coordinates":[[141.03722,39.1685],[141.03839,39.16313]]}},{"type":"Feature","properties":{"_color":"#3388ff","_opacity":1,"_weight":3},"geometry":{"type":"LineString","coordinates":[[141.03275,39.1871],[141.03865,39.17839]]}},{"type":"Feature","properties":{"_color":"#3388ff","_opacity":1,"_weight":3},"geometry":{"type":"LineString","coordinates":[[135.68055,34.87856],[135.68161,34.87273],[135.68624,34.86806],[135.68944,34.86544],[135.69051,34.86339],[135.69015,34.85902],[135.69086,34.8561],[135.69157,34.85377],[135.69156,34.84969],[135.69263,34.84706],[135.69583,34.84181],[135.69654,34.84035],[135.69511,34.83627],[135.69048,34.82694],[135.68371,34.81673],[135.68157,34.81352],[135.68121,34.81119],[135.68121,34.8074]]}},{"type":"Feature","properties":{"_color":"#3388ff","_opacity":1,"_weight":3},"geometry":{"type":"LineString","coordinates":[[135.63544,34.8008],[135.63259,34.79438],[135.63152,34.78768],[135.63117,34.78447],[135.63259,34.78009],[135.6333,34.77397],[135.63365,34.76959],[135.63401,34.76726],[135.63294,34.76463],[135.63259,34.75968],[135.6333,34.75676],[135.63507,34.75413],[135.63685,34.75122],[135.63721,34.74801],[135.63898,34.74218],[135.6404,34.73897],[135.64289,34.73401]]}},{"type":"Feature","properties":{"_color":"#3388ff","_opacity":1,"_weight":3},"geometry":{"type":"LineString","coordinates":[[135.63744,34.76288],[135.63779,34.75851],[135.63886,34.75501],[135.64241,34.75092]]}},{"type":"Feature","properties":{"_color":"#3388ff","_opacity":1,"_weight":3},"geometry":{"type":"LineString","coordinates":[[135.64609,34.74286],[135.64574,34.73819],[135.64574,34.7344],[135.64716,34.73148]]}},{"type":"Feature","properties":{"_color":"#3388ff","_opacity":1,"_weight":3},"geometry":{"type":"LineString","coordinates":[[135.65355,34.75371],[135.65035,34.74817],[135.64964,34.74205],[135.6507,34.73884],[135.6507,34.73592],[135.64821,34.73067],[135.64572,34.72659],[135.64465,34.71988],[135.64572,34.71288],[135.64749,34.705],[135.64785,34.69976],[135.64784,34.69421],[135.64927,34.68984],[135.64855,34.684],[135.64784,34.67788],[135.64819,34.67205],[135.64855,34.66738],[135.64961,34.66388]]}},{"type":"Feature","properties":{"_color":"#3388ff","_opacity":1,"_weight":3},"geometry":{"type":"LineString","coordinates":[[135.65517,34.75471],[135.66335,34.76084],[135.66833,34.76404],[135.67295,34.76608],[135.67864,34.76783],[135.68362,34.76929],[135.68825,34.77337],[135.69039,34.77628],[135.69146,34.78328],[135.69217,34.78649],[135.69396,34.79115],[135.69467,34.79378],[135.69717,34.80107],[135.6993,34.80457],[135.69966,34.80836],[135.70002,34.81273],[135.70323,34.81769],[135.70786,34.82294],[135.71178,34.82672],[135.71784,34.83401]]}},{"type":"Feature","properties":{"_color":"#3388ff","_opacity":1,"_weight":3},"geometry":{"type":"LineString","coordinates":[[135.65421,34.66021],[135.65457,34.65701],[135.65315,34.65438],[135.65102,34.65088],[135.64995,34.64446],[135.65066,34.63863],[135.65207,34.63222],[135.65278,34.62901],[135.64994,34.62551],[135.6471,34.61938],[135.64355,34.61647],[135.64106,34.61297],[135.63893,34.61005],[135.63893,34.60567]]}},{"type":"Feature","properties":{"_color":"#3388ff","_opacity":1,"_weight":3},"geometry":{"type":"LineString","coordinates":[[135.64498,34.64767],[135.64249,34.63922],[135.64142,34.63367],[135.64178,34.62784]]}},{"type":"Feature","properties":{"_color":"#3388ff","_opacity":1,"_weight":3},"geometry":{"type":"LineString","coordinates":[[135.63836,34.61777],[135.63516,34.61106],[135.63303,34.60756],[135.63339,34.60318],[135.63445,34.59793],[135.63516,34.59298],[135.63339,34.58685],[135.63197,34.58102],[135.63197,34.57577],[135.63197,34.56964]]}},{"type":"Feature","properties":{"_color":"#3388ff","_opacity":1,"_weight":3},"geometry":{"type":"LineString","coordinates":[[135.61432,34.57563],[135.60935,34.57009],[135.60864,34.5663],[135.60864,34.56163],[135.60829,34.55521],[135.60865,34.54588],[135.61007,34.54063],[135.6122,34.53655]]}},{"type":"Feature","properties":{"_color":"#3388ff","_opacity":1,"_weight":3},"geometry":{"type":"LineString","coordinates":[[136.81774,35.96276],[136.82816,35.92835]]}},{"type":"Feature","properties":{"_color":"#3388ff","_opacity":1,"_weight":3},"geometry":{"type":"LineString","coordinates":[[136.82024,35.9298],[136.82635,35.92193],[136.82887,35.9196],[136.83714,35.90823],[136.84576,35.89686],[136.85438,35.88141]]}},{"type":"Feature","properties":{"_color":"#3388ff","_opacity":1,"_weight":3},"geometry":{"type":"LineString","coordinates":[[136.87867,35.87532],[136.88622,35.86861],[136.88944,35.86366],[136.89196,35.86074],[136.89663,35.85811],[136.90202,35.85608]]}},{"type":"Feature","properties":{"_color":"#3388ff","_opacity":1,"_weight":3},"geometry":{"type":"LineString","coordinates":[[136.87318,35.87141],[136.8782,35.86471]]}},{"type":"Feature","properties":{"_color":"#3388ff","_opacity":1,"_weight":3},"geometry":{"type":"LineString","coordinates":[[136.87194,35.86948],[136.87516,35.86044],[136.87875,35.8549],[136.88162,35.8514]]}},{"type":"Feature","properties":{"_color":"#3388ff","_opacity":1,"_weight":3},"geometry":{"type":"LineString","coordinates":[[136.82427,35.90112],[136.82894,35.88479],[136.83648,35.8708],[136.8451,35.85885],[136.85336,35.84719],[136.85767,35.84048],[136.85838,35.83669],[136.85909,35.83202],[136.86053,35.8291],[136.86663,35.81802],[136.87093,35.81161],[136.87524,35.80665],[136.87847,35.80257],[136.88098,35.79791],[136.88563,35.78682],[136.89065,35.77924],[136.89639,35.77253],[136.90213,35.76729],[136.90751,35.76379]]}},{"type":"Feature","properties":{"_color":"#3388ff","_opacity":1,"_weight":3},"geometry":{"type":"LineString","coordinates":[[136.91209,35.76301],[136.94364,35.73851]]}},{"type":"Feature","properties":{"_color":"#3388ff","_opacity":1,"_weight":3},"geometry":{"type":"LineString","coordinates":[[136.85003,35.85428],[136.87124,35.84204]]}},{"type":"Feature","properties":{"_color":"#3388ff","_opacity":1,"_weight":3},"geometry":{"type":"LineString","coordinates":[[136.90758,35.85723],[136.91942,35.84411],[136.92337,35.83915],[136.92875,35.83127],[136.93807,35.81786]]}},{"type":"Feature","properties":{"_color":"#3388ff","_opacity":1,"_weight":3},"geometry":{"type":"LineString","coordinates":[[136.94651,35.73705],[136.95692,35.73443],[136.96768,35.72918]]}},{"type":"Feature","properties":{"_color":"#3388ff","_opacity":1,"_weight":3},"geometry":{"type":"LineString","coordinates":[[136.74121,34.9685],[136.75144,34.94333]]}},{"type":"Feature","properties":{"_color":"#3388ff","_opacity":1,"_weight":3},"geometry":{"type":"LineString","coordinates":[[136.73339,34.97318],[136.73763,34.96352],[136.7401,34.95591],[136.74185,34.94771],[136.7429,34.94039],[136.74288,34.93629]]}},{"type":"Feature","properties":{"_color":"#3388ff","_opacity":1,"_weight":3},"geometry":{"type":"LineString","coordinates":[[136.75107,34.93864],[136.75141,34.93484],[136.75282,34.92898],[136.75777,34.92196],[136.76167,34.91816]]}},{"type":"Feature","properties":{"_color":"#3388ff","_opacity":1,"_weight":3},"geometry":{"type":"LineString","coordinates":[[136.75135,34.91639],[136.75766,34.88887],[136.76082,34.87629],[136.764,34.87219],[136.76648,34.86897],[136.76895,34.86312],[136.77282,34.85317],[136.77599,34.84585],[136.77882,34.84292],[136.78733,34.83854],[136.79477,34.83386],[136.79761,34.83152],[136.79972,34.82713],[136.80468,34.82303],[136.81459,34.81601],[136.81848,34.81103],[136.82024,34.80781],[136.82092,34.79932],[136.82054,34.79493],[136.82407,34.78995],[136.82405,34.78498],[136.82332,34.7797],[136.82046,34.77268],[136.81581,34.7636]]}},{"type":"Feature","properties":{"_color":"#3388ff","_opacity":1,"_weight":3},"geometry":{"type":"LineString","coordinates":[[136.58763,34.76826],[136.59508,34.76886],[136.60182,34.77005],[136.60715,34.77299]]}},{"type":"Feature","properties":{"_color":"#3388ff","_opacity":1,"_weight":3},"geometry":{"type":"LineString","coordinates":[[136.60928,34.76919],[136.62489,34.76893],[136.64513,34.77131]]}},{"type":"Feature","properties":{"_color":"#3388ff","_opacity":1,"_weight":3},"geometry":{"type":"LineString","coordinates":[[136.61921,34.7654],[136.63979,34.76749]]}},{"type":"Feature","properties":{"_color":"#3388ff","_opacity":1,"_weight":3},"geometry":{"type":"LineString","coordinates":[[136.65294,34.77425],[136.67104,34.77282],[136.68168,34.77166],[136.68984,34.7705],[136.69694,34.7711],[136.70333,34.77257],[136.72356,34.77172],[136.73208,34.77114],[136.74769,34.7697],[136.76827,34.76855],[136.77926,34.76563],[136.78564,34.76446],[136.7938,34.76329],[136.80622,34.76242]]}},{"type":"Feature","properties":{"_color":"#3388ff","_opacity":1,"_weight":3},"geometry":{"type":"LineString","coordinates":[[136.81722,34.76301],[136.82324,34.7595],[136.83103,34.75541],[136.84093,34.7475],[136.84766,34.74136],[136.85403,34.73726],[136.85544,34.73667],[136.8625,34.72906],[136.8685,34.72555],[136.8816,34.71823],[136.88938,34.71471],[136.89575,34.71208],[136.90355,34.71061],[136.90993,34.70856],[136.917,34.70446],[136.91912,34.70358],[136.93859,34.69772],[136.95488,34.69448],[136.96232,34.69331],[136.97046,34.69096]]}},{"type":"Feature","properties":{"_color":"#3388ff","_opacity":1,"_weight":3},"geometry":{"type":"LineString","coordinates":[[141.58037,43.44132],[141.58514,43.43745],[141.5859,43.43329],[141.58462,43.42616],[141.58378,43.42171],[141.58173,43.41666],[141.58011,43.41459],[141.58008,43.41221],[141.58163,43.40656],[141.58242,43.40508],[141.58159,43.4027],[141.58115,43.39824],[141.58191,43.39408],[141.58229,43.39171],[141.58467,43.38903],[141.58863,43.38487],[141.5894,43.38249],[141.58897,43.37922],[141.57926,43.36854]]}},{"type":"Feature","properties":{"_color":"#3388ff","_opacity":1,"_weight":3},"geometry":{"type":"LineString","coordinates":[[141.61256,43.3373],[141.60881,43.32245],[141.60718,43.31889],[141.60394,43.31533],[141.60193,43.31355],[141.60111,43.31147],[141.59986,43.30642],[141.6002,43.30048],[141.59895,43.29603],[141.59893,43.29306],[141.5973,43.29009],[141.59324,43.28385],[141.59121,43.28059],[141.59038,43.27762],[141.58873,43.27168],[141.58867,43.26633]]}},{"type":"Feature","properties":{"_color":"#3388ff","_opacity":1,"_weight":3},"geometry":{"type":"LineString","coordinates":[[141.58381,43.25891],[141.58469,43.26723],[141.58474,43.27317],[141.5836,43.27882],[141.58163,43.28209],[141.58165,43.28417],[141.58327,43.28535],[141.58651,43.2901],[141.58936,43.29545],[141.59148,43.30851],[141.59112,43.31267],[141.58877,43.31773],[141.58722,43.32308],[141.58648,43.32902],[141.58652,43.33258],[141.58977,43.33822],[141.5898,43.34149],[141.58908,43.34892],[141.58751,43.35278],[141.58277,43.35843]]}},{"type":"Feature","properties":{"_color":"#3388ff","_opacity":1,"_weight":3},"geometry":{"type":"LineString","coordinates":[[136.11116,35.67672],[136.10645,35.66862],[136.10319,35.66254],[136.10029,35.65386],[136.09556,35.64112],[136.09231,35.63417],[136.0887,35.63128],[136.0851,35.62723],[136.08113,35.62115],[136.07464,35.61449],[136.06781,35.61015]]}},{"type":"Feature","properties":{"_color":"#3388ff","_opacity":1,"_weight":3},"geometry":{"type":"LineString","coordinates":[[136.10067,35.65965],[136.08081,35.63244],[136.06927,35.61768],[136.05197,35.59771]]}},{"type":"Feature","properties":{"_color":"#3388ff","_opacity":1,"_weight":3},"geometry":{"type":"LineString","coordinates":[[136.00811,35.52581],[136.01459,35.5342],[136.02393,35.54202],[136.02573,35.54434],[136.03618,35.55997],[136.0488,35.57647],[136.05457,35.58718]]}},{"type":"Feature","properties":{"_color":"#3388ff","_opacity":1,"_weight":3},"geometry":{"type":"LineString","coordinates":[[135.9816,35.48002],[136.00245,35.5055],[136.01253,35.51998],[136.0237,35.53677]]}},{"type":"Feature","properties":{"_color":"#3388ff","_opacity":1,"_weight":3},"geometry":{"type":"LineString","coordinates":[[136.01362,35.4955],[136.02728,35.51085],[136.03268,35.5178],[136.0363,35.52648],[136.03632,35.53401],[136.03383,35.53923]]}},{"type":"Feature","properties":{"_color":"#3388ff","_opacity":1,"_weight":3},"geometry":{"type":"LineString","coordinates":[[135.99883,35.46278],[136.01211,35.47205]]}},{"type":"Feature","properties":{"_color":"#3388ff","_opacity":1,"_weight":3},"geometry":{"type":"LineString","coordinates":[[136.01678,35.47726],[136.02147,35.48508],[136.02437,35.49579]]}},{"type":"Feature","properties":{"_color":"#3388ff","_opacity":1,"_weight":3},"geometry":{"type":"LineString","coordinates":[[136.04632,35.5202],[136.05782,35.52802],[136.06212,35.52946],[136.06824,35.53438],[136.07579,35.54162],[136.08766,35.55001],[136.09306,35.55637],[136.09956,35.5665],[136.10606,35.57721],[136.1068,35.58156]]}},{"type":"Feature","properties":{"_color":"#3388ff","_opacity":1,"_weight":3},"geometry":{"type":"LineString","coordinates":[[136.04981,35.49781],[136.05629,35.50476],[136.06348,35.51113],[136.07174,35.51634],[136.08107,35.51981],[136.08538,35.52067]]}},{"type":"Feature","properties":{"_color":"#3388ff","_opacity":1,"_weight":3},"geometry":{"type":"LineString","coordinates":[[136.04545,35.47928],[136.05873,35.48681],[136.06592,35.49375],[136.08175,35.51083],[136.09975,35.52906],[136.10479,35.53427],[136.11162,35.5389],[136.11378,35.53976],[136.12638,35.5522]]}},{"type":"Feature","properties":{"_color":"#3388ff","_opacity":1,"_weight":3},"geometry":{"type":"LineString","coordinates":[[135.80865,35.80265],[135.81908,35.79212],[135.83455,35.77311]]}},{"type":"Feature","properties":{"_color":"#3388ff","_opacity":1,"_weight":3},"geometry":{"type":"LineString","coordinates":[[135.82016,35.7845],[135.83671,35.76578]]}},{"type":"Feature","properties":{"_color":"#3388ff","_opacity":1,"_weight":3},"geometry":{"type":"LineString","coordinates":[[135.82664,35.76369],[135.83994,35.75288]]}},{"type":"Feature","properties":{"_color":"#3388ff","_opacity":1,"_weight":3},"geometry":{"type":"LineString","coordinates":[[135.83419,35.75344],[135.84641,35.74234],[135.85432,35.73327],[135.8633,35.72069]]}},{"type":"Feature","properties":{"_color":"#3388ff","_opacity":1,"_weight":3},"geometry":{"type":"LineString","coordinates":[[135.83707,35.73702],[135.84857,35.72474],[135.86545,35.71101]]}},{"type":"Feature","properties":{"_color":"#3388ff","_opacity":1,"_weight":3},"geometry":{"type":"LineString","coordinates":[[135.85971,35.72009],[135.87407,35.7084],[135.89167,35.69614]]}},{"type":"Feature","properties":{"_color":"#3388ff","_opacity":1,"_weight":3},"geometry":{"type":"LineString","coordinates":[[135.89059,35.69467],[135.89741,35.69029],[135.90603,35.6868],[135.91393,35.68243],[135.92146,35.67482]]}},{"type":"Feature","properties":{"_color":"#3388ff","_opacity":1,"_weight":3},"geometry":{"type":"LineString","coordinates":[[135.98944,35.63487],[136.00091,35.62874],[136.00988,35.62495],[136.01955,35.62057],[136.02493,35.61882],[136.03425,35.61327],[136.04285,35.60684],[136.04607,35.60391]]}},{"type":"Feature","properties":{"_color":"#3388ff","_opacity":1,"_weight":3},"geometry":{"type":"LineString","coordinates":[[136.0176,35.61884],[136.0219,35.61357],[136.02692,35.61094],[136.03229,35.6089],[136.03732,35.60833]]}},{"type":"Feature","properties":{"_color":"#3388ff","_opacity":1,"_weight":3},"geometry":{"type":"LineString","coordinates":[[136.09101,35.60517],[136.09781,35.59902],[136.1046,35.59199],[136.11175,35.58261],[136.11817,35.57382],[136.12353,35.56796],[136.12925,35.56298],[136.13641,35.55976],[136.14357,35.55596],[136.15251,35.54981],[136.16359,35.54073]]}},{"type":"Feature","properties":{"_color":"#3388ff","_opacity":1,"_weight":3},"geometry":{"type":"LineString","coordinates":[[135.80578,34.83284],[135.80758,34.82635],[135.80946,34.8225],[135.80991,34.82152],[135.80991,34.82031],[135.81036,34.81737],[135.81215,34.81442],[135.81224,34.81345],[135.81207,34.81141],[135.81119,34.81037],[135.81119,34.80969],[135.81235,34.8084],[135.81271,34.80719],[135.81254,34.80546]]}},{"type":"Feature","properties":{"_color":"#3388ff","_opacity":1,"_weight":3},"geometry":{"type":"LineString","coordinates":[[135.81256,34.79778],[135.81417,34.79461],[135.81454,34.79205]]}},{"type":"Feature","properties":{"_color":"#3388ff","_opacity":1,"_weight":3},"geometry":{"type":"LineString","coordinates":[[135.81522,34.79912],[135.81675,34.79391]]}},{"type":"Feature","properties":{"_color":"#3388ff","_opacity":1,"_weight":3},"geometry":{"type":"LineString","coordinates":[[135.81708,34.79971],[135.81905,34.79654],[135.82012,34.79487],[135.8203,34.79337],[135.81996,34.79081],[135.81926,34.78735]]}},{"type":"Feature","properties":{"_color":"#3388ff","_opacity":1,"_weight":3},"geometry":{"type":"LineString","coordinates":[[135.81667,34.78955],[135.81793,34.78562],[135.81812,34.78246],[135.8184,34.77651],[135.81718,34.77147],[135.81612,34.76779],[135.81605,34.7635],[135.81588,34.75988],[135.81705,34.75581]]}},{"type":"Feature","properties":{"_color":"#3388ff","_opacity":1,"_weight":3},"geometry":{"type":"LineString","coordinates":[[135.82045,34.77642],[135.82196,34.77393],[135.82179,34.7725],[135.82029,34.77047],[135.82002,34.7695],[135.82021,34.76769],[135.82058,34.76098],[135.82068,34.75872],[135.82131,34.75654],[135.82345,34.75396]]}},{"type":"Feature","properties":{"_color":"#3388ff","_opacity":1,"_weight":3},"geometry":{"type":"LineString","coordinates":[[135.82473,34.7712],[135.82456,34.76623]]}},{"type":"Feature","properties":{"_color":"#3388ff","_opacity":1,"_weight":3},"geometry":{"type":"LineString","coordinates":[[135.78709,34.77609],[135.78481,34.77008],[135.78208,34.76317],[135.7814,34.75655]]}},{"type":"Feature","properties":{"_color":"#3388ff","_opacity":1,"_weight":3},"geometry":{"type":"LineString","coordinates":[[135.78822,34.75537],[135.78722,34.73866]]}},{"type":"Feature","properties":{"_color":"#3388ff","_opacity":1,"_weight":3},"geometry":{"type":"LineString","coordinates":[[135.77134,34.75616],[135.77141,34.73598],[135.77143,34.73041],[135.77251,34.72649],[135.77288,34.72347],[135.77432,34.7197],[135.77468,34.71774],[135.77931,34.71244],[135.78092,34.71002],[135.78359,34.70669],[135.78644,34.70351],[135.78698,34.70065],[135.787,34.69703]]}},{"type":"Feature","properties":{"_color":"#3388ff","_opacity":1,"_weight":3},"geometry":{"type":"LineString","coordinates":[[135.77136,34.7159],[135.7712,34.71153]]}},{"type":"Feature","properties":{"_color":"#3388ff","_opacity":1,"_weight":3},"geometry":{"type":"LineString","coordinates":[[135.77365,34.71574],[135.77583,34.70368]]}},{"type":"Feature","properties":{"_color":"#3388ff","_opacity":1,"_weight":3},"geometry":{"type":"LineString","coordinates":[[135.79193,34.70725],[135.79,34.70093]]}},{"type":"Feature","properties":{"_color":"#3388ff","_opacity":1,"_weight":3},"geometry":{"type":"LineString","coordinates":[[135.79334,34.70609],[135.79123,34.70007]]}},{"type":"Feature","properties":{"_color":"#3388ff","_opacity":1,"_weight":3},"geometry":{"type":"LineString","coordinates":[[135.79256,34.73028],[135.79223,34.72291],[135.79262,34.71311],[135.79689,34.70812],[135.80365,34.7022]]}},{"type":"Feature","properties":{"_color":"#3388ff","_opacity":1,"_weight":3},"geometry":{"type":"LineString","coordinates":[[135.83235,34.74505],[135.83059,34.7419],[135.82971,34.73814],[135.82813,34.73378],[135.82636,34.73109],[135.82105,34.72555],[135.81592,34.72121]]}},{"type":"Feature","properties":{"_color":"#3388ff","_opacity":1,"_weight":3},"geometry":{"type":"LineString","coordinates":[[135.80733,34.71814],[135.80735,34.71272],[135.80825,34.70865],[135.81039,34.70382],[135.81254,34.69899],[135.8145,34.69596],[135.81451,34.6919]]}},{"type":"Feature","properties":{"_color":"#3388ff","_opacity":1,"_weight":3},"geometry":{"type":"LineString","coordinates":[[135.80402,34.69618],[135.80156,34.68896]]}},{"type":"Feature","properties":{"_color":"#3388ff","_opacity":1,"_weight":3},"geometry":{"type":"LineString","coordinates":[[135.83672,34.71133],[135.83677,34.69657]]}},{"type":"Feature","properties":{"_color":"#3388ff","_opacity":1,"_weight":3},"geometry":{"type":"LineString","coordinates":[[135.82003,34.68734],[135.82181,34.68417]]}},{"type":"Feature","properties":{"_color":"#3388ff","_opacity":1,"_weight":3},"geometry":{"type":"LineString","coordinates":[[135.83633,34.69176],[135.83635,34.68679],[135.83618,34.68242],[135.8369,34.68121]]}},{"type":"Feature","properties":{"_color":"#3388ff","_opacity":1,"_weight":3},"geometry":{"type":"LineString","coordinates":[[135.8296,34.68623],[135.8305,34.68005]]}},{"type":"Feature","properties":{"_color":"#3388ff","_opacity":1,"_weight":3},"geometry":{"type":"LineString","coordinates":[[135.82647,34.68354],[135.82755,34.6769],[135.82827,34.67464],[135.83112,34.67176]]}},{"type":"Feature","properties":{"_color":"#3388ff","_opacity":1,"_weight":3},"geometry":{"type":"LineString","coordinates":[[135.82154,34.67478],[135.82173,34.67117]]}},{"type":"Feature","properties":{"_color":"#3388ff","_opacity":1,"_weight":3},"geometry":{"type":"LineString","coordinates":[[135.84027,34.69064],[135.84135,34.68656],[135.84277,34.6852],[135.84525,34.68428],[135.8465,34.68352],[135.84633,34.68216],[135.84616,34.67915],[135.84563,34.67659],[135.84475,34.67404],[135.8444,34.67193],[135.84441,34.66998]]}},{"type":"Feature","properties":{"_color":"#3388ff","_opacity":1,"_weight":3},"geometry":{"type":"LineString","coordinates":[[135.85584,34.69419],[135.85533,34.68892],[135.85463,34.68305],[135.85323,34.67734],[135.85165,34.67298],[135.85095,34.67013],[135.85078,34.66772]]}},{"type":"Feature","properties":{"_color":"#3388ff","_opacity":1,"_weight":3},"geometry":{"type":"LineString","coordinates":[[135.84171,34.6741],[135.84225,34.67094],[135.84173,34.66778],[135.84122,34.65935],[135.84089,34.65167],[135.8402,34.64429]]}},{"type":"Feature","properties":{"_color":"#3388ff","_opacity":1,"_weight":3},"geometry":{"type":"LineString","coordinates":[[135.82135,34.66248],[135.82049,34.65451],[135.82015,34.64864],[135.82053,34.64261],[135.82125,34.63869],[135.82162,34.63507],[135.82198,34.63221],[135.82341,34.62738],[135.82484,34.62526]]}},{"type":"Feature","properties":{"_color":"#3388ff","_opacity":1,"_weight":3},"geometry":{"type":"LineString","coordinates":[[135.83665,34.64255],[135.83488,34.64136],[135.83559,34.63909],[135.83596,34.63578],[135.83597,34.63141],[135.83669,34.6287],[135.83688,34.62463],[135.83688,34.62237],[135.83849,34.6195],[135.83796,34.6183],[135.83672,34.61665],[135.8369,34.61559],[135.83815,34.61408],[135.83781,34.61046],[135.83799,34.60881]]}},{"type":"Feature","properties":{"_color":"#3388ff","_opacity":1,"_weight":3},"geometry":{"type":"LineString","coordinates":[[135.83208,34.63199],[135.8328,34.62807],[135.83405,34.62581],[135.83495,34.62279],[135.83495,34.62038],[135.83478,34.61918],[135.8339,34.61828],[135.83426,34.61587],[135.83533,34.61405],[135.83622,34.61254],[135.83588,34.60908]]}},{"type":"Feature","properties":{"_color":"#3388ff","_opacity":1,"_weight":3},"geometry":{"type":"LineString","coordinates":[[135.84892,34.63264],[135.84879,34.61818]]}},{"type":"Feature","properties":{"_color":"#3388ff","_opacity":1,"_weight":3},"geometry":{"type":"LineString","coordinates":[[135.8492,34.65944],[135.84922,34.65252],[135.8494,34.65101]]}},{"type":"Feature","properties":{"_color":"#3388ff","_opacity":1,"_weight":3},"geometry":{"type":"LineString","coordinates":[[135.84778,34.66126],[135.84743,34.65705]]}},{"type":"Feature","properties":{"_color":"#3388ff","_opacity":1,"_weight":3},"geometry":{"type":"LineString","coordinates":[[135.84941,34.64619],[135.85031,34.64122],[135.85174,34.63714],[135.85317,34.63457],[135.85318,34.63035],[135.85302,34.62433],[135.85127,34.61771]]}},{"type":"Feature","properties":{"_color":"#3388ff","_opacity":1,"_weight":3},"geometry":{"type":"LineString","coordinates":[[135.8515,34.66109],[135.85276,34.65505],[135.8549,34.64992],[135.85597,34.64735],[135.8558,34.64464],[135.85687,34.64162],[135.85777,34.63845],[135.85831,34.63393],[135.85888,34.62293],[135.85907,34.6151],[135.8582,34.61255],[135.85342,34.60776]]}},{"type":"Feature","properties":{"_color":"#3388ff","_opacity":1,"_weight":3},"geometry":{"type":"LineString","coordinates":[[135.8482,34.61442],[135.84857,34.60689],[135.85018,34.60386],[135.85018,34.60146],[135.84826,34.59379],[135.84721,34.58852],[135.84616,34.5825]]}},{"type":"Feature","properties":{"_color":"#3388ff","_opacity":1,"_weight":3},"geometry":{"type":"LineString","coordinates":[[135.85236,34.60219],[135.85238,34.59557],[135.85134,34.59],[135.85082,34.58503],[135.85172,34.58141]]}},{"type":"Feature","properties":{"_color":"#3388ff","_opacity":1,"_weight":3},"geometry":{"type":"LineString","coordinates":[[135.84123,34.59699],[135.84125,34.59127]]}},{"type":"Feature","properties":{"_color":"#3388ff","_opacity":1,"_weight":3},"geometry":{"type":"LineString","coordinates":[[135.85249,34.58005],[135.85267,34.57719]]}},{"type":"Feature","properties":{"_color":"#3388ff","_opacity":1,"_weight":3},"geometry":{"type":"LineString","coordinates":[[135.84988,34.58007],[135.84971,34.57766]]}},{"type":"Feature","properties":{"_color":"#3388ff","_opacity":1,"_weight":3},"geometry":{"type":"LineString","coordinates":[[135.84944,34.57616],[135.84785,34.57451],[135.84857,34.57059],[135.84982,34.56682],[135.85001,34.56245],[135.8502,34.55913],[135.85198,34.55686],[135.85234,34.55551],[135.85254,34.54572]]}},{"type":"Feature","properties":{"_color":"#3388ff","_opacity":1,"_weight":3},"geometry":{"type":"LineString","coordinates":[[135.84006,34.57441],[135.83971,34.57095],[135.84025,34.56869],[135.84345,34.56626],[135.84629,34.56368],[135.847,34.56202],[135.84701,34.55915],[135.84667,34.55615],[135.84686,34.55193],[135.84899,34.54724],[135.85113,34.54286],[135.85114,34.54045]]}},{"type":"Feature","properties":{"_color":"#3388ff","_opacity":1,"_weight":3},"geometry":{"type":"LineString","coordinates":[[135.84437,34.5539],[135.84473,34.55149],[135.84562,34.54937],[135.84722,34.54786]]}},{"type":"Feature","properties":{"_color":"#3388ff","_opacity":1,"_weight":3},"geometry":{"type":"LineString","coordinates":[[135.85745,34.56225],[135.85782,34.55532],[135.85749,34.54809],[135.85679,34.54523],[135.85556,34.54253],[135.85592,34.53922],[135.85629,34.53681],[135.85665,34.53439],[135.85506,34.53169],[135.85613,34.52747],[135.85667,34.52626]]}},{"type":"Feature","properties":{"_color":"#3388ff","_opacity":1,"_weight":3},"geometry":{"type":"LineString","coordinates":[[135.85186,34.53759],[135.85293,34.53381],[135.85329,34.53095],[135.85365,34.52794],[135.85366,34.52598]]}},{"type":"Feature","properties":{"_color":"#3388ff","_opacity":1,"_weight":3},"geometry":{"type":"LineString","coordinates":[[136.38882,34.82977],[136.38665,34.83703],[136.38591,34.84532],[136.38677,34.85285],[136.39048,34.86317],[136.39598,34.87259],[136.40095,34.88261],[136.40396,34.88924],[136.40555,34.89455],[136.40624,34.9006],[136.40622,34.90681],[136.40477,34.91186],[136.40208,34.91572]]}},{"type":"Feature","properties":{"_color":"#3388ff","_opacity":1,"_weight":3},"geometry":{"type":"LineString","coordinates":[[136.38597,34.87593],[136.40147,34.8863]]}},{"type":"Feature","properties":{"_color":"#3388ff","_opacity":1,"_weight":3},"geometry":{"type":"LineString","coordinates":[[136.41338,34.90394],[136.41216,34.89478],[136.41165,34.88784],[136.41167,34.88207]]}},{"type":"Feature","properties":{"_color":"#3388ff","_opacity":1,"_weight":3},"geometry":{"type":"LineString","coordinates":[[136.40542,34.88109],[136.40494,34.86498]]}},{"type":"Feature","properties":{"_color":"#3388ff","_opacity":1,"_weight":3},"geometry":{"type":"LineString","coordinates":[[136.40459,34.86187],[136.4039,34.85655]]}},{"type":"Feature","properties":{"_color":"#3388ff","_opacity":1,"_weight":3},"geometry":{"type":"LineString","coordinates":[[136.40337,34.8539],[136.40232,34.84917],[136.40055,34.8449]]}},{"type":"Feature","properties":{"_color":"#3388ff","_opacity":1,"_weight":3},"geometry":{"type":"LineString","coordinates":[[136.36737,34.83763],[136.37578,34.83106],[136.3799,34.82895],[136.38526,34.82758],[136.38938,34.82488],[136.39207,34.81998],[136.39423,34.81493],[136.39568,34.80974]]}},{"type":"Feature","properties":{"_color":"#3388ff","_opacity":1,"_weight":3},"geometry":{"type":"LineString","coordinates":[[136.39991,34.82331],[136.40207,34.81871],[136.40226,34.81649],[136.4021,34.8122]]}},{"type":"Feature","properties":{"_color":"#3388ff","_opacity":1,"_weight":3},"geometry":{"type":"LineString","coordinates":[[136.40986,34.82225],[136.41095,34.81692],[136.41257,34.81232]]}},{"type":"Feature","properties":{"_color":"#3388ff","_opacity":1,"_weight":3},"geometry":{"type":"LineString","coordinates":[[136.40839,34.82916],[136.41413,34.82113],[136.41665,34.81475],[136.41972,34.80407],[136.42153,34.79533],[136.42281,34.78852]]}},{"type":"Feature","properties":{"_color":"#3388ff","_opacity":1,"_weight":3},"geometry":{"type":"LineString","coordinates":[[136.39997,34.80793],[136.40355,34.80539],[136.40624,34.80152],[136.4093,34.79395],[136.41002,34.79158]]}},{"type":"Feature","properties":{"_color":"#3388ff","_opacity":1,"_weight":3},"geometry":{"type":"LineString","coordinates":[[136.39747,34.80498],[136.40716,34.78804]]}},{"type":"Feature","properties":{"_color":"#3388ff","_opacity":1,"_weight":3},"geometry":{"type":"LineString","coordinates":[[136.40981,34.78517],[136.41484,34.77759],[136.4161,34.77403],[136.41611,34.77003],[136.41416,34.76591],[136.40901,34.76034],[136.40545,34.75874]]}},{"type":"Feature","properties":{"_color":"#3388ff","_opacity":1,"_weight":3},"geometry":{"type":"LineString","coordinates":[[136.41967,34.78706],[136.42165,34.78231],[136.42256,34.77846],[136.42488,34.77622],[136.4265,34.77325],[136.42722,34.76969],[136.4276,34.76392]]}},{"type":"Feature","properties":{"_color":"#3388ff","_opacity":1,"_weight":3},"geometry":{"type":"LineString","coordinates":[[136.40121,34.76149],[136.39499,34.75607],[136.39179,34.75166],[136.38949,34.74724],[136.38879,34.7437],[136.38811,34.73586],[136.38688,34.7307],[136.38405,34.72525]]}},{"type":"Feature","properties":{"_color":"#3388ff","_opacity":1,"_weight":3},"geometry":{"type":"LineString","coordinates":[[136.43777,34.76295],[136.44382,34.76748]]}},{"type":"Feature","properties":{"_color":"#3388ff","_opacity":1,"_weight":3},"geometry":{"type":"LineString","coordinates":[[136.43064,34.76256],[136.42798,34.75682],[136.42746,34.75372],[136.42782,34.75061],[136.43212,34.7451]]}},{"type":"Feature","properties":{"_color":"#3388ff","_opacity":1,"_weight":3},"geometry":{"type":"LineString","coordinates":[[136.43231,34.74362],[136.43535,34.74019],[136.4375,34.73633],[136.43894,34.73158],[136.43879,34.72463],[136.43687,34.71075],[136.43424,34.69909],[136.4291,34.68997],[136.42466,34.68453],[136.41559,34.67825],[136.40635,34.67375],[136.39941,34.67085]]}},{"type":"Feature","properties":{"_color":"#3388ff","_opacity":1,"_weight":3},"geometry":{"type":"LineString","coordinates":[[136.47124,34.78394],[136.47696,34.78226],[136.48285,34.78147],[136.48891,34.78141],[136.49479,34.78314]]}},{"type":"Feature","properties":{"_color":"#3388ff","_opacity":1,"_weight":3},"geometry":{"type":"LineString","coordinates":[[136.45664,34.77668],[136.46038,34.77768],[136.46448,34.7772]]}},{"type":"Feature","properties":{"_color":"#3388ff","_opacity":1,"_weight":3},"geometry":{"type":"LineString","coordinates":[[136.45911,34.77478],[136.46661,34.77457],[136.4716,34.77482],[136.47713,34.7761]]}},{"type":"Feature","properties":{"_color":"#3388ff","_opacity":1,"_weight":3},"geometry":{"type":"LineString","coordinates":[[136.46008,34.70218],[136.46027,34.69745],[136.45832,34.69466],[136.45654,34.69231],[136.45601,34.68994],[136.45603,34.68477],[136.45354,34.6839],[136.45033,34.68245],[136.44874,34.68025],[136.44715,34.67642],[136.44699,34.66932],[136.44705,34.64995]]}},{"type":"Feature","properties":{"_color":"#3388ff","_opacity":1,"_weight":3},"geometry":{"type":"LineString","coordinates":[[136.44421,34.64606],[136.44318,34.63261],[136.44162,34.6205]]}},{"type":"Feature","properties":{"_color":"#3388ff","_opacity":1,"_weight":3},"geometry":{"type":"LineString","coordinates":[[136.45698,34.62184],[136.45892,34.62671],[136.463,34.63318],[136.46583,34.63685]]}},{"type":"Feature","properties":{"_color":"#3388ff","_opacity":1,"_weight":3},"geometry":{"type":"LineString","coordinates":[[136.61624,34.8712],[136.61554,34.86204],[136.61162,34.85232],[136.59843,34.83648]]}},{"type":"Feature","properties":{"_color":"#3388ff","_opacity":1,"_weight":3},"geometry":{"type":"LineString","coordinates":[[136.58834,34.86653],[136.58692,34.86063],[136.58764,34.8553],[136.58837,34.84849],[136.5873,34.84465]]}},{"type":"Feature","properties":{"_color":"#3388ff","_opacity":1,"_weight":3},"geometry":{"type":"LineString","coordinates":[[136.54316,34.86816],[136.54423,34.86474],[136.54442,34.86016],[136.54514,34.85571],[136.54658,34.85274],[136.54676,34.8486],[136.54552,34.84388],[136.54393,34.83828],[136.54322,34.83385],[136.5427,34.82912],[136.54306,34.82542],[136.54628,34.82154],[136.55075,34.81573],[136.55291,34.81009],[136.55326,34.80905]]}},{"type":"Feature","properties":{"_color":"#3388ff","_opacity":1,"_weight":3},"geometry":{"type":"LineString","coordinates":[[136.58356,34.83966],[136.57625,34.83426],[136.57197,34.82913],[136.5668,34.8243],[136.56092,34.81889],[136.55469,34.81081],[136.55255,34.80758],[136.55185,34.80108],[136.55114,34.8002],[136.55079,34.79458],[136.5508,34.78941]]}},{"type":"Feature","properties":{"_color":"#3388ff","_opacity":1,"_weight":3},"geometry":{"type":"LineString","coordinates":[[136.54721,34.80788],[136.54721,34.80448]]}},{"type":"Feature","properties":{"_color":"#3388ff","_opacity":1,"_weight":3},"geometry":{"type":"LineString","coordinates":[[136.54568,34.79606],[136.54712,34.79221]]}},{"type":"Feature","properties":{"_color":"#3388ff","_opacity":1,"_weight":3},"geometry":{"type":"LineString","coordinates":[[136.51176,34.77573],[136.5082,34.77296],[136.50696,34.77119],[136.50607,34.76898]]}},{"type":"Feature","properties":{"_color":"#3388ff","_opacity":1,"_weight":3},"geometry":{"type":"LineString","coordinates":[[136.51755,34.7641],[136.52484,34.77364]]}},{"type":"Feature","properties":{"_color":"#3388ff","_opacity":1,"_weight":3},"geometry":{"type":"LineString","coordinates":[[136.5088,34.74471],[136.51581,34.72246]]}},{"type":"Feature","properties":{"_color":"#3388ff","_opacity":1,"_weight":3},"geometry":{"type":"LineString","coordinates":[[136.57261,34.7571],[136.55556,34.71645]]}},{"type":"Feature","properties":{"_color":"#3388ff","_opacity":1,"_weight":3},"geometry":{"type":"LineString","coordinates":[[136.50253,34.68502],[136.50005,34.67809],[136.4981,34.67486],[136.49508,34.67385],[136.4908,34.67285],[136.48653,34.67038],[136.48334,34.66745],[136.48067,34.66392]]}},{"type":"Feature","properties":{"_color":"#3388ff","_opacity":1,"_weight":3},"geometry":{"type":"LineString","coordinates":[[136.51758,34.70019],[136.51279,34.69225],[136.5112,34.6859],[136.5114,34.67925],[136.51177,34.67096],[136.5109,34.66476],[136.50503,34.65801],[136.50184,34.65419],[136.5006,34.65036],[136.50026,34.64356],[136.49957,34.63543],[136.49798,34.63072],[136.49389,34.62735],[136.48642,34.62446],[136.48073,34.62185],[136.47878,34.62069],[136.47789,34.61774],[136.4779,34.61493],[136.47702,34.61331],[136.47346,34.61201],[136.4715,34.61084],[136.46973,34.60909],[136.46938,34.60643],[136.47117,34.60404],[136.47296,34.60151],[136.47332,34.59915],[136.47244,34.59412],[136.47281,34.59116],[136.47424,34.58686],[136.47657,34.58226],[136.47782,34.57929],[136.47765,34.57603],[136.47731,34.57293],[136.47732,34.56968],[136.47768,34.56672],[136.47733,34.56406],[136.47663,34.56096],[136.47574,34.55993]]}},{"type":"Feature","properties":{"_color":"#3388ff","_opacity":1,"_weight":3},"geometry":{"type":"LineString","coordinates":[[136.46674,34.59288],[136.46676,34.5883],[136.46587,34.58682],[136.46481,34.5861],[136.46428,34.58388],[136.46482,34.5821],[136.46518,34.58047],[136.46465,34.57841],[136.46359,34.57649],[136.46289,34.5731],[136.46378,34.57131],[136.46574,34.57041],[136.46628,34.56981],[136.46664,34.56744],[136.4695,34.56372],[136.47271,34.5594],[136.47557,34.55553],[136.47772,34.55063],[136.48094,34.54513],[136.48183,34.5429],[136.48219,34.54142]]}},{"type":"Feature","properties":{"_color":"#3388ff","_opacity":1,"_weight":3},"geometry":{"type":"LineString","coordinates":[[136.47245,34.54791],[136.47158,34.54259],[136.47195,34.53919],[136.47374,34.53488],[136.47552,34.53279]]}},{"type":"Feature","properties":{"_color":"#3388ff","_opacity":1,"_weight":3},"geometry":{"type":"LineString","coordinates":[[136.46736,34.5268],[136.46577,34.52401],[136.46204,34.52241],[136.45937,34.52066],[136.45671,34.51862],[136.45353,34.51332],[136.45141,34.50787],[136.44806,34.49932],[136.44453,34.49048],[136.44223,34.48665],[136.44206,34.48414],[136.44226,34.47911],[136.44388,34.47377],[136.44692,34.4665],[136.45013,34.46262],[136.45263,34.45876]]}},{"type":"Feature","properties":{"_color":"#3388ff","_opacity":1,"_weight":3},"geometry":{"type":"LineString","coordinates":[[136.422,34.47579],[136.42928,34.47825],[136.4346,34.48071],[136.43957,34.48333],[136.44135,34.4845]]}},{"type":"Feature","properties":{"_color":"#3388ff","_opacity":1,"_weight":3},"geometry":{"type":"LineString","coordinates":[[136.31984,35.31291],[136.31843,35.3024],[136.31703,35.28803],[136.31669,35.2793],[136.31725,35.27116],[136.31852,35.26465],[136.32086,35.26053],[136.32429,35.25448],[136.32574,35.25005],[136.32557,35.24339],[136.32612,35.23999],[136.32685,35.23599],[136.33027,35.23039],[136.33423,35.22538],[136.33765,35.21845],[136.33964,35.21136],[136.34181,35.20308],[136.34309,35.19599],[136.34328,35.19081]]}},{"type":"Feature","properties":{"_color":"#3388ff","_opacity":1,"_weight":3},"geometry":{"type":"LineString","coordinates":[[136.31313,35.19905],[136.3143,35.22984]]}},{"type":"Feature","properties":{"_color":"#3388ff","_opacity":1,"_weight":3},"geometry":{"type":"LineString","coordinates":[[136.26949,35.27261],[136.27184,35.26612],[136.27401,35.26228],[136.2787,35.25581]]}},{"type":"Feature","properties":{"_color":"#3388ff","_opacity":1,"_weight":3},"geometry":{"type":"LineString","coordinates":[[136.26102,35.17235],[136.26118,35.17709]]}},{"type":"Feature","properties":{"_color":"#3388ff","_opacity":1,"_weight":3},"geometry":{"type":"LineString","coordinates":[[136.26261,35.18021],[136.27191,35.18856]]}},{"type":"Feature","properties":{"_color":"#3388ff","_opacity":1,"_weight":3},"geometry":{"type":"LineString","coordinates":[[136.26482,35.16009],[136.26606,35.16572]]}},{"type":"Feature","properties":{"_color":"#3388ff","_opacity":1,"_weight":3},"geometry":{"type":"LineString","coordinates":[[136.28587,35.19665],[136.28789,35.18201],[136.28881,35.17402]]}},{"type":"Feature","properties":{"_color":"#3388ff","_opacity":1,"_weight":3},"geometry":{"type":"LineString","coordinates":[[136.28139,35.19647],[136.2807,35.18595],[136.27965,35.17825],[136.2777,35.16936]]}},{"type":"Feature","properties":{"_color":"#3388ff","_opacity":1,"_weight":3},"geometry":{"type":"LineString","coordinates":[[136.28219,35.16702],[136.28149,35.16361],[136.2824,35.15843],[136.28438,35.15504]]}},{"type":"Feature","properties":{"_color":"#3388ff","_opacity":1,"_weight":3},"geometry":{"type":"LineString","coordinates":[[136.27699,35.16669],[136.27434,35.15586],[136.27185,35.14829],[136.27043,35.1434],[136.26491,35.13196]]}},{"type":"Feature","properties":{"_color":"#3388ff","_opacity":1,"_weight":3},"geometry":{"type":"LineString","coordinates":[[136.27777,35.147],[136.27905,35.1402],[136.2778,35.13694],[136.27298,35.1298]]}},{"type":"Feature","properties":{"_color":"#3388ff","_opacity":1,"_weight":3},"geometry":{"type":"LineString","coordinates":[[136.28654,35.15091],[136.28853,35.14574],[136.28944,35.14013],[136.29053,35.1354],[136.29073,35.13051],[136.28895,35.12577],[136.28698,35.12294],[136.28592,35.11953]]}},{"type":"Feature","properties":{"_color":"#3388ff","_opacity":1,"_weight":3},"geometry":{"type":"LineString","coordinates":[[136.28665,35.11332],[136.289,35.10623],[136.2944,35.10019],[136.30607,35.08917],[136.31433,35.08212]]}},{"type":"Feature","properties":{"_color":"#3388ff","_opacity":1,"_weight":3},"geometry":{"type":"LineString","coordinates":[[136.302,35.07108],[136.30991,35.059],[136.3205,35.04812]]}},{"type":"Feature","properties":{"_color":"#3388ff","_opacity":1,"_weight":3},"geometry":{"type":"LineString","coordinates":[[136.32587,35.048],[136.32303,35.0397],[136.31839,35.03271],[136.31518,35.03002],[136.31304,35.02675],[136.31341,35.02261],[136.31449,35.0204]]}},{"type":"Feature","properties":{"_color":"#3388ff","_opacity":1,"_weight":3},"geometry":{"type":"LineString","coordinates":[[136.2679,34.98174],[136.28969,34.99314]]}},{"type":"Feature","properties":{"_color":"#3388ff","_opacity":1,"_weight":3},"geometry":{"type":"LineString","coordinates":[[136.29308,34.99509],[136.30612,35.00302],[136.31148,35.00809],[136.31397,35.01092]]}},{"type":"Feature","properties":{"_color":"#3388ff","_opacity":1,"_weight":3},"geometry":{"type":"LineString","coordinates":[[136.32023,35.01333],[136.32724,35.00227],[136.32976,34.99622],[136.33372,34.98781],[136.33569,34.98486],[136.33999,34.98327],[136.34232,34.98165]]}},{"type":"Feature","properties":{"_color":"#3388ff","_opacity":1,"_weight":3},"geometry":{"type":"LineString","coordinates":[[136.28441,34.98729],[136.28231,34.97218],[136.28252,34.96285]]}},{"type":"Feature","properties":{"_color":"#3388ff","_opacity":1,"_weight":3},"geometry":{"type":"LineString","coordinates":[[136.31923,34.98505],[136.32427,34.97487],[136.3275,34.96883],[136.32859,34.96395]]}},{"type":"Feature","properties":{"_color":"#3388ff","_opacity":1,"_weight":3},"geometry":{"type":"LineString","coordinates":[[136.34341,34.97337],[136.3431,34.95146],[136.34348,34.94525],[136.34402,34.9417],[136.34563,34.93904],[136.34832,34.93669],[136.34993,34.93507],[136.35137,34.93109],[136.35175,34.92487],[136.35123,34.91747],[136.34999,34.9105]]}},{"type":"Feature","properties":{"_color":"#3388ff","_opacity":1,"_weight":3},"geometry":{"type":"LineString","coordinates":[[136.20898,34.98123],[136.22493,34.97642]]}},{"type":"Feature","properties":{"_color":"#3388ff","_opacity":1,"_weight":3},"geometry":{"type":"LineString","coordinates":[[136.22708,34.97538],[136.23462,34.97223],[136.24019,34.96865],[136.24613,34.96239],[136.25336,34.95123],[136.25789,34.94319],[136.26242,34.93441],[136.2657,34.9252],[136.26771,34.91881],[136.26954,34.91138],[136.27048,34.90469],[136.27072,34.89475],[136.2701,34.88109]]}},{"type":"Feature","properties":{"_color":"#3388ff","_opacity":1,"_weight":3},"geometry":{"type":"LineString","coordinates":[[136.27615,34.91105],[136.27833,34.906],[136.27907,34.90288],[136.27965,34.89619],[136.27848,34.88314]]}},{"type":"Feature","properties":{"_color":"#3388ff","_opacity":1,"_weight":3},"geometry":{"type":"LineString","coordinates":[[136.25634,34.88189],[136.25943,34.87416],[136.2609,34.86777],[136.26221,34.85886],[136.26209,34.8504],[136.26089,34.84283]]}},{"type":"Feature","properties":{"_color":"#3388ff","_opacity":1,"_weight":3},"geometry":{"type":"LineString","coordinates":[[136.24898,34.8359],[136.24368,34.82805],[136.23875,34.81798]]}},{"type":"Feature","properties":{"_color":"#3388ff","_opacity":1,"_weight":3},"geometry":{"type":"LineString","coordinates":[[136.25896,34.83883],[136.2528,34.82609],[136.24911,34.81764],[136.24543,34.80667],[136.24406,34.79881],[136.24271,34.78812],[136.24241,34.78041],[136.2414,34.7718],[136.23967,34.76438],[136.23632,34.75816],[136.23032,34.74883],[136.22592,34.74142],[136.22382,34.73594],[136.22171,34.7309],[136.22103,34.7266],[136.22037,34.72037],[136.2204,34.71517]]}},{"type":"Feature","properties":{"_color":"#3388ff","_opacity":1,"_weight":3},"geometry":{"type":"LineString","coordinates":[[136.22042,34.71354],[136.22231,34.69913]]}},{"type":"Feature","properties":{"_color":"#3388ff","_opacity":1,"_weight":3},"geometry":{"type":"LineString","coordinates":[[136.23706,34.80448],[136.23568,34.79735],[136.23501,34.79216],[136.23451,34.78697]]}},{"type":"Feature","properties":{"_color":"#3388ff","_opacity":1,"_weight":3},"geometry":{"type":"LineString","coordinates":[[135.94035,34.75908],[135.95996,34.76385],[135.97565,34.76743],[135.99062,34.77011],[135.99597,34.771],[136.00489,34.77368],[136.0113,34.77695]]}},{"type":"Feature","properties":{"_color":"#3388ff","_opacity":1,"_weight":3},"geometry":{"type":"LineString","coordinates":[[136.00772,34.78139],[136.01932,34.78184],[136.03305,34.78378]]}},{"type":"Feature","properties":{"_color":"#3388ff","_opacity":1,"_weight":3},"geometry":{"type":"LineString","coordinates":[[136.02521,34.77992],[136.04001,34.78527]]}},{"type":"Feature","properties":{"_color":"#3388ff","_opacity":1,"_weight":3},"geometry":{"type":"LineString","coordinates":[[136.00719,34.77872],[136.02414,34.77933],[136.02949,34.78007],[136.03627,34.78186],[136.04661,34.78497],[136.05161,34.78572],[136.05785,34.78809],[136.06373,34.79165],[136.06997,34.79492],[136.07656,34.79818],[136.0853,34.80218],[136.08869,34.80381],[136.09314,34.80781],[136.09884,34.81433],[136.10116,34.81759],[136.10472,34.82115],[136.10829,34.82352],[136.11168,34.82382],[136.11721,34.82426],[136.12168,34.825],[136.12685,34.82693],[136.1322,34.8299]]}},{"type":"Feature","properties":{"_color":"#3388ff","_opacity":1,"_weight":3},"geometry":{"type":"LineString","coordinates":[[136.06873,34.79151],[136.07782,34.7961],[136.08798,34.80025],[136.09387,34.80263]]}},{"type":"Feature","properties":{"_color":"#3388ff","_opacity":1,"_weight":3},"geometry":{"type":"LineString","coordinates":[[136.0673,34.79076],[136.07158,34.79151],[136.07889,34.79447]]}},{"type":"Feature","properties":{"_color":"#3388ff","_opacity":1,"_weight":3},"geometry":{"type":"LineString","coordinates":[[136.09369,34.8047],[136.10171,34.80707],[136.10903,34.81034],[136.11509,34.81419],[136.12222,34.8173],[136.12954,34.81982],[136.14221,34.82574],[136.15488,34.8333],[136.15952,34.83656]]}},{"type":"Feature","properties":{"_color":"#3388ff","_opacity":1,"_weight":3},"geometry":{"type":"LineString","coordinates":[[136.08689,34.79297],[136.09563,34.79342],[136.10195,34.79462],[136.11178,34.79593],[136.12489,34.79533],[136.13278,34.79714],[136.14601,34.79996],[136.15413,34.80288],[136.1704,34.80761]]}},{"type":"Feature","properties":{"_color":"#3388ff","_opacity":1,"_weight":3},"geometry":{"type":"LineString","coordinates":[[136.18347,34.8118],[136.2579,34.85767]]}},{"type":"Feature","properties":{"_color":"#3388ff","_opacity":1,"_weight":3},"geometry":{"type":"LineString","coordinates":[[136.78775,36.51247],[136.78847,36.49296]]}},{"type":"Feature","properties":{"_color":"#3388ff","_opacity":1,"_weight":3},"geometry":{"type":"LineString","coordinates":[[136.78847,36.4903],[136.78956,36.48409],[136.79284,36.47432],[136.79575,36.46662],[136.79902,36.45537],[136.80193,36.44501],[136.80484,36.43258],[136.80666,36.42282],[136.81138,36.40536],[136.82483,36.37188],[136.83572,36.3464],[136.85242,36.30818]]}},{"type":"Feature","properties":{"_color":"#3388ff","_opacity":1,"_weight":3},"geometry":{"type":"LineString","coordinates":[[136.83898,36.32895],[136.8437,36.31414],[136.84842,36.30791],[136.85859,36.29839],[136.87493,36.28617],[136.88655,36.27812]]}},{"type":"Feature","properties":{"_color":"#3388ff","_opacity":1,"_weight":3},"geometry":{"type":"LineString","coordinates":[[136.86621,36.28712],[136.87418,36.26845]]}},{"type":"Feature","properties":{"_color":"#3388ff","_opacity":1,"_weight":3},"geometry":{"type":"LineString","coordinates":[[136.88058,36.27579],[136.8831,36.26337],[136.88816,36.24442],[136.89032,36.23229],[136.89213,36.22312],[136.89646,36.20891],[136.90188,36.19114],[136.90585,36.17604],[136.90801,36.16775],[136.91016,36.15296],[136.91232,36.14349],[136.91413,36.13639],[136.91629,36.13076],[136.92136,36.12275],[136.93402,36.10907],[136.97129,36.07335]]}},{"type":"Feature","properties":{"_color":"#3388ff","_opacity":1,"_weight":3},"geometry":{"type":"LineString","coordinates":[[136.91049,36.2496],[136.91736,36.23153],[136.9275,36.21491],[136.93873,36.20213],[136.95142,36.19229],[136.98077,36.17081]]}},{"type":"Feature","properties":{"_color":"#3388ff","_opacity":1,"_weight":3},"geometry":{"type":"LineString","coordinates":[[136.95611,36.08262],[136.98898,36.03836],[136.99404,36.03123],[137.0059,36.00011],[137.01203,35.98884],[137.02067,35.97163],[137.03075,35.95442]]}},{"type":"Feature","properties":{"_color":"#3388ff","_opacity":1,"_weight":3},"geometry":{"type":"LineString","coordinates":[[137.03487,35.95143],[137.04642,35.941],[137.05111,35.93742]]}},{"type":"Feature","properties":{"_color":"#3388ff","_opacity":1,"_weight":3},"geometry":{"type":"LineString","coordinates":[[136.93268,36.26159],[136.95305,36.25636],[136.96687,36.25404],[136.97995,36.25466],[136.99955,36.26058],[137.02641,36.27121],[137.03802,36.27711],[137.05036,36.28536],[137.07432,36.29833],[137.11356,36.31542],[137.14627,36.32897],[137.18553,36.34545],[137.19935,36.34957],[137.22264,36.35604],[137.2481,36.36897],[137.28232,36.39247],[137.29834,36.40362],[137.30198,36.40539],[137.31728,36.41184],[137.36755,36.43295],[137.39161,36.44438],[137.41786,36.4605],[137.4445,36.47838],[137.46383,36.48687],[137.48172,36.49594],[137.49742,36.50677],[137.50877,36.51879],[137.51498,36.52406],[137.51827,36.52523]]}},{"type":"Feature","properties":{"_color":"#3388ff","_opacity":1,"_weight":3},"geometry":{"type":"LineString","coordinates":[[137.52082,36.52611],[137.53653,36.53517]]}},{"type":"Feature","properties":{"_color":"#3388ff","_opacity":1,"_weight":3},"geometry":{"type":"LineString","coordinates":[[137.47514,36.49125],[137.49812,36.49678]]}},{"type":"Feature","properties":{"_color":"#3388ff","_opacity":1,"_weight":3},"geometry":{"type":"LineString","coordinates":[[137.50323,36.49795],[137.52876,36.50406],[137.55027,36.50694]]}},{"type":"Feature","properties":{"_color":"#3388ff","_opacity":1,"_weight":3},"geometry":{"type":"LineString","coordinates":[[137.40601,36.45259],[137.41804,36.45874],[137.43008,36.46592],[137.44194,36.47427],[137.44942,36.4794]]}},{"type":"Feature","properties":{"_color":"#3388ff","_opacity":1,"_weight":3},"geometry":{"type":"LineString","coordinates":[[137.52682,36.56986],[137.5644,36.57211]]}},{"type":"Feature","properties":{"_color":"#3388ff","_opacity":1,"_weight":3},"geometry":{"type":"LineString","coordinates":[[137.5717,36.57415],[137.58338,36.575]]}},{"type":"Feature","properties":{"_color":"#3388ff","_opacity":1,"_weight":3},"geometry":{"type":"LineString","coordinates":[[137.57281,36.57796],[137.58741,36.5791],[137.59326,36.58143],[137.59326,36.58143]]}},{"type":"Feature","properties":{"_color":"#3388ff","_opacity":1,"_weight":3},"geometry":{"type":"LineString","coordinates":[[137.59654,36.58289],[137.60495,36.58698]]}},{"type":"Feature","properties":{"_color":"#3388ff","_opacity":1,"_weight":3},"geometry":{"type":"LineString","coordinates":[[135.47911,34.81452],[135.47842,34.80815],[135.47935,34.80282],[135.4833,34.79719],[135.48778,34.79364],[135.48905,34.79053],[135.48889,34.78682],[135.48891,34.78312],[135.49144,34.77734],[135.49146,34.7729],[135.49219,34.77008],[135.49579,34.76253],[135.50049,34.75097],[135.50176,34.74727],[135.50268,34.74061],[135.50542,34.72846],[135.50726,34.71646],[135.50983,34.70076],[135.51114,34.68727],[135.51122,34.67098],[135.50931,34.66135],[135.49912,34.63246],[135.49456,34.61809],[135.49263,34.61187],[135.49283,34.60787],[135.4941,34.60357],[135.49433,34.59231],[135.49292,34.59038],[135.48921,34.58446],[135.48781,34.58031],[135.48712,34.57572],[135.48482,34.5729],[135.48394,34.57068],[135.48308,34.56564],[135.47937,34.55868],[135.4769,34.55453],[135.4746,34.55216],[135.46874,34.55097],[135.46589,34.55052]]}},{"type":"Feature","properties":{"_color":"#3388ff","_opacity":1,"_weight":3},"geometry":{"type":"LineString","coordinates":[[135.52384,34.62971],[135.51166,34.60556]]}},{"type":"Feature","properties":{"_color":"#3388ff","_opacity":1,"_weight":3},"geometry":{"type":"LineString","coordinates":[[135.45499,34.60465],[135.48411,34.62215]]}},{"type":"Feature","properties":{"_color":"#3388ff","_opacity":1,"_weight":3},"geometry":{"type":"LineString","coordinates":[[135.50466,34.682],[135.47961,34.66466]]}},{"type":"Feature","properties":{"_color":"#3388ff","_opacity":1,"_weight":3},"geometry":{"type":"LineString","coordinates":[[135.52977,34.68689],[135.53087,34.67889],[135.53036,34.67474],[135.52912,34.67193],[135.52895,34.67015],[135.52861,34.66719],[135.52773,34.66437],[135.5281,34.66156],[135.52918,34.65978],[135.52883,34.65785],[135.52742,34.65415],[135.52654,34.65178]]}},{"type":"Feature","properties":{"_color":"#3388ff","_opacity":1,"_weight":3},"geometry":{"type":"LineString","coordinates":[[135.47936,34.54546],[135.47619,34.53983],[135.47425,34.53628],[135.47124,34.53361]]}},{"type":"Feature","properties":{"_color":"#3388ff","_opacity":1,"_weight":3},"geometry":{"type":"LineString","coordinates":[[135.45708,34.54417],[135.45728,34.53988],[135.45747,34.53751],[135.45695,34.53513],[135.45643,34.53395],[135.45697,34.53247]]}},{"type":"Feature","properties":{"_color":"#3388ff","_opacity":1,"_weight":3},"geometry":{"type":"LineString","coordinates":[[135.46053,34.53194],[135.46108,34.52868],[135.46217,34.52512],[135.46343,34.52172]]}},{"type":"Feature","properties":{"_color":"#3388ff","_opacity":1,"_weight":3},"geometry":{"type":"LineString","coordinates":[[135.45157,34.54189],[135.44786,34.5376],[135.44502,34.53448],[135.44345,34.52974],[135.4417,34.5247],[135.44012,34.52115],[135.43853,34.51922],[135.43711,34.51774],[135.4366,34.51389],[135.43644,34.51107],[135.43931,34.50766]]}},{"type":"Feature","properties":{"_color":"#3388ff","_opacity":1,"_weight":3},"geometry":{"type":"LineString","coordinates":[[135.45672,34.51724],[135.45373,34.51058],[135.44913,34.50702],[135.44346,34.50286]]}},{"type":"Feature","properties":{"_color":"#3388ff","_opacity":1,"_weight":3},"geometry":{"type":"LineString","coordinates":[[135.43623,34.49045],[135.43656,34.49423],[135.43964,34.50075],[135.44599,34.51091],[135.45155,34.51728],[135.45359,34.51899]]}},{"type":"Feature","properties":{"_color":"#3388ff","_opacity":1,"_weight":3},"geometry":{"type":"LineString","coordinates":[[135.44141,34.50298],[135.44063,34.49875],[135.44092,34.49512],[135.44128,34.49394]]}},{"type":"Feature","properties":{"_color":"#3388ff","_opacity":1,"_weight":3},"geometry":{"type":"LineString","coordinates":[[135.44313,34.50211],[135.44175,34.49441],[135.44222,34.489],[135.44366,34.48641],[135.44377,34.48248],[135.44592,34.47908],[135.44692,34.47597],[135.44756,34.47174],[135.44748,34.47071]]}},{"type":"Feature","properties":{"_color":"#3388ff","_opacity":1,"_weight":3},"geometry":{"type":"LineString","coordinates":[[135.43179,34.47501],[135.4279,34.47071]]}},{"type":"Feature","properties":{"_color":"#3388ff","_opacity":1,"_weight":3},"geometry":{"type":"LineString","coordinates":[[135.43387,34.46261],[135.43699,34.46039],[135.44172,34.4584],[135.446,34.4564]]}},{"type":"Feature","properties":{"_color":"#3388ff","_opacity":1,"_weight":3},"geometry":{"type":"LineString","coordinates":[[135.43587,34.47649],[135.42883,34.46971],[135.42611,34.46593],[135.42596,34.46205],[135.4258,34.45837],[135.42337,34.45548],[135.42129,34.45374],[135.41914,34.44981],[135.41549,34.44388],[135.41466,34.44244],[135.41291,34.43903],[135.41202,34.43792],[135.40964,34.43673],[135.40798,34.43543]]}},{"type":"Feature","properties":{"_color":"#3388ff","_opacity":1,"_weight":3},"geometry":{"type":"LineString","coordinates":[[135.40535,34.46458],[135.3959,34.45457]]}},{"type":"Feature","properties":{"_color":"#3388ff","_opacity":1,"_weight":3},"geometry":{"type":"LineString","coordinates":[[139.45858,38.12975],[139.44859,38.11059],[139.4438,38.09896],[139.43197,38.077]]}},{"type":"Feature","properties":{"_color":"#3388ff","_opacity":1,"_weight":3},"geometry":{"type":"LineString","coordinates":[[139.46079,38.08378],[139.47232,38.09265],[139.48405,38.0996]]}},{"type":"Feature","properties":{"_color":"#3388ff","_opacity":1,"_weight":3},"geometry":{"type":"LineString","coordinates":[[139.48118,38.05043],[139.48843,38.05516]]}},{"type":"Feature","properties":{"_color":"#3388ff","_opacity":1,"_weight":3},"geometry":{"type":"LineString","coordinates":[[139.31925,37.91566],[139.31946,37.901],[139.31817,37.89198],[139.31632,37.88519]]}},{"type":"Feature","properties":{"_color":"#3388ff","_opacity":1,"_weight":3},"geometry":{"type":"LineString","coordinates":[[139.31347,37.87939],[139.30939,37.87173],[139.3081,37.86656],[139.30532,37.86007],[139.30236,37.85269]]}},{"type":"Feature","properties":{"_color":"#3388ff","_opacity":1,"_weight":3},"geometry":{"type":"LineString","coordinates":[[139.30093,37.84629],[139.29927,37.84201]]}},{"type":"Feature","properties":{"_color":"#3388ff","_opacity":1,"_weight":3},"geometry":{"type":"LineString","coordinates":[[139.29835,37.84089],[139.29762,37.83512],[139.29298,37.82732],[139.28928,37.82246],[139.28872,37.8201],[139.28874,37.81477],[139.28689,37.80857],[139.28245,37.80076]]}},{"type":"Feature","properties":{"_color":"#3388ff","_opacity":1,"_weight":3},"geometry":{"type":"LineString","coordinates":[[139.28027,37.79906],[139.27452,37.79422]]}},{"type":"Feature","properties":{"_color":"#3388ff","_opacity":1,"_weight":3},"geometry":{"type":"LineString","coordinates":[[139.26899,37.77739],[139.2664,37.77164],[139.264,37.76841]]}},{"type":"Feature","properties":{"_color":"#3388ff","_opacity":1,"_weight":3},"geometry":{"type":"LineString","coordinates":[[139.23889,37.78297],[139.25093,37.79619]]}},{"type":"Feature","properties":{"_color":"#3388ff","_opacity":1,"_weight":3},"geometry":{"type":"LineString","coordinates":[[139.23562,37.78246],[139.24599,37.796]]}},{"type":"Feature","properties":{"_color":"#3388ff","_opacity":1,"_weight":3},"geometry":{"type":"LineString","coordinates":[[139.24956,37.79951],[139.25326,37.80422]]}},{"type":"Feature","properties":{"_color":"#3388ff","_opacity":1,"_weight":3},"geometry":{"type":"LineString","coordinates":[[139.26179,37.75925],[139.26069,37.75363],[139.25662,37.74715]]}},{"type":"Feature","properties":{"_color":"#3388ff","_opacity":1,"_weight":3},"geometry":{"type":"LineString","coordinates":[[139.2294,37.72718],[139.22293,37.71791]]}},{"type":"Feature","properties":{"_color":"#3388ff","_opacity":1,"_weight":3},"geometry":{"type":"LineString","coordinates":[[139.20478,37.69917],[139.19804,37.68745],[139.19491,37.68104],[139.19094,37.6747],[139.18799,37.67021]]}},{"type":"Feature","properties":{"_color":"#3388ff","_opacity":1,"_weight":3},"geometry":{"type":"LineString","coordinates":[[137.20213,35.57778],[137.2243,35.56292],[137.24586,35.54855],[137.26195,35.53789],[137.27226,35.53244],[137.2841,35.52475],[137.29805,35.51384],[137.30534,35.50565],[137.30958,35.50218],[137.32323,35.49325],[137.33626,35.4868],[137.34808,35.4806],[137.35929,35.47465],[137.37171,35.4672],[137.38595,35.45826],[137.40169,35.44784]]}},{"type":"Feature","properties":{"_color":"#3388ff","_opacity":1,"_weight":3},"geometry":{"type":"LineString","coordinates":[[137.28709,35.54337],[137.29771,35.53518],[137.30529,35.52998],[137.31652,35.52254],[137.32622,35.51733]]}},{"type":"Feature","properties":{"_color":"#3388ff","_opacity":1,"_weight":3},"geometry":{"type":"LineString","coordinates":[[137.28351,35.51234],[137.29932,35.48629],[137.31025,35.46892],[137.32148,35.4518],[137.33543,35.4322]]}},{"type":"Feature","properties":{"_color":"#3388ff","_opacity":1,"_weight":3},"geometry":{"type":"LineString","coordinates":[[137.42106,35.45155],[137.43257,35.45403],[137.43922,35.45626],[137.44558,35.46048],[137.44709,35.46147],[137.45618,35.46096]]}},{"type":"Feature","properties":{"_color":"#3388ff","_opacity":1,"_weight":3},"geometry":{"type":"LineString","coordinates":[[137.4477,35.4565],[137.45194,35.45948]]}},{"type":"Feature","properties":{"_color":"#3388ff","_opacity":1,"_weight":3},"geometry":{"type":"LineString","coordinates":[[137.4362,35.43814],[137.44165,35.44186],[137.44407,35.44484],[137.44497,35.44683]]}},{"type":"Feature","properties":{"_color":"#3388ff","_opacity":1,"_weight":3},"geometry":{"type":"LineString","coordinates":[[137.44891,35.45352],[137.4592,35.46146],[137.46526,35.46567],[137.47252,35.47013],[137.47858,35.47335],[137.48464,35.47856],[137.48706,35.48154],[137.491,35.48228],[137.49463,35.48351]]}},{"type":"Feature","properties":{"_color":"#3388ff","_opacity":1,"_weight":3},"geometry":{"type":"LineString","coordinates":[[137.44165,35.4369],[137.44861,35.44285],[137.45284,35.44409],[137.4595,35.44508],[137.46798,35.44879],[137.47767,35.45375],[137.48887,35.4592],[137.50098,35.46465],[137.50673,35.46663],[137.51642,35.4691],[137.52581,35.47156],[137.53035,35.47305],[137.53822,35.47353],[137.5464,35.47749],[137.55307,35.48046],[137.56064,35.48218],[137.56428,35.48491],[137.57853,35.49853]]}},{"type":"Feature","properties":{"_color":"#3388ff","_opacity":1,"_weight":3},"geometry":{"type":"LineString","coordinates":[[137.54671,35.47873],[137.57673,35.50648]]}},{"type":"Feature","properties":{"_color":"#3388ff","_opacity":1,"_weight":3},"geometry":{"type":"LineString","coordinates":[[137.53486,35.4455],[137.52608,35.44104],[137.517,35.43584],[137.50852,35.42965],[137.50247,35.4237],[137.50004,35.41998],[137.49943,35.41278],[137.49883,35.40881],[137.4958,35.40434],[137.49126,35.40087],[137.48793,35.39715],[137.48399,35.3917],[137.48157,35.38748],[137.48006,35.38575],[137.47583,35.3855],[137.4731,35.38401],[137.47008,35.37905],[137.46373,35.37583],[137.45707,35.3736],[137.44921,35.36765],[137.44498,35.36393],[137.44075,35.36071],[137.4341,35.35773],[137.43047,35.35625],[137.42503,35.3555],[137.41838,35.35426],[137.40901,35.3498]]}},{"type":"Feature","properties":{"_color":"#3388ff","_opacity":1,"_weight":3},"geometry":{"type":"LineString","coordinates":[[137.46494,35.37534],[137.4598,35.36492]]}},{"type":"Feature","properties":{"_color":"#3388ff","_opacity":1,"_weight":3},"geometry":{"type":"LineString","coordinates":[[137.43198,35.356],[137.42745,35.35054]]}},{"type":"Feature","properties":{"_color":"#3388ff","_opacity":1,"_weight":3},"geometry":{"type":"LineString","coordinates":[[137.42382,35.35079],[137.4205,35.3493],[137.41747,35.34707],[137.41203,35.34434],[137.40569,35.34137],[137.40418,35.33863],[137.39965,35.3374]]}},{"type":"Feature","properties":{"_color":"#3388ff","_opacity":1,"_weight":3},"geometry":{"type":"LineString","coordinates":[[137.44558,35.36269],[137.45707,35.36244],[137.4607,35.36318],[137.47008,35.36664],[137.48671,35.3711],[137.50727,35.37629],[137.51877,35.3795],[137.52845,35.38247],[137.53904,35.38667],[137.55053,35.38889],[137.5847,35.38784]]}},{"type":"Feature","properties":{"_color":"#3388ff","_opacity":1,"_weight":3},"geometry":{"type":"LineString","coordinates":[[137.52996,35.3847],[137.56392,35.44818]]}},{"type":"Feature","properties":{"_color":"#3388ff","_opacity":1,"_weight":3},"geometry":{"type":"LineString","coordinates":[[137.34104,35.31481],[137.34889,35.31903],[137.35161,35.32176],[137.36912,35.33169],[137.38211,35.33814]]}},{"type":"Feature","properties":{"_color":"#3388ff","_opacity":1,"_weight":3},"geometry":{"type":"LineString","coordinates":[[137.31597,35.30636],[137.34466,35.31977]]}},{"type":"Feature","properties":{"_color":"#3388ff","_opacity":1,"_weight":3},"geometry":{"type":"LineString","coordinates":[[137.31355,35.30785],[137.3214,35.31207]]}},{"type":"Feature","properties":{"_color":"#3388ff","_opacity":1,"_weight":3},"geometry":{"type":"LineString","coordinates":[[137.33256,35.32448],[137.34464,35.33218]]}},{"type":"Feature","properties":{"_color":"#3388ff","_opacity":1,"_weight":3},"geometry":{"type":"LineString","coordinates":[[137.34766,35.33218],[137.35793,35.33889]]}},{"type":"Feature","properties":{"_color":"#3388ff","_opacity":1,"_weight":3},"geometry":{"type":"LineString","coordinates":[[137.28306,35.29293],[137.29845,35.30237]]}},{"type":"Feature","properties":{"_color":"#3388ff","_opacity":1,"_weight":3},"geometry":{"type":"LineString","coordinates":[[137.2523,35.27578],[137.25983,35.28149],[137.26525,35.28771],[137.26978,35.29193],[137.27551,35.29417],[137.28064,35.29641],[137.28607,35.30138]]}},{"type":"Feature","properties":{"_color":"#3388ff","_opacity":1,"_weight":3},"geometry":{"type":"LineString","coordinates":[[137.22667,35.25887],[137.23601,35.26782],[137.24173,35.27304],[137.24565,35.27552]]}},{"type":"Feature","properties":{"_color":"#3388ff","_opacity":1,"_weight":3},"geometry":{"type":"LineString","coordinates":[[137.24715,35.28074],[137.25196,35.2872],[137.2583,35.29117]]}},{"type":"Feature","properties":{"_color":"#3388ff","_opacity":1,"_weight":3},"geometry":{"type":"LineString","coordinates":[[137.26222,35.29366],[137.2752,35.29839],[137.28244,35.30137],[137.28788,35.30311],[137.29421,35.30684],[137.29935,35.30908],[137.30811,35.31132],[137.31354,35.31504],[137.31867,35.31753],[137.32351,35.31803]]}},{"type":"Feature","properties":{"_color":"#3388ff","_opacity":1,"_weight":3},"geometry":{"type":"LineString","coordinates":[[137.22483,35.26805],[137.23237,35.27054],[137.23872,35.2713]]}},{"type":"Feature","properties":{"_color":"#3388ff","_opacity":1,"_weight":3},"geometry":{"type":"LineString","coordinates":[[137.22032,35.26259],[137.22998,35.26334]]}},{"type":"Feature","properties":{"_color":"#3388ff","_opacity":1,"_weight":3},"geometry":{"type":"LineString","coordinates":[[137.12365,35.17867],[137.14499,35.19956],[137.15912,35.21399],[137.17687,35.23115],[137.19733,35.25129],[137.21991,35.27366],[137.24221,35.29627],[137.25215,35.30522],[137.26512,35.31838],[137.27175,35.32559]]}},{"type":"Feature","properties":{"_color":"#3388ff","_opacity":1,"_weight":3},"geometry":{"type":"LineString","coordinates":[[137.2041,35.24828],[137.20436,35.23007],[137.20344,35.22483],[137.19829,35.21785],[137.19465,35.21236],[137.19223,35.20738],[137.18888,35.1969],[137.18433,35.18568]]}},{"type":"Feature","properties":{"_color":"#3388ff","_opacity":1,"_weight":3},"geometry":{"type":"LineString","coordinates":[[137.20127,35.20288],[137.19068,35.19216]]}},{"type":"Feature","properties":{"_color":"#3388ff","_opacity":1,"_weight":3},"geometry":{"type":"LineString","coordinates":[[137.19944,35.19515],[137.19036,35.18294],[137.17705,35.17072],[137.16316,35.16224],[137.15319,35.15625],[137.14081,35.14702],[137.13175,35.13979],[137.12571,35.13355],[137.11997,35.12757],[137.11483,35.12208],[137.10729,35.11734],[137.08858,35.10785]]}},{"type":"Feature","properties":{"_color":"#3388ff","_opacity":1,"_weight":3},"geometry":{"type":"LineString","coordinates":[[137.10879,35.11384],[137.12237,35.12108],[137.13022,35.12682],[137.13566,35.13381]]}},{"type":"Feature","properties":{"_color":"#3388ff","_opacity":1,"_weight":3},"geometry":{"type":"LineString","coordinates":[[137.1568,35.15251],[137.17825,35.16648]]}},{"type":"Feature","properties":{"_color":"#3388ff","_opacity":1,"_weight":3},"geometry":{"type":"LineString","coordinates":[[137.09039,35.10411],[137.09974,35.1091]]}},{"type":"Feature","properties":{"_color":"#3388ff","_opacity":1,"_weight":3},"geometry":{"type":"LineString","coordinates":[[137.06265,35.09386],[137.07531,35.09911]]}},{"type":"Feature","properties":{"_color":"#3388ff","_opacity":1,"_weight":3},"geometry":{"type":"LineString","coordinates":[[137.02526,35.06115],[137.05601,35.08438]]}},{"type":"Feature","properties":{"_color":"#3388ff","_opacity":1,"_weight":3},"geometry":{"type":"LineString","coordinates":[[137.02828,35.07488],[137.02014,35.06564],[137.01471,35.06039],[137.0129,35.05615],[137.01049,35.05016],[137.00718,35.04467]]}},{"type":"Feature","properties":{"_color":"#3388ff","_opacity":1,"_weight":3},"geometry":{"type":"LineString","coordinates":[[136.99935,35.04391],[136.99332,35.03218]]}},{"type":"Feature","properties":{"_color":"#3388ff","_opacity":1,"_weight":3},"geometry":{"type":"LineString","coordinates":[[136.99212,35.02918],[136.99031,35.02544]]}},{"type":"Feature","properties":{"_color":"#3388ff","_opacity":1,"_weight":3},"geometry":{"type":"LineString","coordinates":[[136.9894,35.03167],[136.98218,35.01869]]}},{"type":"Feature","properties":{"_color":"#3388ff","_opacity":1,"_weight":3},"geometry":{"type":"LineString","coordinates":[[136.9888,35.02219],[136.98459,35.01645],[136.97766,35.01295],[136.97224,35.01119],[136.97104,35.00496],[136.96984,34.99423],[136.96894,34.98126],[136.96925,34.97602],[136.97075,34.97303],[136.97166,34.96255],[136.97407,34.95482],[136.97888,34.95009],[136.9843,34.94686],[136.98731,34.94262],[136.98882,34.93389],[136.99032,34.92766],[136.99213,34.92367],[136.99333,34.91768],[136.99574,34.91245],[137.00476,34.90423],[137.01077,34.90025]]}},{"type":"Feature","properties":{"_color":"#3388ff","_opacity":1,"_weight":3},"geometry":{"type":"LineString","coordinates":[[136.98549,35.01421],[136.97465,35.00521]]}},{"type":"Feature","properties":{"_color":"#3388ff","_opacity":1,"_weight":3},"geometry":{"type":"LineString","coordinates":[[137.00536,34.89949],[137.02731,34.88904],[137.03904,34.88456],[137.04324,34.88182],[137.04805,34.87659],[137.05316,34.87161],[137.05706,34.86887]]}},{"type":"Feature","properties":{"_color":"#3388ff","_opacity":1,"_weight":3},"geometry":{"type":"LineString","coordinates":[[137.04535,34.88058],[137.06068,34.87486]]}},{"type":"Feature","properties":{"_color":"#3388ff","_opacity":1,"_weight":3},"geometry":{"type":"LineString","coordinates":[[137.0228,34.87432],[137.02731,34.86784],[137.03061,34.8661],[137.03572,34.8656],[137.04234,34.86711],[137.04444,34.86711]]}},{"type":"Feature","properties":{"_color":"#3388ff","_opacity":1,"_weight":3},"geometry":{"type":"LineString","coordinates":[[136.94451,35.06004],[136.94813,35.05256],[136.94964,35.04533],[136.95024,35.03885],[136.94995,35.03336]]}},{"type":"Feature","properties":{"_color":"#3388ff","_opacity":1,"_weight":3},"geometry":{"type":"LineString","coordinates":[[136.95146,35.02064],[136.95809,35.00568],[136.96412,34.99572]]}},{"type":"Feature","properties":{"_color":"#3388ff","_opacity":1,"_weight":3},"geometry":{"type":"LineString","coordinates":[[136.90807,35.04525],[136.90928,35.03303],[136.91079,35.0278],[136.9105,35.02281]]}},{"type":"Feature","properties":{"_color":"#3388ff","_opacity":1,"_weight":3},"geometry":{"type":"LineString","coordinates":[[136.90659,35.01631],[136.9051,35.00209],[136.90632,34.99087],[136.90995,34.97616],[136.91507,34.96819],[136.9208,34.96171],[136.92712,34.95599],[136.93586,34.94503],[136.94339,34.93357]]}},{"type":"Feature","properties":{"_color":"#3388ff","_opacity":1,"_weight":3},"geometry":{"type":"LineString","coordinates":[[136.90969,34.94149],[136.91391,34.93077]]}},{"type":"Feature","properties":{"_color":"#3388ff","_opacity":1,"_weight":3},"geometry":{"type":"LineString","coordinates":[[136.88138,34.95963],[136.8835,34.95091],[136.88591,34.94368],[136.88893,34.93595],[136.89014,34.93221],[136.89376,34.92723],[136.89707,34.92275],[136.90009,34.91528],[136.90281,34.91029],[136.90432,34.90431],[136.90583,34.89733],[136.90734,34.89209],[136.90945,34.88586],[136.91096,34.88262]]}},{"type":"Feature","properties":{"_color":"#3388ff","_opacity":1,"_weight":3},"geometry":{"type":"LineString","coordinates":[[136.86873,34.96584],[136.87536,34.95937],[136.87868,34.95439],[136.8814,34.94791],[136.88351,34.94218],[136.88532,34.93644]]}},{"type":"Feature","properties":{"_color":"#3388ff","_opacity":1,"_weight":3},"geometry":{"type":"LineString","coordinates":[[136.86182,34.96083],[136.87086,34.94938],[136.8775,34.94042],[136.88292,34.93245],[136.88744,34.92547],[136.89106,34.91949],[136.89347,34.91476],[136.89438,34.91002],[136.89589,34.90604],[136.89921,34.89681],[136.90042,34.89332]]}},{"type":"Feature","properties":{"_color":"#3388ff","_opacity":1,"_weight":3},"geometry":{"type":"LineString","coordinates":[[136.86214,34.94512],[136.86998,34.9384],[136.8754,34.93168]]}},{"type":"Feature","properties":{"_color":"#3388ff","_opacity":1,"_weight":3},"geometry":{"type":"LineString","coordinates":[[136.86164,34.886],[136.87218,34.87904],[136.8797,34.87357],[136.88151,34.87183]]}},{"type":"Feature","properties":{"_color":"#3388ff","_opacity":1,"_weight":3},"geometry":{"type":"LineString","coordinates":[[136.88512,34.86884],[136.89144,34.86187]]}},{"type":"Feature","properties":{"_color":"#3388ff","_opacity":1,"_weight":3},"geometry":{"type":"LineString","coordinates":[[136.85653,34.88424],[136.86617,34.87778],[136.8773,34.87157]]}},{"type":"Feature","properties":{"_color":"#3388ff","_opacity":1,"_weight":3},"geometry":{"type":"LineString","coordinates":[[136.85414,34.8765],[136.86136,34.87627]]}},{"type":"Feature","properties":{"_color":"#3388ff","_opacity":1,"_weight":3},"geometry":{"type":"LineString","coordinates":[[136.85716,34.87052],[136.86167,34.87103]]}},{"type":"Feature","properties":{"_color":"#3388ff","_opacity":1,"_weight":3},"geometry":{"type":"LineString","coordinates":[[136.86918,34.8713],[136.87189,34.8713]]}},{"type":"Feature","properties":{"_color":"#3388ff","_opacity":1,"_weight":3},"geometry":{"type":"LineString","coordinates":[[136.8758,34.86882],[136.87971,34.86533],[136.88212,34.86434]]}},{"type":"Feature","properties":{"_color":"#3388ff","_opacity":1,"_weight":3},"geometry":{"type":"LineString","coordinates":[[136.88814,34.86111],[136.89295,34.85813],[136.89717,34.85165],[136.90259,34.84368]]}},{"type":"Feature","properties":{"_color":"#3388ff","_opacity":1,"_weight":3},"geometry":{"type":"LineString","coordinates":[[136.899,34.83095],[136.90472,34.82248],[136.90893,34.81376]]}},{"type":"Feature","properties":{"_color":"#3388ff","_opacity":1,"_weight":3},"geometry":{"type":"LineString","coordinates":[[136.9026,34.83146],[136.90652,34.82199]]}},{"type":"Feature","properties":{"_color":"#3388ff","_opacity":1,"_weight":3},"geometry":{"type":"LineString","coordinates":[[136.90833,34.8185],[136.91375,34.81053]]}},{"type":"Feature","properties":{"_color":"#3388ff","_opacity":1,"_weight":3},"geometry":{"type":"LineString","coordinates":[[136.89782,34.81249],[136.89933,34.80376],[136.90144,34.79728],[136.90415,34.7933]]}},{"type":"Feature","properties":{"_color":"#3388ff","_opacity":1,"_weight":3},"geometry":{"type":"LineString","coordinates":[[136.90897,34.78707],[136.9165,34.76763]]}},{"type":"Feature","properties":{"_color":"#3388ff","_opacity":1,"_weight":3},"geometry":{"type":"LineString","coordinates":[[136.90146,34.7868],[136.90808,34.7736]]}},{"type":"Feature","properties":{"_color":"#3388ff","_opacity":1,"_weight":3},"geometry":{"type":"LineString","coordinates":[[136.89876,34.78555],[136.90779,34.76561]]}},{"type":"Feature","properties":{"_color":"#3388ff","_opacity":1,"_weight":3},"geometry":{"type":"LineString","coordinates":[[136.89544,34.79328],[136.89635,34.78779]]}},{"type":"Feature","properties":{"_color":"#3388ff","_opacity":1,"_weight":3},"geometry":{"type":"LineString","coordinates":[[136.88823,34.79376],[136.89306,34.78254]]}},{"type":"Feature","properties":{"_color":"#3388ff","_opacity":1,"_weight":3},"geometry":{"type":"LineString","coordinates":[[136.89425,34.78504],[136.89787,34.77707]]}},{"type":"Feature","properties":{"_color":"#3388ff","_opacity":1,"_weight":3},"geometry":{"type":"LineString","coordinates":[[136.89306,34.7808],[136.89668,34.76983]]}},{"type":"Feature","properties":{"_color":"#3388ff","_opacity":1,"_weight":3},"geometry":{"type":"LineString","coordinates":[[136.88973,34.79526],[136.89274,34.79003],[136.89635,34.78604],[136.89786,34.78205],[136.90208,34.77383]]}},{"type":"Feature","properties":{"_color":"#3388ff","_opacity":1,"_weight":3},"geometry":{"type":"LineString","coordinates":[[136.88804,34.92747],[136.89407,34.91975],[136.89709,34.91252],[136.8983,34.90554],[136.90222,34.89507],[136.90916,34.87787]]}},{"type":"Feature","properties":{"_color":"#3388ff","_opacity":1,"_weight":3},"geometry":{"type":"LineString","coordinates":[[136.87541,34.92894],[136.87902,34.92396],[136.88354,34.91773],[136.88806,34.914],[136.88988,34.90677],[136.89109,34.89829],[136.892,34.89305]]}},{"type":"Feature","properties":{"_color":"#3388ff","_opacity":1,"_weight":3},"geometry":{"type":"LineString","coordinates":[[136.88061,34.87008],[136.88874,34.86236]]}},{"type":"Feature","properties":{"_color":"#3388ff","_opacity":1,"_weight":3},"geometry":{"type":"LineString","coordinates":[[136.87581,34.86532],[136.88363,34.8596],[136.88995,34.85612],[136.89507,34.8494],[136.89808,34.84342]]}},{"type":"Feature","properties":{"_color":"#3388ff","_opacity":1,"_weight":3},"geometry":{"type":"LineString","coordinates":[[136.90648,34.85566],[136.90949,34.84993]]}},{"type":"Feature","properties":{"_color":"#3388ff","_opacity":1,"_weight":3},"geometry":{"type":"LineString","coordinates":[[136.91881,34.84521],[136.92273,34.83799]]}},{"type":"Feature","properties":{"_color":"#3388ff","_opacity":1,"_weight":3},"geometry":{"type":"LineString","coordinates":[[136.89329,34.83131],[136.8936,34.82233],[136.89406,34.81547],[136.89467,34.81161],[136.89572,34.80862],[136.89753,34.80625]]}},{"type":"Feature","properties":{"_color":"#3388ff","_opacity":1,"_weight":3},"geometry":{"type":"LineString","coordinates":[[136.90504,34.80689],[136.90655,34.80029],[136.9067,34.79679],[136.90686,34.79056],[136.90626,34.78594]]}},{"type":"Feature","properties":{"_color":"#3388ff","_opacity":1,"_weight":3},"geometry":{"type":"LineString","coordinates":[[136.90974,34.77173],[136.91605,34.76338],[136.91726,34.75952],[136.91817,34.75129],[136.91953,34.74443],[136.92028,34.7372],[136.92059,34.73358]]}},{"type":"Feature","properties":{"_color":"#3388ff","_opacity":1,"_weight":3},"geometry":{"type":"LineString","coordinates":[[137.77049,35.89676],[137.75891,35.8767]]}},{"type":"Feature","properties":{"_color":"#3388ff","_opacity":1,"_weight":3},"geometry":{"type":"LineString","coordinates":[[137.71444,35.82585],[137.73356,35.83325]]}},{"type":"Feature","properties":{"_color":"#3388ff","_opacity":1,"_weight":3},"geometry":{"type":"LineString","coordinates":[[137.80056,35.9004],[137.78746,35.88085],[137.76158,35.84396],[137.75185,35.83134],[137.74546,35.82541],[137.73908,35.81773],[137.73391,35.8108],[137.72996,35.80288],[137.72661,35.79693],[137.72448,35.78999],[137.72204,35.78058]]}},{"type":"Feature","properties":{"_color":"#3388ff","_opacity":1,"_weight":3},"geometry":{"type":"LineString","coordinates":[[137.72082,35.77686],[137.71566,35.76571],[137.70806,35.75308],[137.69926,35.7407],[137.68773,35.72683],[137.68106,35.71692],[137.67347,35.70652],[137.6659,35.69637],[137.65468,35.68498],[137.64226,35.67582],[137.63348,35.66988]]}},{"type":"Feature","properties":{"_color":"#3388ff","_opacity":1,"_weight":3},"geometry":{"type":"LineString","coordinates":[[137.62167,35.65898],[137.61047,35.64883],[137.60381,35.6404],[137.59473,35.63098],[137.58565,35.62405],[137.5799,35.61984],[137.57507,35.61414],[137.57023,35.60943],[137.56237,35.59927],[137.55542,35.58885]]}},{"type":"Feature","properties":{"_color":"#3388ff","_opacity":1,"_weight":3},"geometry":{"type":"LineString","coordinates":[[137.71955,35.72454],[137.71469,35.71761],[137.71074,35.70943],[137.70831,35.702],[137.70648,35.69357],[137.70557,35.68489]]}},{"type":"Feature","properties":{"_color":"#3388ff","_opacity":1,"_weight":3},"geometry":{"type":"LineString","coordinates":[[137.72264,35.77289],[137.72107,35.73421],[137.71893,35.71239],[137.71679,35.69777],[137.71192,35.68216],[137.7104,35.67646]]}},{"type":"Feature","properties":{"_color":"#3388ff","_opacity":1,"_weight":3},"geometry":{"type":"LineString","coordinates":[[137.69786,35.67249],[137.68241,35.65838],[137.67393,35.65195],[137.66817,35.64898],[137.66333,35.64626],[137.65636,35.64082],[137.63971,35.62571],[137.62609,35.61308],[137.61248,35.59772],[137.60401,35.58682],[137.60008,35.57963]]}},{"type":"Feature","properties":{"_color":"#3388ff","_opacity":1,"_weight":3},"geometry":{"type":"LineString","coordinates":[[137.59989,35.5923],[137.59868,35.58585],[137.59566,35.57866],[137.59355,35.57023],[137.59053,35.56403],[137.58841,35.55784],[137.58721,35.5499],[137.58479,35.53825],[137.58299,35.52957],[137.58239,35.52015]]}},{"type":"Feature","properties":{"_color":"#3388ff","_opacity":1,"_weight":3},"geometry":{"type":"LineString","coordinates":[[137.71025,35.67596],[137.70782,35.66667],[137.70357,35.65527],[137.69553,35.63867],[137.68629,35.62232],[137.6831,35.61526],[137.68022,35.60708],[137.67765,35.59952],[137.67552,35.59134],[137.6734,35.58279],[137.67204,35.57262],[137.67037,35.56085],[137.66885,35.54622],[137.66778,35.53047],[137.66777,35.50171],[137.66912,35.48261],[137.67107,35.451],[137.67303,35.42483]]}},{"type":"Feature","properties":{"_color":"#3388ff","_opacity":1,"_weight":3},"geometry":{"type":"LineString","coordinates":[[137.67302,35.42169],[137.67482,35.38994]]}},{"type":"Feature","properties":{"_color":"#3388ff","_opacity":1,"_weight":3},"geometry":{"type":"LineString","coordinates":[[137.6673,35.46538],[137.65159,35.44036],[137.64042,35.42574],[137.63016,35.41236],[137.62623,35.40542],[137.6202,35.39328],[137.61809,35.38584],[137.61688,35.37766]]}},{"type":"Feature","properties":{"_color":"#3388ff","_opacity":1,"_weight":3},"geometry":{"type":"LineString","coordinates":[[138.8612,38.06045],[138.86184,38.03574],[138.86247,38.01969],[138.86404,38.00486],[138.86966,37.97866],[138.87466,37.96284],[138.88434,37.94355],[138.88995,37.92995],[138.89245,37.92327]]}},{"type":"Feature","properties":{"_color":"#3388ff","_opacity":1,"_weight":3},"geometry":{"type":"LineString","coordinates":[[138.89276,37.87238],[138.88779,37.83632]]}},{"type":"Feature","properties":{"_color":"#3388ff","_opacity":1,"_weight":3},"geometry":{"type":"LineString","coordinates":[[138.88467,37.79952],[138.88063,37.79188],[138.87907,37.78793],[138.87938,37.78323],[138.88031,37.77805],[138.88,37.77459],[138.87409,37.7662]]}},{"type":"Feature","properties":{"_color":"#3388ff","_opacity":1,"_weight":3},"geometry":{"type":"LineString","coordinates":[[138.85976,37.78625],[138.85914,37.77711],[138.85727,37.77489],[138.85479,37.77342],[138.85416,37.77144],[138.85261,37.767],[138.84763,37.76232],[138.8439,37.75961]]}},{"type":"Feature","properties":{"_color":"#3388ff","_opacity":1,"_weight":3},"geometry":{"type":"LineString","coordinates":[[138.83861,37.75246],[138.83924,37.7443],[138.84048,37.74059],[138.84266,37.7359],[138.84329,37.72947],[138.8436,37.72354],[138.84174,37.71787],[138.83801,37.71071]]}},{"type":"Feature","properties":{"_color":"#3388ff","_opacity":1,"_weight":3},"geometry":{"type":"LineString","coordinates":[[138.84001,37.70676],[138.83255,37.69566],[138.8282,37.69024],[138.82727,37.68777],[138.82572,37.68012],[138.82573,37.6727],[138.82449,37.66628],[138.8217,37.66011]]}},{"type":"Feature","properties":{"_color":"#3388ff","_opacity":1,"_weight":3},"geometry":{"type":"LineString","coordinates":[[138.85886,37.67064],[138.82406,37.64503],[138.79859,37.62804]]}},{"type":"Feature","properties":{"_color":"#3388ff","_opacity":1,"_weight":3},"geometry":{"type":"LineString","coordinates":[[138.83633,37.61093],[138.82857,37.58772],[138.82082,37.56921],[138.81338,37.55688],[138.8109,37.55342],[138.80935,37.54898],[138.80967,37.54107],[138.80843,37.53564]]}},{"type":"Feature","properties":{"_color":"#3388ff","_opacity":1,"_weight":3},"geometry":{"type":"LineString","coordinates":[[138.77944,37.54162],[138.74198,37.48388]]}},{"type":"Feature","properties":{"_color":"#3388ff","_opacity":1,"_weight":3},"geometry":{"type":"LineString","coordinates":[[138.80408,37.53234],[138.78797,37.51138],[138.78518,37.50792],[138.78487,37.50249],[138.78271,37.49558],[138.77745,37.4862],[138.76909,37.47708],[138.76135,37.46968],[138.75701,37.46524],[138.74617,37.4576]]}},{"type":"Feature","properties":{"_color":"#3388ff","_opacity":1,"_weight":3},"geometry":{"type":"LineString","coordinates":[[138.78274,37.50434],[138.77872,37.49768],[138.77779,37.49423],[138.77594,37.48978],[138.7716,37.4851]]}},{"type":"Feature","properties":{"_color":"#3388ff","_opacity":1,"_weight":3},"geometry":{"type":"LineString","coordinates":[[138.7679,37.48026],[138.75613,37.46941]]}},{"type":"Feature","properties":{"_color":"#3388ff","_opacity":1,"_weight":3},"geometry":{"type":"LineString","coordinates":[[138.76057,37.46591],[138.75438,37.45925]]}},{"type":"Feature","properties":{"_color":"#3388ff","_opacity":1,"_weight":3},"geometry":{"type":"LineString","coordinates":[[138.77044,37.47123],[138.759,37.45322]]}},{"type":"Feature","properties":{"_color":"#3388ff","_opacity":1,"_weight":3},"geometry":{"type":"LineString","coordinates":[[138.77366,37.44084],[138.77274,37.43516]]}},{"type":"Feature","properties":{"_color":"#3388ff","_opacity":1,"_weight":3},"geometry":{"type":"LineString","coordinates":[[138.77058,37.43072],[138.76842,37.4243]]}},{"type":"Feature","properties":{"_color":"#3388ff","_opacity":1,"_weight":3},"geometry":{"type":"LineString","coordinates":[[138.78713,37.4511],[138.78838,37.44492],[138.78807,37.43973],[138.78498,37.43554],[138.78343,37.43233],[138.78158,37.42665],[138.78097,37.4185],[138.77664,37.41159]]}},{"type":"Feature","properties":{"_color":"#3388ff","_opacity":1,"_weight":3},"geometry":{"type":"LineString","coordinates":[[138.78066,37.43001],[138.77571,37.42311],[138.77262,37.41496]]}},{"type":"Feature","properties":{"_color":"#3388ff","_opacity":1,"_weight":3},"geometry":{"type":"LineString","coordinates":[[138.76023,37.40851],[138.75622,37.39839]]}},{"type":"Feature","properties":{"_color":"#3388ff","_opacity":1,"_weight":3},"geometry":{"type":"LineString","coordinates":[[138.7774,37.39726],[138.77495,37.37478],[138.77156,37.35972],[138.77003,37.3449],[138.77005,37.32909],[138.7716,37.32044]]}},{"type":"Feature","properties":{"_color":"#3388ff","_opacity":1,"_weight":3},"geometry":{"type":"LineString","coordinates":[[138.76074,37.37164],[138.75366,37.34744]]}},{"type":"Feature","properties":{"_color":"#3388ff","_opacity":1,"_weight":3},"geometry":{"type":"LineString","coordinates":[[138.76636,37.36074],[138.76791,37.35011],[138.7673,37.34418]]}},{"type":"Feature","properties":{"_color":"#3388ff","_opacity":1,"_weight":3},"geometry":{"type":"LineString","coordinates":[[138.76431,37.34344],[138.76587,37.32886],[138.76867,37.32021],[138.77053,37.31526]]}},{"type":"Feature","properties":{"_color":"#3388ff","_opacity":1,"_weight":3},"geometry":{"type":"LineString","coordinates":[[136.35933,35.90717],[136.38141,35.89055],[136.39244,35.88186],[136.40011,35.87466],[136.40533,35.8682],[136.40778,35.86422],[136.41484,35.85503],[136.42281,35.84683],[136.43415,35.83441],[136.44395,35.82547],[136.45804,35.81355],[136.47364,35.80262],[136.48129,35.79865]]}},{"type":"Feature","properties":{"_color":"#3388ff","_opacity":1,"_weight":3},"geometry":{"type":"LineString","coordinates":[[136.36424,35.90146],[136.37742,35.89477],[136.38784,35.88708],[136.39735,35.87714],[136.4084,35.86273],[136.42219,35.84932],[136.43169,35.83963],[136.4415,35.8297],[136.4513,35.81951],[136.48098,35.79915]]}},{"type":"Feature","properties":{"_color":"#3388ff","_opacity":1,"_weight":3},"geometry":{"type":"LineString","coordinates":[[136.48129,35.79865],[136.49535,35.7912],[136.50636,35.78524],[136.51584,35.77928],[136.52409,35.77332],[136.53143,35.76834],[136.54976,35.7594],[136.56901,35.7512],[136.59527,35.74126],[136.6255,35.73007],[136.64686,35.72086],[136.67036,35.7099],[136.68165,35.70393]]}},{"type":"Feature","properties":{"_color":"#3388ff","_opacity":1,"_weight":3},"geometry":{"type":"LineString","coordinates":[[136.37946,35.7733],[136.40209,35.76339],[136.41738,35.75645],[136.43022,35.7515],[136.45375,35.74158]]}},{"type":"Feature","properties":{"_color":"#3388ff","_opacity":1,"_weight":3},"geometry":{"type":"LineString","coordinates":[[136.35408,35.77012],[136.36937,35.76617],[136.38619,35.75899],[136.40423,35.75007],[136.42074,35.7399],[136.4342,35.73022],[136.44399,35.72202],[136.45163,35.71382],[136.45622,35.70935],[136.46722,35.70165],[136.47822,35.6947],[136.49868,35.68526],[136.53958,35.66938],[136.58564,35.65174]]}},{"type":"Feature","properties":{"_color":"#3388ff","_opacity":1,"_weight":3},"geometry":{"type":"LineString","coordinates":[[136.59535,35.65821],[136.62219,35.64428],[136.64354,35.63333],[136.65573,35.62637],[136.67036,35.61691],[136.68681,35.60844],[136.7051,35.59997],[136.71728,35.59549],[136.73495,35.5905],[136.75688,35.58252],[136.77819,35.57254],[136.80009,35.55908],[136.81044,35.55459],[136.83417,35.54261],[136.86762,35.52613]]}},{"type":"Feature","properties":{"_color":"#3388ff","_opacity":1,"_weight":3},"geometry":{"type":"LineString","coordinates":[[136.64601,35.62272],[136.65637,35.60655],[136.6652,35.59187],[136.67342,35.57993],[136.67951,35.57395],[136.69535,35.5625],[136.72274,35.54631]]}},{"type":"Feature","properties":{"_color":"#3388ff","_opacity":1,"_weight":3},"geometry":{"type":"LineString","coordinates":[[136.6566,35.57533],[136.67366,35.56313],[136.69466,35.54944],[136.72632,35.53176],[136.74701,35.5203],[136.76252,35.51008],[136.77377,35.50186],[136.78532,35.49562],[136.79536,35.49188],[136.81148,35.48837],[136.83095,35.48611]]}},{"type":"Feature","properties":{"_color":"#3388ff","_opacity":1,"_weight":3},"geometry":{"type":"LineString","coordinates":[[136.70988,35.53948],[136.7394,35.52155],[136.75127,35.51606],[136.75826,35.51232],[136.76951,35.50609],[136.7829,35.49961],[136.79445,35.49387],[136.80175,35.49162],[136.81483,35.48887],[136.82883,35.4881],[136.85074,35.48732]]}},{"type":"Feature","properties":{"_color":"#3388ff","_opacity":1,"_weight":3},"geometry":{"type":"LineString","coordinates":[[136.8501,35.48067],[136.86318,35.48065],[136.87383,35.47939],[136.88234,35.47787],[136.88903,35.47612],[136.89785,35.47511],[136.90728,35.47309],[136.91731,35.47033],[136.92491,35.46783]]}},{"type":"Feature","properties":{"_color":"#3388ff","_opacity":1,"_weight":3},"geometry":{"type":"LineString","coordinates":[[136.58536,35.72129],[136.59391,35.70164],[136.59513,35.69666],[136.59879,35.68895],[136.60185,35.68074],[136.6049,35.67552],[136.60673,35.67029],[136.61527,35.65537]]}},{"type":"Feature","properties":{"_color":"#3388ff","_opacity":1,"_weight":3},"geometry":{"type":"LineString","coordinates":[[136.58811,35.70487],[136.5936,35.6989]]}},{"type":"Feature","properties":{"_color":"#3388ff","_opacity":1,"_weight":3},"geometry":{"type":"LineString","coordinates":[[136.50045,35.75756],[136.51909,35.74588],[136.542,35.73097],[136.54811,35.72625],[136.55056,35.72326],[136.55056,35.71779],[136.55332,35.70859],[136.55546,35.70287],[136.55821,35.69889],[136.55852,35.69441],[136.56554,35.68397],[136.57684,35.66805],[136.58905,35.65636],[136.60064,35.64541],[136.61192,35.63323],[136.62534,35.61631],[136.63205,35.60685],[136.63784,35.60039]]}},{"type":"Feature","properties":{"_color":"#3388ff","_opacity":1,"_weight":3},"geometry":{"type":"LineString","coordinates":[[136.62687,35.61059],[136.62961,35.59989],[136.63509,35.58869],[136.64058,35.57924],[136.64941,35.56481],[136.65915,35.55336],[136.67072,35.54191],[136.68929,35.52822]]}},{"type":"Feature","properties":{"_color":"#3388ff","_opacity":1,"_weight":3},"geometry":{"type":"LineString","coordinates":[[136.50045,35.75731],[136.52031,35.74713],[136.53192,35.73893],[136.53559,35.73345],[136.54262,35.72376],[136.54874,35.71232],[136.5521,35.70585],[136.55607,35.70112],[136.56034,35.69665],[136.56676,35.68521],[136.57348,35.67451],[136.58599,35.65984],[136.60552,35.63994],[136.61863,35.62501],[136.61758,35.61973],[136.62152,35.61368],[136.63387,35.58969],[136.64606,35.57003],[136.65428,35.55884],[136.66281,35.54963],[136.68168,35.5337],[136.68929,35.52822]]}},{"type":"Feature","properties":{"_color":"#3388ff","_opacity":1,"_weight":3},"geometry":{"type":"LineString","coordinates":[[136.68929,35.52822],[136.70451,35.51976],[136.72003,35.51203],[136.73585,35.5053],[136.74467,35.5033],[136.75532,35.5023]]}},{"type":"Feature","properties":{"_color":"#3388ff","_opacity":1,"_weight":3},"geometry":{"type":"LineString","coordinates":[[136.74773,35.4997],[136.76111,35.48924],[136.77448,35.48077],[136.78482,35.47478],[136.79455,35.4703],[136.81005,35.46505],[136.82343,35.46005],[136.83285,35.45606],[136.84135,35.45132],[136.85927,35.44183],[136.86778,35.43759]]}},{"type":"Feature","properties":{"_color":"#3388ff","_opacity":1,"_weight":3},"geometry":{"type":"LineString","coordinates":[[137.09194,35.61643],[137.10776,35.61724],[137.12602,35.61955],[137.14945,35.62387],[137.16893,35.62867],[137.19174,35.63697],[137.21547,35.64751],[137.23494,35.65953],[137.25442,35.67354],[137.26567,35.68255]]}},{"type":"Feature","properties":{"_color":"#3388ff","_opacity":1,"_weight":3},"geometry":{"type":"LineString","coordinates":[[137.18281,35.67884],[137.22915,35.66151]]}},{"type":"Feature","properties":{"_color":"#3388ff","_opacity":1,"_weight":3},"geometry":{"type":"LineString","coordinates":[[137.22032,35.66199],[137.22611,35.65801]]}},{"type":"Feature","properties":{"_color":"#3388ff","_opacity":1,"_weight":3},"geometry":{"type":"LineString","coordinates":[[137.25381,35.6703],[137.27117,35.67383],[137.28335,35.6771],[137.29401,35.68086],[137.31015,35.68763],[137.3202,35.69463],[137.32995,35.70238],[137.33757,35.71012],[137.34335,35.71686]]}},{"type":"Feature","properties":{"_color":"#3388ff","_opacity":1,"_weight":3},"geometry":{"type":"LineString","coordinates":[[137.2495,35.70146],[137.26259,35.70698],[137.27965,35.71375],[137.29367,35.71927],[137.31012,35.72603]]}},{"type":"Feature","properties":{"_color":"#3388ff","_opacity":1,"_weight":3},"geometry":{"type":"LineString","coordinates":[[137.27085,35.68879],[137.28059,35.6963],[137.29033,35.7038],[137.30495,35.71305],[137.31196,35.71755]]}},{"type":"Feature","properties":{"_color":"#3388ff","_opacity":1,"_weight":3},"geometry":{"type":"LineString","coordinates":[[137.32082,35.69064],[137.33088,35.68043],[137.34002,35.67122],[137.3449,35.66699]]}},{"type":"Feature","properties":{"_color":"#3388ff","_opacity":1,"_weight":3},"geometry":{"type":"LineString","coordinates":[[137.2892,35.62051],[137.30502,35.63351],[137.31781,35.64251],[137.33333,35.65376],[137.34886,35.66401],[137.35982,35.67275],[137.37475,35.68325],[137.38541,35.69024]]}},{"type":"Feature","properties":{"_color":"#3388ff","_opacity":1,"_weight":3},"geometry":{"type":"LineString","coordinates":[[137.37658,35.62864],[137.39089,35.63215],[137.40124,35.63491]]}},{"type":"Feature","properties":{"_color":"#3388ff","_opacity":1,"_weight":3},"geometry":{"type":"LineString","coordinates":[[137.31507,35.63602],[137.33091,35.63256],[137.34613,35.62984],[137.36257,35.62737],[137.37384,35.62564],[137.39332,35.62367]]}},{"type":"Feature","properties":{"_color":"#3388ff","_opacity":1,"_weight":3},"geometry":{"type":"LineString","coordinates":[[137.30839,35.61656],[137.323,35.61758],[137.33853,35.6201],[137.3507,35.62262],[137.36257,35.62538]]}},{"type":"Feature","properties":{"_color":"#3388ff","_opacity":1,"_weight":3},"geometry":{"type":"LineString","coordinates":[[137.31326,35.61582],[137.32483,35.61285],[137.33488,35.60962],[137.34584,35.6064]]}},{"type":"Feature","properties":{"_color":"#3388ff","_opacity":1,"_weight":3},"geometry":{"type":"LineString","coordinates":[[137.20305,35.61755],[137.22009,35.62208],[137.23166,35.62536],[137.24018,35.62762]]}},{"type":"Feature","properties":{"_color":"#3388ff","_opacity":1,"_weight":3},"geometry":{"type":"LineString","coordinates":[[137.19791,35.60556],[137.20947,35.60535],[137.2183,35.60437],[137.22683,35.6024]]}},{"type":"Feature","properties":{"_color":"#3388ff","_opacity":1,"_weight":3},"geometry":{"type":"LineString","coordinates":[[137.20707,35.58988],[137.22896,35.59917],[137.24356,35.60594],[137.25755,35.61345]]}},{"type":"Feature","properties":{"_color":"#3388ff","_opacity":1,"_weight":3},"geometry":{"type":"LineString","coordinates":[[137.16308,35.58628],[137.18011,35.59157],[137.19775,35.59661]]}},{"type":"Feature","properties":{"_color":"#3388ff","_opacity":1,"_weight":3},"geometry":{"type":"LineString","coordinates":[[137.07168,35.58044],[137.08537,35.58024],[137.10149,35.5833],[137.11456,35.58833],[137.12003,35.5901],[137.12459,35.59036],[137.12946,35.59188]]}},{"type":"Feature","properties":{"_color":"#3388ff","_opacity":1,"_weight":3},"geometry":{"type":"LineString","coordinates":[[137.18266,36.00377],[137.18361,35.98931],[137.18548,35.97111],[137.18798,35.94992],[137.1917,35.92699],[137.19509,35.91029],[137.19941,35.89086],[137.2028,35.87665],[137.20589,35.86169],[137.20987,35.85198],[137.21079,35.85024]]}},{"type":"Feature","properties":{"_color":"#3388ff","_opacity":1,"_weight":3},"geometry":{"type":"LineString","coordinates":[[137.1051,35.86537],[137.11855,35.86292],[137.13505,35.85899],[137.15033,35.8548],[137.16255,35.8501],[137.17478,35.8449],[137.18578,35.83969]]}},{"type":"Feature","properties":{"_color":"#3388ff","_opacity":1,"_weight":3},"geometry":{"type":"LineString","coordinates":[[137.21688,35.86098],[137.22057,35.84702],[137.22394,35.84005],[137.22426,35.83282],[137.22641,35.82709],[137.23222,35.81713]]}},{"type":"Feature","properties":{"_color":"#3388ff","_opacity":1,"_weight":3},"geometry":{"type":"LineString","coordinates":[[137.21236,35.83204],[137.22642,35.8216]]}},{"type":"Feature","properties":{"_color":"#3388ff","_opacity":1,"_weight":3},"geometry":{"type":"LineString","coordinates":[[137.19648,35.83249],[137.20963,35.8228],[137.22032,35.8161],[137.22491,35.81362]]}},{"type":"Feature","properties":{"_color":"#3388ff","_opacity":1,"_weight":3},"geometry":{"type":"LineString","coordinates":[[137.23399,35.85429],[137.24928,35.83787],[137.25907,35.82766],[137.26671,35.81771]]}},{"type":"Feature","properties":{"_color":"#3388ff","_opacity":1,"_weight":3},"geometry":{"type":"LineString","coordinates":[[137.22911,35.85103],[137.2386,35.83984],[137.25082,35.82765],[137.2606,35.81869],[137.26885,35.81347],[137.27527,35.809],[137.28565,35.80029],[137.29146,35.79407],[137.3,35.78636],[137.30886,35.77765],[137.32137,35.76844],[137.33327,35.75974]]}},{"type":"Feature","properties":{"_color":"#3388ff","_opacity":1,"_weight":3},"geometry":{"type":"LineString","coordinates":[[137.19228,35.79882],[137.20297,35.79835],[137.21548,35.79664],[137.22464,35.79416],[137.24021,35.78872],[137.26127,35.77829],[137.28081,35.76836],[137.29942,35.75843]]}},{"type":"Feature","properties":{"_color":"#3388ff","_opacity":1,"_weight":3},"geometry":{"type":"LineString","coordinates":[[137.33217,35.75589],[137.34376,35.74519],[137.34895,35.74021],[137.35352,35.73822],[137.36023,35.73499],[137.36603,35.73126],[137.37243,35.72653]]}},{"type":"Feature","properties":{"_color":"#3388ff","_opacity":1,"_weight":3},"geometry":{"type":"LineString","coordinates":[[137.17819,35.82471],[137.19621,35.81853],[137.20781,35.81482],[137.21697,35.81285],[137.22338,35.81187],[137.23315,35.8084],[137.24781,35.80096],[137.25759,35.79549],[137.26888,35.78928],[137.28293,35.78059],[137.29575,35.77288],[137.30795,35.76518],[137.31619,35.7612],[137.32534,35.75598],[137.32961,35.75275],[137.33816,35.74379],[137.35036,35.73009],[137.36378,35.7164],[137.37048,35.71067],[137.3781,35.70395],[137.38359,35.69847],[137.38876,35.69149],[137.39882,35.68502],[137.41252,35.67581],[137.42562,35.6661],[137.43688,35.65788],[137.44571,35.65066],[137.45423,35.64319],[137.45818,35.63646]]}},{"type":"Feature","properties":{"_color":"#3388ff","_opacity":1,"_weight":3},"geometry":{"type":"LineString","coordinates":[[137.37414,35.7219],[137.38176,35.71318],[137.38755,35.70396],[137.39303,35.69449],[137.39455,35.69075]]}},{"type":"Feature","properties":{"_color":"#3388ff","_opacity":1,"_weight":3},"geometry":{"type":"LineString","coordinates":[[137.43871,35.6519],[137.44662,35.64443],[137.45757,35.63621],[137.46609,35.63098],[137.47126,35.62599],[137.48282,35.61628],[137.49498,35.60556],[137.5038,35.59858],[137.51261,35.5926],[137.5193,35.58787],[137.52811,35.58014],[137.53722,35.57241],[137.54603,35.56418],[137.55453,35.5557]]}},{"type":"Feature","properties":{"_color":"#3388ff","_opacity":1,"_weight":3},"geometry":{"type":"LineString","coordinates":[[137.46764,35.65018],[137.48285,35.63897],[137.49806,35.62775],[137.51144,35.61803],[137.52238,35.60906],[137.53423,35.59834],[137.54304,35.59186],[137.55246,35.58238],[137.55975,35.57764],[137.57008,35.57266],[137.58892,35.56592]]}},{"type":"Feature","properties":{"_color":"#3388ff","_opacity":1,"_weight":3},"geometry":{"type":"LineString","coordinates":[[137.553,35.55271],[137.55816,35.54473],[137.56726,35.53476],[137.57181,35.53052],[137.58121,35.52179]]}},{"type":"Feature","properties":{"_color":"#3388ff","_opacity":1,"_weight":3},"geometry":{"type":"LineString","coordinates":[[137.58332,35.51281],[137.58816,35.50433]]}},{"type":"Feature","properties":{"_color":"#3388ff","_opacity":1,"_weight":3},"geometry":{"type":"LineString","coordinates":[[137.5882,35.5183],[137.58968,35.50508]]}},{"type":"Feature","properties":{"_color":"#3388ff","_opacity":1,"_weight":3},"geometry":{"type":"LineString","coordinates":[[137.51037,35.5178],[137.53229,35.53825]]}},{"type":"Feature","properties":{"_color":"#3388ff","_opacity":1,"_weight":3},"geometry":{"type":"LineString","coordinates":[[136.13942,36.30487],[136.14401,36.29616],[136.14769,36.28845],[136.14891,36.28471],[136.15074,36.27203],[136.15196,36.26456]]}},{"type":"Feature","properties":{"_color":"#3388ff","_opacity":1,"_weight":3},"geometry":{"type":"LineString","coordinates":[[136.19713,36.26081],[136.20079,36.24812],[136.20507,36.23692],[136.20934,36.22547]]}},{"type":"Feature","properties":{"_color":"#3388ff","_opacity":1,"_weight":3},"geometry":{"type":"LineString","coordinates":[[136.21216,36.25433],[136.21613,36.24164],[136.21887,36.23517],[136.2204,36.22994]]}},{"type":"Feature","properties":{"_color":"#3388ff","_opacity":1,"_weight":3},"geometry":{"type":"LineString","coordinates":[[136.22438,36.22621],[136.22619,36.21376],[136.22922,36.19609],[136.23134,36.18415],[136.23592,36.17195],[136.24019,36.16225],[136.24476,36.1498],[136.25116,36.13487],[136.26031,36.11769],[136.26458,36.10798],[136.26884,36.09728],[136.27187,36.08384],[136.27245,36.07239],[136.27364,36.06095],[136.27576,36.05124],[136.27757,36.0393],[136.27783,36.02387]]}},{"type":"Feature","properties":{"_color":"#3388ff","_opacity":1,"_weight":3},"geometry":{"type":"LineString","coordinates":[[136.24049,36.29038],[136.24291,36.27421],[136.24411,36.26525],[136.24471,36.25977]]}},{"type":"Feature","properties":{"_color":"#3388ff","_opacity":1,"_weight":3},"geometry":{"type":"LineString","coordinates":[[136.23388,36.22271],[136.24341,36.22868],[136.24894,36.2319],[136.25479,36.23837],[136.25726,36.24185]]}},{"type":"Feature","properties":{"_color":"#3388ff","_opacity":1,"_weight":3},"geometry":{"type":"LineString","coordinates":[[136.25331,36.25877],[136.2582,36.24931],[136.26125,36.24259],[136.26368,36.23537],[136.26643,36.22815]]}},{"type":"Feature","properties":{"_color":"#3388ff","_opacity":1,"_weight":3},"geometry":{"type":"LineString","coordinates":[[136.2577,36.42695],[136.25522,36.42099],[136.25428,36.41402],[136.25549,36.40506],[136.25914,36.39187],[136.26311,36.38117],[136.26708,36.37246],[136.27167,36.36424]]}},{"type":"Feature","properties":{"_color":"#3388ff","_opacity":1,"_weight":3},"geometry":{"type":"LineString","coordinates":[[136.26138,36.42396],[136.25983,36.41849],[136.25889,36.41377],[136.25949,36.40854],[136.26131,36.39933],[136.26406,36.39112],[136.26529,36.38963]]}},{"type":"Feature","properties":{"_color":"#3388ff","_opacity":1,"_weight":3},"geometry":{"type":"LineString","coordinates":[[136.29238,36.28783],[136.2902,36.27788],[136.28895,36.26868],[136.28769,36.25773],[136.28797,36.24803]]}},{"type":"Feature","properties":{"_color":"#3388ff","_opacity":1,"_weight":3},"geometry":{"type":"LineString","coordinates":[[136.28984,36.25723],[136.29104,36.24927],[136.29438,36.23707],[136.29743,36.2306],[136.29864,36.22438],[136.29953,36.21641],[136.29919,36.20596],[136.29762,36.19403],[136.29515,36.18756],[136.29421,36.1796],[136.29418,36.17039],[136.2963,36.16218],[136.29873,36.15571],[136.30179,36.15272]]}},{"type":"Feature","properties":{"_color":"#3388ff","_opacity":1,"_weight":3},"geometry":{"type":"LineString","coordinates":[[136.27376,36.21645],[136.27128,36.20899],[136.27158,36.20526],[136.27218,36.20053],[136.27278,36.19505],[136.274,36.19331],[136.27428,36.18361],[136.27364,36.17415],[136.27333,36.17117]]}},{"type":"Feature","properties":{"_color":"#3388ff","_opacity":1,"_weight":3},"geometry":{"type":"LineString","coordinates":[[136.281,36.15513],[136.28282,36.14841],[136.28434,36.14157],[136.286,36.1346],[136.28768,36.13]]}},{"type":"Feature","properties":{"_color":"#3388ff","_opacity":1,"_weight":3},"geometry":{"type":"LineString","coordinates":[[136.29263,36.16555],[136.29292,36.15808],[136.29396,36.1485],[136.29409,36.14004]]}},{"type":"Feature","properties":{"_color":"#3388ff","_opacity":1,"_weight":3},"geometry":{"type":"LineString","coordinates":[[136.2993,36.1515],[136.30173,36.14267],[136.30355,36.13682],[136.30476,36.13196],[136.3055,36.124],[136.30517,36.1138]]}},{"type":"Feature","properties":{"_color":"#3388ff","_opacity":1,"_weight":3},"geometry":{"type":"LineString","coordinates":[[136.28981,36.09141],[136.28857,36.08569],[136.28611,36.08357],[136.28518,36.08022],[136.28502,36.0781]]}},{"type":"Feature","properties":{"_color":"#3388ff","_opacity":1,"_weight":3},"geometry":{"type":"LineString","coordinates":[[136.29426,36.09451],[136.29514,36.08157],[136.29694,36.0705],[136.2989,36.06004],[136.30239,36.04859],[136.30527,36.03814],[136.30799,36.02893],[136.30966,36.02283],[136.31056,36.01848]]}},{"type":"Feature","properties":{"_color":"#3388ff","_opacity":1,"_weight":3},"geometry":{"type":"LineString","coordinates":[[135.24934,35.28619],[135.25905,35.29019],[135.26845,35.29468],[135.27694,35.29893],[135.28483,35.30367]]}},{"type":"Feature","properties":{"_color":"#3388ff","_opacity":1,"_weight":3},"geometry":{"type":"LineString","coordinates":[[135.27966,35.30566],[135.28816,35.30691],[135.29514,35.30841],[135.30455,35.31191],[135.31881,35.3189],[135.33065,35.32539],[135.33793,35.32988],[135.344,35.33262],[135.35614,35.33811],[135.36525,35.34185],[135.37406,35.34609],[135.38499,35.35232],[135.39805,35.36005],[135.40686,35.36453],[135.41324,35.36703],[135.41871,35.36877],[135.42449,35.37076],[135.43087,35.37425],[135.43482,35.37674],[135.44029,35.37923],[135.44576,35.38197],[135.4567,35.38795],[135.46552,35.39342],[135.47312,35.3989],[135.48011,35.40388],[135.4865,35.40911],[135.49228,35.41458]]}},{"type":"Feature","properties":{"_color":"#3388ff","_opacity":1,"_weight":3},"geometry":{"type":"LineString","coordinates":[[135.18651,35.27786],[135.19836,35.27439],[135.21356,35.27044],[135.22572,35.26697],[135.2324,35.26524],[135.24607,35.26202],[135.2558,35.25979],[135.26339,35.25806],[135.27311,35.25558],[135.28162,35.2531],[135.29195,35.24962]]}},{"type":"Feature","properties":{"_color":"#3388ff","_opacity":1,"_weight":3},"geometry":{"type":"LineString","coordinates":[[135.29311,35.25445],[135.30314,35.24873],[135.31135,35.24376],[135.32016,35.23903],[135.32502,35.23729],[135.32897,35.23555],[135.33535,35.23182],[135.34901,35.22685],[135.35478,35.22486],[135.35964,35.22436],[135.36359,35.22212],[135.36602,35.22138],[135.37179,35.21864],[135.38242,35.21292],[135.39304,35.20868]]}},{"type":"Feature","properties":{"_color":"#3388ff","_opacity":1,"_weight":3},"geometry":{"type":"LineString","coordinates":[[135.32279,35.24013],[135.33493,35.23989],[135.34282,35.2394],[135.34859,35.23841],[135.36316,35.23418],[135.3747,35.23045],[135.39018,35.22523],[135.39747,35.22299],[135.40688,35.221],[135.4172,35.21975],[135.43146,35.21901],[135.44754,35.219],[135.45664,35.21825],[135.46392,35.218]]}},{"type":"Feature","properties":{"_color":"#3388ff","_opacity":1,"_weight":3},"geometry":{"type":"LineString","coordinates":[[135.36531,35.17612],[135.3729,35.17226],[135.382,35.16865],[135.38974,35.16691],[135.39838,35.1653],[135.41006,35.16405],[135.42461,35.16281],[135.43614,35.16194],[135.44675,35.16106],[135.45873,35.16006],[135.46752,35.15894],[135.47374,35.15782],[135.47935,35.15682],[135.48784,35.15594],[135.49572,35.15519],[135.503,35.15369],[135.51679,35.15069],[135.52346,35.14869],[135.53104,35.14558],[135.53952,35.14009],[135.54877,35.13323],[135.55679,35.12662],[135.56194,35.12101],[135.56679,35.11627],[135.57224,35.11265],[135.58057,35.10778],[135.58995,35.10291],[135.59828,35.09854],[135.60797,35.09392]]}},{"type":"Feature","properties":{"_color":"#3388ff","_opacity":1,"_weight":3},"geometry":{"type":"LineString","coordinates":[[135.51963,35.11158],[135.52811,35.10684],[135.5366,35.1021],[135.5469,35.09835],[135.55507,35.09361],[135.56355,35.08937],[135.57112,35.08463],[135.57506,35.08188]]}},{"type":"Feature","properties":{"_color":"#3388ff","_opacity":1,"_weight":3},"geometry":{"type":"LineString","coordinates":[[135.56609,35.0813],[135.56851,35.07681],[135.56972,35.07207]]}},{"type":"Feature","properties":{"_color":"#3388ff","_opacity":1,"_weight":3},"geometry":{"type":"LineString","coordinates":[[135.56887,35.06704],[135.5725,35.0628],[135.57552,35.05956]]}},{"type":"Feature","properties":{"_color":"#3388ff","_opacity":1,"_weight":3},"geometry":{"type":"LineString","coordinates":[[135.58025,35.05911],[135.58145,35.05462],[135.58236,35.05088],[135.58356,35.04789],[135.58538,35.04565]]}},{"type":"Feature","properties":{"_color":"#3388ff","_opacity":1,"_weight":3},"geometry":{"type":"LineString","coordinates":[[135.56686,35.06092],[135.57079,35.05319],[135.57412,35.04771],[135.57654,35.04322],[135.58137,35.03574],[135.58651,35.031],[135.59075,35.02626]]}},{"type":"Feature","properties":{"_color":"#3388ff","_opacity":1,"_weight":3},"geometry":{"type":"LineString","coordinates":[[135.58646,35.04096],[135.58797,35.03498],[135.59009,35.03149],[135.59341,35.027],[135.59674,35.02376]]}},{"type":"Feature","properties":{"_color":"#3388ff","_opacity":1,"_weight":3},"geometry":{"type":"LineString","coordinates":[[135.59892,35.02381],[135.60285,35.02056],[135.60617,35.01881],[135.6095,35.01707]]}},{"type":"Feature","properties":{"_color":"#3388ff","_opacity":1,"_weight":3},"geometry":{"type":"LineString","coordinates":[[135.59764,35.02366],[135.59885,35.02042]]}},{"type":"Feature","properties":{"_color":"#3388ff","_opacity":1,"_weight":3},"geometry":{"type":"LineString","coordinates":[[135.60121,35.01862],[135.60544,35.01488]]}},{"type":"Feature","properties":{"_color":"#3388ff","_opacity":1,"_weight":3},"geometry":{"type":"LineString","coordinates":[[135.60962,35.01398],[135.61597,35.00849],[135.61959,35.0035],[135.62443,34.99701],[135.63077,34.99102],[135.6344,34.98878]]}},{"type":"Feature","properties":{"_color":"#3388ff","_opacity":1,"_weight":3},"geometry":{"type":"LineString","coordinates":[[135.60967,35.09428],[135.60996,35.0893],[135.60966,35.08631],[135.60814,35.08282],[135.60753,35.07884],[135.60782,35.0761],[135.60903,35.07236]]}},{"type":"Feature","properties":{"_color":"#3388ff","_opacity":1,"_weight":3},"geometry":{"type":"LineString","coordinates":[[135.61078,35.10898],[135.61077,35.10375],[135.61107,35.09852],[135.61197,35.09379],[135.61287,35.0913],[135.61347,35.08806],[135.61287,35.08581],[135.61135,35.08308],[135.61134,35.07934],[135.61133,35.07336],[135.61193,35.06614],[135.61374,35.0604],[135.61555,35.05641],[135.61676,35.05293],[135.61796,35.05068],[135.62129,35.04818],[135.62553,35.04594],[135.62976,35.04294],[135.634,35.04119],[135.63763,35.04069],[135.64247,35.03769],[135.64973,35.03244],[135.65577,35.02869],[135.66121,35.02545],[135.66666,35.0217],[135.66968,35.0192]]}},{"type":"Feature","properties":{"_color":"#3388ff","_opacity":1,"_weight":3},"geometry":{"type":"LineString","coordinates":[[135.66216,35.04662],[135.66578,35.03889],[135.67031,35.03166],[135.67242,35.02742],[135.67392,35.02343],[135.67391,35.01745],[135.6733,35.01322]]}},{"type":"Feature","properties":{"_color":"#3388ff","_opacity":1,"_weight":3},"geometry":{"type":"LineString","coordinates":[[135.67163,35.02588],[135.67162,35.0189]]}},{"type":"Feature","properties":{"_color":"#3388ff","_opacity":1,"_weight":3},"geometry":{"type":"LineString","coordinates":[[135.68145,35.00443],[135.68507,34.99919],[135.68597,34.99645],[135.68506,34.99346],[135.68475,34.99047],[135.68504,34.98624]]}},{"type":"Feature","properties":{"_color":"#3388ff","_opacity":1,"_weight":3},"geometry":{"type":"LineString","coordinates":[[135.68821,34.9945],[135.6891,34.98952],[135.68879,34.98678],[135.68758,34.98429],[135.68878,34.9813],[135.68787,34.97856],[135.68756,34.97557],[135.68936,34.97083],[135.69267,34.96211],[135.69417,34.95812],[135.69748,34.95188],[135.69959,34.94889],[135.70201,34.94739],[135.70382,34.94514],[135.70472,34.94215],[135.7038,34.93792],[135.70259,34.93618]]}},{"type":"Feature","properties":{"_color":"#3388ff","_opacity":1,"_weight":3},"geometry":{"type":"LineString","coordinates":[[135.63482,34.98833],[135.6448,34.98532],[135.64963,34.98257],[135.65447,34.97982],[135.65961,34.97657],[135.66353,34.97407],[135.66534,34.96984],[135.66564,34.9661],[135.66442,34.96187],[135.66169,34.95813],[135.66108,34.9539],[135.66107,34.94967],[135.66258,34.94717],[135.66771,34.94318],[135.67133,34.93943],[135.67525,34.93469],[135.67555,34.9327],[135.67494,34.93046],[135.67251,34.92772],[135.66949,34.92499],[135.66917,34.92001],[135.67007,34.91701],[135.67279,34.91327],[135.67701,34.91027],[135.68093,34.90628],[135.68274,34.90304],[135.68273,34.9003]]}},{"type":"Feature","properties":{"_color":"#3388ff","_opacity":1,"_weight":3},"geometry":{"type":"LineString","coordinates":[[135.67726,34.91316],[135.68299,34.90742],[135.6845,34.90493],[135.68509,34.90119]]}},{"type":"Feature","properties":{"_color":"#3388ff","_opacity":1,"_weight":3},"geometry":{"type":"LineString","coordinates":[[135.66593,34.95897],[135.66773,34.95349],[135.66984,34.95049],[135.67286,34.94775],[135.67618,34.94326],[135.67677,34.94027],[135.67767,34.93553],[135.68008,34.93054],[135.6843,34.92605],[135.68822,34.92181],[135.69305,34.91707],[135.69757,34.91257]]}},{"type":"Feature","properties":{"_color":"#3388ff","_opacity":1,"_weight":3},"geometry":{"type":"LineString","coordinates":[[135.65748,34.97234],[135.65626,34.96537],[135.65443,34.95989],[135.65231,34.95566],[135.64988,34.95193],[135.64806,34.94745],[135.64684,34.94322],[135.64683,34.93724],[135.64773,34.932],[135.64923,34.92677],[135.65104,34.92079],[135.65314,34.9163],[135.65464,34.91007],[135.65494,34.90534],[135.65613,34.89487],[135.65611,34.88665]]}},{"type":"Feature","properties":{"_color":"#3388ff","_opacity":1,"_weight":3},"geometry":{"type":"LineString","coordinates":[[140.12967,38.29634],[140.12713,38.28935],[140.12475,38.2841],[140.12285,38.2801],[140.12079,38.27798],[140.11921,38.27623],[140.11857,38.27311],[140.11825,38.27123]]}},{"type":"Feature","properties":{"_color":"#3388ff","_opacity":1,"_weight":3},"geometry":{"type":"LineString","coordinates":[[140.12839,38.28323],[140.13505,38.2901],[140.14012,38.29522],[140.14329,38.29984],[140.14536,38.30396]]}},{"type":"Feature","properties":{"_color":"#3388ff","_opacity":1,"_weight":3},"geometry":{"type":"LineString","coordinates":[[140.15154,38.30646],[140.14884,38.30159],[140.14583,38.29884],[140.14487,38.29622],[140.14234,38.29247],[140.14028,38.28897],[140.13726,38.28485],[140.13394,38.28098],[140.13108,38.27873],[140.12792,38.2766],[140.12491,38.27535]]}},{"type":"Feature","properties":{"_color":"#3388ff","_opacity":1,"_weight":3},"geometry":{"type":"LineString","coordinates":[[140.095,38.23939],[140.09437,38.23577],[140.0939,38.23302],[140.09421,38.23115],[140.09516,38.22928]]}},{"type":"Feature","properties":{"_color":"#3388ff","_opacity":1,"_weight":3},"geometry":{"type":"LineString","coordinates":[[140.06499,38.2122],[140.05992,38.20895]]}},{"type":"Feature","properties":{"_color":"#3388ff","_opacity":1,"_weight":3},"geometry":{"type":"LineString","coordinates":[[140.06595,38.21107],[140.06089,38.20757],[140.05852,38.20594],[140.05773,38.20481],[140.05646,38.20306],[140.05472,38.20144],[140.05267,38.20069],[140.04982,38.20006],[140.04776,38.19931],[140.04476,38.19719],[140.04239,38.19556],[140.04065,38.19393],[140.03922,38.19268],[140.03859,38.19018],[140.03844,38.18681],[140.03844,38.18419],[140.03844,38.18306],[140.03749,38.18219],[140.03575,38.18144],[140.03481,38.18044],[140.03481,38.17919],[140.03417,38.17781],[140.03196,38.17519],[140.02991,38.17294],[140.02722,38.17069],[140.02564,38.16869],[140.02391,38.16594],[140.02201,38.16369],[140.0198,38.16106]]}},{"type":"Feature","properties":{"_color":"#3388ff","_opacity":1,"_weight":3},"geometry":{"type":"LineString","coordinates":[[140.00473,38.13043],[140.00599,38.13393],[140.00741,38.13693],[140.00931,38.13943],[140.00994,38.14193],[140.00977,38.14468],[140.01088,38.14655],[140.01214,38.14793],[140.01277,38.15042],[140.01388,38.15255],[140.01846,38.1563],[140.02177,38.15893],[140.0243,38.16105],[140.02841,38.16431]]}},{"type":"Feature","properties":{"_color":"#3388ff","_opacity":1,"_weight":3},"geometry":{"type":"LineString","coordinates":[[140.00367,38.14739],[140.00256,38.14364],[140.00193,38.14202],[140.00114,38.14014]]}},{"type":"Feature","properties":{"_color":"#3388ff","_opacity":1,"_weight":3},"geometry":{"type":"LineString","coordinates":[[140.00514,38.1375],[140.00672,38.13988],[140.00783,38.14163]]}},{"type":"Feature","properties":{"_color":"#3388ff","_opacity":1,"_weight":3},"geometry":{"type":"LineString","coordinates":[[139.9949,38.14341],[139.99538,38.14091],[139.99475,38.13904],[139.9938,38.13779],[139.9927,38.13666],[139.99222,38.13516],[139.99222,38.13404],[139.99223,38.13242]]}},{"type":"Feature","properties":{"_color":"#3388ff","_opacity":1,"_weight":3},"geometry":{"type":"LineString","coordinates":[[139.99564,38.12907],[139.99816,38.13145]]}},{"type":"Feature","properties":{"_color":"#3388ff","_opacity":1,"_weight":3},"geometry":{"type":"LineString","coordinates":[[140.00079,38.12995],[139.9989,38.1272],[139.99621,38.12494],[139.994,38.12207],[139.9918,38.11907],[139.98896,38.11669],[139.98738,38.11344],[139.98659,38.11094],[139.98628,38.10819],[139.98597,38.10432],[139.98597,38.10132],[139.98693,38.09808],[139.98709,38.0957],[139.98677,38.09245],[139.98631,38.08796]]}},{"type":"Feature","properties":{"_color":"#3388ff","_opacity":1,"_weight":3},"geometry":{"type":"LineString","coordinates":[[139.98706,38.09013],[139.98706,38.08613],[139.98612,38.08251],[139.98502,38.08026],[139.98391,38.07838],[139.98297,38.07613],[139.98187,38.07351],[139.98045,38.06913],[139.97998,38.06626],[139.9803,38.06414],[139.98173,38.06214],[139.98204,38.05951],[139.98284,38.05627],[139.98505,38.05277],[139.98727,38.04953],[139.98901,38.04641],[139.99011,38.04466],[139.99106,38.04228],[139.99107,38.03979],[139.9917,38.03679],[139.99218,38.03354],[139.99234,38.03042],[139.99392,38.02767],[139.99566,38.0268],[139.99897,38.02693],[140.0015,38.02618],[140.0026,38.02506],[140.00497,38.02231],[140.0075,38.02044],[140.01019,38.01919],[140.01176,38.01857]]}},{"type":"Feature","properties":{"_color":"#3388ff","_opacity":1,"_weight":3},"geometry":{"type":"LineString","coordinates":[[140.01703,37.94837],[140.01829,37.95187],[140.01923,37.95587],[140.02128,37.959],[140.02301,37.96174],[140.02317,37.96412],[140.02537,37.96774],[140.02962,37.97212],[140.03183,37.97437],[140.03294,37.97487],[140.03561,37.97587],[140.03908,37.978],[140.04034,37.98025],[140.04113,37.985],[140.04113,37.98799],[140.04034,37.99386],[140.03907,37.99599],[140.03686,37.99824],[140.03607,38.00086],[140.03639,38.00386],[140.03828,38.00873],[140.04032,38.01423],[140.04174,38.01785],[140.04332,38.02185],[140.04411,38.02448],[140.04442,38.02885],[140.0441,38.03085],[140.04331,38.03322],[140.0441,38.03709],[140.04489,38.04022],[140.04631,38.04359],[140.04741,38.04634]]}},{"type":"Feature","properties":{"_color":"#3388ff","_opacity":1,"_weight":3},"geometry":{"type":"LineString","coordinates":[[140.02289,37.96377],[140.01989,37.96127],[140.01879,37.96039],[140.01832,37.95914],[140.01816,37.95739],[140.01753,37.95527],[140.01675,37.95152],[140.01533,37.9479],[140.01376,37.94452],[140.01187,37.94214],[140.01061,37.93915],[140.00982,37.93677],[140.00904,37.93352]]}},{"type":"Feature","properties":{"_color":"#3388ff","_opacity":1,"_weight":3},"geometry":{"type":"LineString","coordinates":[[140.02304,37.93721],[140.0232,37.93371],[140.02352,37.92972],[140.02494,37.9241],[140.0262,37.91947],[140.02857,37.91373],[140.03062,37.91073],[140.03298,37.90848]]}},{"type":"Feature","properties":{"_color":"#3388ff","_opacity":1,"_weight":3},"geometry":{"type":"LineString","coordinates":[[140.0386,37.90292],[140.04159,37.89905],[140.04349,37.8958],[140.04443,37.89417],[140.04506,37.89168],[140.04538,37.88968]]}},{"type":"Feature","properties":{"_color":"#3388ff","_opacity":1,"_weight":3},"geometry":{"type":"LineString","coordinates":[[140.04695,37.88668],[140.04711,37.88493],[140.04711,37.88393]]}},{"type":"Feature","properties":{"_color":"#3388ff","_opacity":1,"_weight":3},"geometry":{"type":"LineString","coordinates":[[140.04364,37.88705],[140.0438,37.88443],[140.0438,37.88155],[140.04317,37.87743],[140.04317,37.87543],[140.04302,37.87206],[140.04318,37.86956]]}},{"type":"Feature","properties":{"_color":"#3388ff","_opacity":1,"_weight":3},"geometry":{"type":"LineString","coordinates":[[140.05661,37.97514],[140.05346,37.97139],[140.05015,37.96739],[140.04621,37.96264],[140.04227,37.95851]]}},{"type":"Feature","properties":{"_color":"#3388ff","_opacity":1,"_weight":3},"geometry":{"type":"LineString","coordinates":[[140.05495,37.98109],[140.05827,37.97747],[140.06095,37.97472],[140.06347,37.97247],[140.06584,37.96822],[140.06789,37.96485],[140.0682,37.96235],[140.0682,37.95861],[140.06899,37.95498],[140.06947,37.95099],[140.07057,37.94786],[140.07309,37.94487],[140.07577,37.94212],[140.07719,37.93937],[140.07861,37.93612],[140.07971,37.93288],[140.08003,37.929],[140.08034,37.92513],[140.0805,37.91888],[140.08082,37.91626],[140.0805,37.91451],[140.08019,37.91239],[140.08082,37.91076],[140.08192,37.90977],[140.08208,37.90777],[140.08145,37.90589],[140.08113,37.90464],[140.08145,37.90214],[140.08176,37.90002],[140.08286,37.89827],[140.08633,37.8954],[140.08775,37.89328],[140.08885,37.8904],[140.09042,37.88615],[140.09184,37.88228],[140.09341,37.87841],[140.09373,37.87629],[140.09404,37.87341],[140.0942,37.87054],[140.09436,37.86704],[140.0942,37.86304],[140.09341,37.86029],[140.09294,37.85717],[140.09152,37.85417]]}},{"type":"Feature","properties":{"_color":"#3388ff","_opacity":1,"_weight":3},"geometry":{"type":"LineString","coordinates":[[140.0612,37.97265],[140.06136,37.97015],[140.06136,37.96865]]}},{"type":"Feature","properties":{"_color":"#3388ff","_opacity":1,"_weight":3},"geometry":{"type":"LineString","coordinates":[[135.19619,34.68167],[135.18944,34.66769],[135.18699,34.66096],[135.18514,34.64854],[135.18511,34.63869],[135.18205,34.63144],[135.17776,34.61902],[135.17408,34.60815],[135.16735,34.59573]]}},{"type":"Feature","properties":{"_color":"#3388ff","_opacity":1,"_weight":3},"geometry":{"type":"LineString","coordinates":[[135.23597,34.6821],[135.2329,34.67278],[135.23167,34.66398],[135.22981,34.64948],[135.22855,34.63652],[135.22364,34.62566],[135.21997,34.62049],[135.20712,34.6143],[135.1906,34.60811],[135.17775,34.60089],[135.1649,34.59366],[135.15022,34.58281],[135.13799,34.57143],[135.12454,34.55799],[135.11477,34.54868],[135.1056,34.53833],[135.09827,34.52539],[135.09278,34.51089],[135.08729,34.48655],[135.08181,34.4648],[135.07815,34.45082],[135.07267,34.43477],[135.06657,34.42597],[135.05987,34.41147],[135.05256,34.39335],[135.04769,34.37885],[135.04344,34.36332]]}},{"type":"Feature","properties":{"_color":"#3388ff","_opacity":1,"_weight":3},"geometry":{"type":"LineString","coordinates":[[135.16183,34.55275],[135.15388,34.54136],[135.15143,34.53774],[135.14471,34.52791],[135.14165,34.52274],[135.13493,34.50876]]}},{"type":"Feature","properties":{"_color":"#3388ff","_opacity":1,"_weight":3},"geometry":{"type":"LineString","coordinates":[[135.25065,34.67015],[135.25123,34.66133],[135.2506,34.65486],[135.25029,34.6502],[135.24784,34.64632],[135.24385,34.64219],[135.2365,34.63599],[135.22946,34.62953],[135.22364,34.62333],[135.22058,34.62074]]}},{"type":"Feature","properties":{"_color":"#3388ff","_opacity":1,"_weight":3},"geometry":{"type":"LineString","coordinates":[[134.8904,34.42238],[134.88123,34.41837],[134.87573,34.41436],[134.87144,34.40934],[134.86654,34.40332],[134.86347,34.3988]]}},{"type":"Feature","properties":{"_color":"#3388ff","_opacity":1,"_weight":3},"geometry":{"type":"LineString","coordinates":[[134.82187,34.35513],[134.82857,34.35112],[134.83344,34.35012],[134.83955,34.35213],[134.84322,34.35665],[134.84567,34.36217],[134.84691,34.36819],[134.84876,34.37371],[134.85122,34.38023],[134.85306,34.38525],[134.85247,34.39127],[134.85431,34.39529],[134.85677,34.3998],[134.85801,34.40582],[134.86046,34.41034],[134.86291,34.41285]]}},{"type":"Feature","properties":{"_color":"#3388ff","_opacity":1,"_weight":3},"geometry":{"type":"LineString","coordinates":[[134.82058,34.32753],[134.82609,34.33557],[134.82975,34.33908],[134.83464,34.3436]]}},{"type":"Feature","properties":{"_color":"#3388ff","_opacity":1,"_weight":3},"geometry":{"type":"LineString","coordinates":[[134.84441,34.34661],[134.84808,34.35063]]}},{"type":"Feature","properties":{"_color":"#3388ff","_opacity":1,"_weight":3},"geometry":{"type":"LineString","coordinates":[[134.85301,34.36869],[134.85116,34.36167]]}},{"type":"Feature","properties":{"_color":"#3388ff","_opacity":1,"_weight":3},"geometry":{"type":"LineString","coordinates":[[134.86585,34.37873],[134.86278,34.3712]]}},{"type":"Feature","properties":{"_color":"#3388ff","_opacity":1,"_weight":3},"geometry":{"type":"LineString","coordinates":[[134.86399,34.36869],[134.87499,34.37522],[134.88843,34.38174],[134.89148,34.38274]]}},{"type":"Feature","properties":{"_color":"#3388ff","_opacity":1,"_weight":3},"geometry":{"type":"LineString","coordinates":[[135.08578,34.63474],[135.07692,34.63016],[135.06561,34.62432],[135.0546,34.61845],[135.04115,34.61387],[135.03504,34.61208],[135.0222,34.61053],[135.01639,34.61027],[135.00632,34.60925],[134.99776,34.60822]]}},{"type":"Feature","properties":{"_color":"#3388ff","_opacity":1,"_weight":3},"geometry":{"type":"LineString","coordinates":[[134.99299,34.60651],[134.98261,34.59888],[134.97743,34.5938],[134.97225,34.58846],[134.96798,34.58414],[134.96556,34.57906],[134.96282,34.57525],[134.95886,34.56966],[134.95429,34.5656],[134.95003,34.56026],[134.94577,34.55619],[134.94517,34.55239],[134.94427,34.54959],[134.94183,34.54629],[134.93726,34.54298],[134.93056,34.53789],[134.92599,34.53458],[134.92355,34.53179],[134.92143,34.52798],[134.919,34.52391],[134.91657,34.52137],[134.91231,34.51806],[134.91048,34.51578],[134.90927,34.51298],[134.90898,34.50867],[134.90869,34.50664]]}},{"type":"Feature","properties":{"_color":"#3388ff","_opacity":1,"_weight":3},"geometry":{"type":"LineString","coordinates":[[134.88193,34.52373],[134.89169,34.5268],[134.90358,34.53165],[134.91242,34.53599],[134.92127,34.54007],[134.93011,34.54542],[134.93529,34.54898],[134.93651,34.55]]}},{"type":"Feature","properties":{"_color":"#3388ff","_opacity":1,"_weight":3},"geometry":{"type":"LineString","coordinates":[[134.90306,34.50663],[134.90676,34.49801],[134.91076,34.48966],[134.91446,34.48206]]}},{"type":"Feature","properties":{"_color":"#3388ff","_opacity":1,"_weight":3},"geometry":{"type":"LineString","coordinates":[[134.93197,34.53883],[134.93928,34.54418],[134.94141,34.54621],[134.94354,34.54901],[134.94414,34.55281],[134.94474,34.5556],[134.94961,34.56043],[134.95418,34.56526],[134.95722,34.56882],[134.96058,34.57238],[134.96452,34.57949],[134.96726,34.58355],[134.97244,34.58889],[134.97976,34.59651],[134.98677,34.6016],[134.99196,34.60567]]}},{"type":"Feature","properties":{"_color":"#3388ff","_opacity":1,"_weight":3},"geometry":{"type":"LineString","coordinates":[[135.50658,34.83391],[135.49185,34.82862],[135.48387,34.82458],[135.47589,34.82104],[135.46883,34.81852],[135.46391,34.81447],[135.45869,34.81143],[135.45286,34.80992],[135.44857,34.80739],[135.44304,34.80512],[135.43967,34.80411]]}},{"type":"Feature","properties":{"_color":"#3388ff","_opacity":1,"_weight":3},"geometry":{"type":"LineString","coordinates":[[135.36791,34.78392],[135.37742,34.78568],[135.38508,34.78796],[135.38784,34.78922]]}},{"type":"Feature","properties":{"_color":"#3388ff","_opacity":1,"_weight":3},"geometry":{"type":"LineString","coordinates":[[135.38262,34.78466],[135.39611,34.7882],[135.40562,34.79148],[135.41329,34.79375]]}},{"type":"Feature","properties":{"_color":"#3388ff","_opacity":1,"_weight":3},"geometry":{"type":"LineString","coordinates":[[135.38261,34.77325],[135.39303,34.77603],[135.401,34.78008],[135.41051,34.78412],[135.41542,34.78792]]}},{"type":"Feature","properties":{"_color":"#3388ff","_opacity":1,"_weight":3},"geometry":{"type":"LineString","coordinates":[[135.34342,34.80017],[135.34924,34.79788],[135.35169,34.7956],[135.35168,34.79306],[135.35076,34.79027],[135.35198,34.78774],[135.35229,34.7852],[135.3529,34.78241],[135.35351,34.78114]]}},{"type":"Feature","properties":{"_color":"#3388ff","_opacity":1,"_weight":3},"geometry":{"type":"LineString","coordinates":[[135.33821,34.80499],[135.33943,34.79865],[135.33881,34.79434],[135.3385,34.79206]]}},{"type":"Feature","properties":{"_color":"#3388ff","_opacity":1,"_weight":3},"geometry":{"type":"LineString","coordinates":[[135.30382,34.72285],[135.31149,34.72842],[135.31823,34.73298],[135.32374,34.73704],[135.32987,34.74033],[135.33539,34.74337],[135.33846,34.74666],[135.34091,34.75021],[135.34643,34.75274],[135.34949,34.75502],[135.35195,34.75908],[135.35256,34.76263]]}},{"type":"Feature","properties":{"_color":"#3388ff","_opacity":1,"_weight":3},"geometry":{"type":"LineString","coordinates":[[135.3335,34.75144],[135.343,34.75726],[135.35189,34.76284],[135.3571,34.76638],[135.35925,34.76866]]}},{"type":"Feature","properties":{"_color":"#3388ff","_opacity":1,"_weight":3},"geometry":{"type":"LineString","coordinates":[[135.31089,34.7477],[135.32161,34.75124],[135.32682,34.75403],[135.33265,34.75884],[135.33847,34.76518],[135.34277,34.76999],[135.34768,34.77481]]}},{"type":"Feature","properties":{"_color":"#3388ff","_opacity":1,"_weight":3},"geometry":{"type":"LineString","coordinates":[[135.32591,34.76163],[135.33235,34.76518],[135.33633,34.76797]]}},{"type":"Feature","properties":{"_color":"#3388ff","_opacity":1,"_weight":3},"geometry":{"type":"LineString","coordinates":[[135.31458,34.76418],[135.31795,34.76798],[135.32194,34.7728]]}},{"type":"Feature","properties":{"_color":"#3388ff","_opacity":1,"_weight":3},"geometry":{"type":"LineString","coordinates":[[135.32713,34.75352],[135.32345,34.74972],[135.31946,34.74668],[135.31609,34.7444]]}},{"type":"Feature","properties":{"_color":"#3388ff","_opacity":1,"_weight":3},"geometry":{"type":"LineString","coordinates":[[135.31211,34.74288],[135.30598,34.73984],[135.302,34.73984],[135.29894,34.73882],[135.29495,34.73629],[135.29189,34.73376],[135.28821,34.73224],[135.28362,34.73097],[135.28025,34.72945]]}},{"type":"Feature","properties":{"_color":"#3388ff","_opacity":1,"_weight":3},"geometry":{"type":"LineString","coordinates":[[135.23186,34.72337],[135.23829,34.72362],[135.24625,34.72463],[135.25177,34.72768],[135.25667,34.72945],[135.26218,34.73021],[135.27014,34.73097],[135.2778,34.73224],[135.28331,34.733],[135.28546,34.73427],[135.28944,34.7368]]}},{"type":"Feature","properties":{"_color":"#3388ff","_opacity":1,"_weight":3},"geometry":{"type":"LineString","coordinates":[[135.2922,34.73908],[135.29771,34.74466],[135.30078,34.74947],[135.30599,34.75759],[135.30845,34.76393],[135.31029,34.76925],[135.3106,34.77635],[135.31153,34.7832],[135.31306,34.78548],[135.31674,34.787],[135.32318,34.79004],[135.32686,34.79283],[135.32901,34.79561],[135.32962,34.79916],[135.32993,34.80195]]}},{"type":"Feature","properties":{"_color":"#3388ff","_opacity":1,"_weight":3},"geometry":{"type":"LineString","coordinates":[[135.22023,34.71981],[135.22758,34.7226],[135.23462,34.72514],[135.24105,34.72793],[135.24717,34.72996],[135.25085,34.73098]]}},{"type":"Feature","properties":{"_color":"#3388ff","_opacity":1,"_weight":3},"geometry":{"type":"LineString","coordinates":[[135.25269,34.74036],[135.26065,34.7467],[135.26831,34.75354],[135.27536,34.75912],[135.28057,34.76394],[135.28425,34.76698]]}},{"type":"Feature","properties":{"_color":"#3388ff","_opacity":1,"_weight":3},"geometry":{"type":"LineString","coordinates":[[135.30632,34.79233],[135.29927,34.78599],[135.29222,34.77991],[135.28456,34.77256],[135.28057,34.76876],[135.27659,34.76495],[135.27383,34.76191],[135.26923,34.75938],[135.26494,34.75532],[135.26218,34.75126],[135.25728,34.7467],[135.25146,34.74112],[135.24656,34.73605],[135.2435,34.73351],[135.23554,34.72996],[135.2288,34.72742],[135.22421,34.72565]]}},{"type":"Feature","properties":{"_color":"#3388ff","_opacity":1,"_weight":3},"geometry":{"type":"LineString","coordinates":[[135.23339,34.73782],[135.2386,34.73807],[135.24258,34.73985],[135.24717,34.74391],[135.25698,34.75405],[135.26494,34.76267],[135.27475,34.77459],[135.28119,34.78042],[135.2913,34.78803],[135.29897,34.79132],[135.30602,34.79284],[135.31092,34.7941],[135.32165,34.79917],[135.3284,34.80195],[135.3376,34.80677]]}},{"type":"Feature","properties":{"_color":"#3388ff","_opacity":1,"_weight":3},"geometry":{"type":"LineString","coordinates":[[135.23431,34.73934],[135.22696,34.733],[135.22145,34.72843],[135.21533,34.72387],[135.21012,34.72082],[135.20308,34.71803],[135.19726,34.71499],[135.18808,34.71067],[135.17798,34.70661],[135.17002,34.7028],[135.16452,34.70001],[135.15901,34.69645],[135.15503,34.69341],[135.14861,34.68884]]}},{"type":"Feature","properties":{"_color":"#3388ff","_opacity":1,"_weight":3},"geometry":{"type":"LineString","coordinates":[[135.17035,34.68682],[135.17891,34.69342],[135.18748,34.69951],[135.19513,34.7056],[135.20553,34.71296],[135.21227,34.71753],[135.21778,34.72159],[135.22053,34.72362]]}},{"type":"Feature","properties":{"_color":"#3388ff","_opacity":1,"_weight":3},"geometry":{"type":"LineString","coordinates":[[135.22611,34.70612],[135.23315,34.70739],[135.23683,34.70865],[135.24203,34.71018],[135.24662,34.71195]]}},{"type":"Feature","properties":{"_color":"#3388ff","_opacity":1,"_weight":3},"geometry":{"type":"LineString","coordinates":[[135.20175,34.69901],[135.20848,34.7018],[135.21368,34.70434],[135.21828,34.70611]]}},{"type":"Feature","properties":{"_color":"#3388ff","_opacity":1,"_weight":3},"geometry":{"type":"LineString","coordinates":[[135.17204,34.67909],[135.17815,34.68353],[135.18336,34.68696],[135.18825,34.69026],[135.19085,34.69254]]}},{"type":"Feature","properties":{"_color":"#3388ff","_opacity":1,"_weight":3},"geometry":{"type":"LineString","coordinates":[[135.08596,34.63856],[135.0945,34.65061],[135.09801,34.65683],[135.10136,34.66343],[135.10426,34.66939],[135.10578,34.67155],[135.1067,34.6732]]}},{"type":"Feature","properties":{"_color":"#3388ff","_opacity":1,"_weight":3},"geometry":{"type":"LineString","coordinates":[[135.10701,34.67256],[135.11527,34.67384],[135.12032,34.67537],[135.12582,34.67702],[135.1347,34.67906],[135.13944,34.68008],[135.14403,34.68198],[135.15015,34.68491],[135.15718,34.68859],[135.16269,34.69176],[135.16728,34.69278],[135.17248,34.6938],[135.17539,34.69418],[135.17876,34.69431]]}},{"type":"Feature","properties":{"_color":"#3388ff","_opacity":1,"_weight":3},"geometry":{"type":"LineString","coordinates":[[135.09193,34.63565],[135.10033,34.642],[135.10598,34.64632],[135.11148,34.65025],[135.11577,34.65089],[135.11837,34.65166],[135.1205,34.65255],[135.12432,34.6561],[135.12753,34.66067],[135.13089,34.66511],[135.13379,34.66942],[135.13578,34.67196],[135.13883,34.67488],[135.14128,34.67691]]}},{"type":"Feature","properties":{"_color":"#3388ff","_opacity":1,"_weight":3},"geometry":{"type":"LineString","coordinates":[[135.11823,34.641],[135.12281,34.64418],[135.12495,34.64621],[135.1277,34.65078],[135.12953,34.65522],[135.13166,34.65788],[135.13671,34.66055],[135.14053,34.66208],[135.14298,34.66309],[135.14711,34.66576],[135.15032,34.66817],[135.15139,34.67083],[135.15337,34.67299],[135.15765,34.67692],[135.16025,34.67946],[135.16224,34.68111]]}},{"type":"Feature","properties":{"_color":"#3388ff","_opacity":1,"_weight":3},"geometry":{"type":"LineString","coordinates":[[135.09018,34.63334],[135.07979,34.62724],[135.07276,34.62267],[135.06022,34.61402],[135.05168,34.60639],[135.04741,34.60233],[135.04101,34.59471],[135.03796,34.59039],[135.03219,34.58177],[135.02945,34.57822],[135.02488,34.57136],[135.0194,34.56501],[135.01452,34.55942],[135.00995,34.55409]]}},{"type":"Feature","properties":{"_color":"#3388ff","_opacity":1,"_weight":3},"geometry":{"type":"LineString","coordinates":[[135.08789,34.62582],[135.07965,34.61846],[135.07721,34.61566],[135.0708,34.60881],[135.06836,34.60678],[135.06257,34.60017]]}},{"type":"Feature","properties":{"_color":"#3388ff","_opacity":1,"_weight":3},"geometry":{"type":"LineString","coordinates":[[135.05627,34.60203],[135.05322,34.5962],[135.04957,34.58985],[135.04561,34.583],[135.04135,34.5769],[135.03708,34.57081],[135.03404,34.56472],[135.03222,34.56142]]}},{"type":"Feature","properties":{"_color":"#3388ff","_opacity":1,"_weight":3},"geometry":{"type":"LineString","coordinates":[[135.01892,34.55271],[135.01802,34.54536],[135.01682,34.53825],[135.01652,34.53623]]}},{"type":"Feature","properties":{"_color":"#3388ff","_opacity":1,"_weight":3},"geometry":{"type":"LineString","coordinates":[[135.0307,34.55685],[135.03011,34.55],[135.0286,34.54366],[135.02586,34.53833],[135.02099,34.53274]]}},{"type":"Feature","properties":{"_color":"#3388ff","_opacity":1,"_weight":3},"geometry":{"type":"LineString","coordinates":[[135.02163,34.52742],[135.02103,34.5226],[135.02013,34.51905]]}},{"type":"Feature","properties":{"_color":"#3388ff","_opacity":1,"_weight":3},"geometry":{"type":"LineString","coordinates":[[135.01776,34.51442],[135.01473,34.50554],[135.01109,34.49818],[135.00744,34.49082],[135.00562,34.48853]]}},{"type":"Feature","properties":{"_color":"#3388ff","_opacity":1,"_weight":3},"geometry":{"type":"LineString","coordinates":[[135.0041,34.48624],[134.99954,34.47863],[134.9965,34.47431],[134.99498,34.47202]]}},{"type":"Feature","properties":{"_color":"#3388ff","_opacity":1,"_weight":3},"geometry":{"type":"LineString","coordinates":[[134.91782,34.45638],[134.9233,34.45944],[134.92695,34.46097],[134.93031,34.46276],[134.93304,34.46581],[134.93395,34.46758]]}},{"type":"Feature","properties":{"_color":"#3388ff","_opacity":1,"_weight":3},"geometry":{"type":"LineString","coordinates":[[134.95,34.47954],[134.95546,34.49071],[134.96002,34.49656],[134.96672,34.50367],[134.97342,34.50774],[134.97677,34.51105],[134.97737,34.51612],[134.97703,34.52475],[134.9764,34.52981]]}},{"type":"Feature","properties":{"_color":"#3388ff","_opacity":1,"_weight":3},"geometry":{"type":"LineString","coordinates":[[134.96894,34.50216],[134.97443,34.50547]]}},{"type":"Feature","properties":{"_color":"#3388ff","_opacity":1,"_weight":3},"geometry":{"type":"LineString","coordinates":[[134.89279,34.45504],[134.89918,34.45912],[134.90496,34.46624],[134.9086,34.46954],[134.91621,34.4759],[134.92107,34.48302],[134.92837,34.48938],[134.93477,34.49447],[134.9375,34.49853],[134.93871,34.50133]]}},{"type":"Feature","properties":{"_color":"#3388ff","_opacity":1,"_weight":3},"geometry":{"type":"LineString","coordinates":[[134.91501,34.47032],[134.91595,34.46373],[134.91689,34.45993],[134.91689,34.45815]]}},{"type":"Feature","properties":{"_color":"#3388ff","_opacity":1,"_weight":3},"geometry":{"type":"LineString","coordinates":[[134.94459,34.50393],[134.94671,34.50824],[134.94853,34.5118]]}},{"type":"Feature","properties":{"_color":"#3388ff","_opacity":1,"_weight":3},"geometry":{"type":"LineString","coordinates":[[134.94123,34.50366],[134.94426,34.51128],[134.94974,34.51662],[134.95461,34.52018],[134.96041,34.52299],[134.97016,34.52909],[134.97839,34.53571],[134.98479,34.54054],[134.98662,34.54257]]}},{"type":"Feature","properties":{"_color":"#3388ff","_opacity":1,"_weight":3},"geometry":{"type":"LineString","coordinates":[[134.95771,34.52921],[134.96442,34.53125],[134.97083,34.53406],[134.9751,34.5366],[134.97753,34.53889]]}},{"type":"Feature","properties":{"_color":"#3388ff","_opacity":1,"_weight":3},"geometry":{"type":"LineString","coordinates":[[134.97706,34.54165],[134.9859,34.54801],[134.9923,34.55361],[135.00145,34.55971],[135.00663,34.56479]]}},{"type":"Feature","properties":{"_color":"#3388ff","_opacity":1,"_weight":3},"geometry":{"type":"LineString","coordinates":[[135.00737,34.56082],[135.01132,34.56844],[135.01589,34.57479],[135.01832,34.58012]]}},{"type":"Feature","properties":{"_color":"#3388ff","_opacity":1,"_weight":3},"geometry":{"type":"LineString","coordinates":[[135.08565,34.63855],[135.08916,34.64325],[135.09206,34.64744]]}},{"type":"Feature","properties":{"_color":"#3388ff","_opacity":1,"_weight":3},"geometry":{"type":"LineString","coordinates":[[138.03151,36.06019],[138.0231,36.05641],[138.01532,36.05313],[138.01283,36.05187]]}},{"type":"Feature","properties":{"_color":"#3388ff","_opacity":1,"_weight":3},"geometry":{"type":"LineString","coordinates":[[138.00915,36.08373],[138.00448,36.07666],[138.00011,36.07135]]}},{"type":"Feature","properties":{"_color":"#3388ff","_opacity":1,"_weight":3},"geometry":{"type":"LineString","coordinates":[[138.01727,36.09662],[138.0129,36.09106]]}},{"type":"Feature","properties":{"_color":"#3388ff","_opacity":1,"_weight":3},"geometry":{"type":"LineString","coordinates":[[138.01542,36.10572],[138.01012,36.10143],[138.00545,36.09739],[138.00139,36.09234]]}},{"type":"Feature","properties":{"_color":"#3388ff","_opacity":1,"_weight":3},"geometry":{"type":"LineString","coordinates":[[137.9849,36.09134],[137.97804,36.07871],[137.97024,36.06759],[137.96214,36.05849],[137.95343,36.05015],[137.94409,36.04308],[137.93351,36.03702],[137.92387,36.03197],[137.91423,36.02818],[137.90521,36.02464],[137.89526,36.02009],[137.88562,36.01478],[137.87691,36.00998],[137.86852,36.00416]]}},{"type":"Feature","properties":{"_color":"#3388ff","_opacity":1,"_weight":3},"geometry":{"type":"LineString","coordinates":[[137.85919,36.00138],[137.84397,35.98899],[137.83527,35.98241],[137.82719,35.97609],[137.81881,35.969],[137.81136,35.96268],[137.80111,35.95458],[137.79025,35.94521],[137.7856,35.94041]]}},{"type":"Feature","properties":{"_color":"#3388ff","_opacity":1,"_weight":3},"geometry":{"type":"LineString","coordinates":[[137.78961,35.95735],[137.79302,35.96317],[137.79488,35.96772],[137.79674,35.97278],[137.79767,35.97734]]}},{"type":"Feature","properties":{"_color":"#3388ff","_opacity":1,"_weight":3},"geometry":{"type":"LineString","coordinates":[[137.59894,36.20312],[137.60489,36.1953],[137.61146,36.18798],[137.61927,36.18015],[137.62739,36.1736],[137.63489,36.16704],[137.64207,36.16224],[137.64924,36.1572],[137.65767,36.1519],[137.66485,36.1456],[137.67172,36.13827],[137.6789,36.12969],[137.68297,36.12185],[137.68703,36.11351],[137.68986,36.10391],[137.69331,36.09203],[137.69613,36.08167],[137.69958,36.0713],[137.70302,36.05917],[137.70834,36.04603],[137.7124,36.03693],[137.72052,36.02227],[137.72675,36.01115],[137.72988,36.00382],[137.73331,35.99624],[137.73892,35.98664],[137.74671,35.97223],[137.75014,35.96667],[137.75419,35.96061],[137.75793,35.95429],[137.76229,35.94519],[137.76447,35.93988]]}},{"type":"Feature","properties":{"_color":"#3388ff","_opacity":1,"_weight":3},"geometry":{"type":"LineString","coordinates":[[137.68831,36.10012],[137.68459,36.09328],[137.68273,36.08873],[137.68181,36.08468],[137.68245,36.07861],[137.6837,36.07305],[137.68558,36.06774],[137.68622,36.06167],[137.68654,36.05611],[137.68873,36.05232],[137.69403,36.04677],[137.70026,36.04222],[137.70586,36.03945],[137.70835,36.03869]]}},{"type":"Feature","properties":{"_color":"#3388ff","_opacity":1,"_weight":3},"geometry":{"type":"LineString","coordinates":[[137.77224,35.95198],[137.7794,35.9401],[137.78904,35.92569],[137.79682,35.91432],[137.80179,35.90674],[137.80583,35.90244],[137.81112,35.89663],[137.81702,35.89132],[137.82478,35.88601],[137.83192,35.88197],[137.84217,35.87844],[137.85675,35.87262],[137.86606,35.86908],[137.87445,35.86554],[137.88562,35.86049],[137.89337,35.85644]]}},{"type":"Feature","properties":{"_color":"#3388ff","_opacity":1,"_weight":3},"geometry":{"type":"LineString","coordinates":[[134.94163,35.48286],[134.95613,35.49072],[134.97096,35.49883],[134.98238,35.50617],[134.99628,35.51376]]}},{"type":"Feature","properties":{"_color":"#3388ff","_opacity":1,"_weight":3},"geometry":{"type":"LineString","coordinates":[[134.99764,35.51225],[135.00815,35.51656],[135.01618,35.5201],[135.02267,35.52188],[135.02979,35.52416],[135.03782,35.52543]]}},{"type":"Feature","properties":{"_color":"#3388ff","_opacity":1,"_weight":3},"geometry":{"type":"LineString","coordinates":[[135.04299,35.52725],[135.0535,35.52751],[135.05969,35.52752],[135.06649,35.52803]]}},{"type":"Feature","properties":{"_color":"#3388ff","_opacity":1,"_weight":3},"geometry":{"type":"LineString","coordinates":[[135.06912,35.5267],[135.07871,35.52898],[135.08366,35.52999],[135.09201,35.53201],[135.10345,35.5348],[135.11211,35.53783],[135.12015,35.54314]]}},{"type":"Feature","properties":{"_color":"#3388ff","_opacity":1,"_weight":3},"geometry":{"type":"LineString","coordinates":[[135.08408,35.53121],[135.08903,35.53247]]}},{"type":"Feature","properties":{"_color":"#3388ff","_opacity":1,"_weight":3},"geometry":{"type":"LineString","coordinates":[[135.12151,35.54365],[135.13048,35.55047],[135.13636,35.55578]]}},{"type":"Feature","properties":{"_color":"#3388ff","_opacity":1,"_weight":3},"geometry":{"type":"LineString","coordinates":[[135.13754,35.5583],[135.14497,35.56537],[135.15177,35.57093]]}},{"type":"Feature","properties":{"_color":"#3388ff","_opacity":1,"_weight":3},"geometry":{"type":"LineString","coordinates":[[135.15382,35.57259],[135.16682,35.57713],[135.17858,35.58041],[135.1891,35.58243]]}},{"type":"Feature","properties":{"_color":"#3388ff","_opacity":1,"_weight":3},"geometry":{"type":"LineString","coordinates":[[135.19078,35.58294],[135.201,35.58471]]}},{"type":"Feature","properties":{"_color":"#3388ff","_opacity":1,"_weight":3},"geometry":{"type":"LineString","coordinates":[[135.20321,35.58658],[135.21127,35.59416],[135.21406,35.60072],[135.21685,35.60856],[135.21717,35.61639],[135.21935,35.62068],[135.22121,35.62397],[135.22555,35.63407],[135.22773,35.64215],[135.23022,35.65049],[135.23333,35.65807],[135.23644,35.66438],[135.23737,35.66741]]}},{"type":"Feature","properties":{"_color":"#3388ff","_opacity":1,"_weight":3},"geometry":{"type":"LineString","coordinates":[[135.15956,35.55097],[135.171,35.54819],[135.17966,35.54717],[135.18709,35.54667]]}},{"type":"Feature","properties":{"_color":"#3388ff","_opacity":1,"_weight":3},"geometry":{"type":"LineString","coordinates":[[135.11563,35.56715],[135.11903,35.57549],[135.12336,35.58307],[135.12708,35.59065],[135.12894,35.59596],[135.13203,35.60177]]}},{"type":"Feature","properties":{"_color":"#3388ff","_opacity":1,"_weight":3},"geometry":{"type":"LineString","coordinates":[[135.11408,35.56437],[135.11192,35.55401],[135.11006,35.54769]]}},{"type":"Feature","properties":{"_color":"#3388ff","_opacity":1,"_weight":3},"geometry":{"type":"LineString","coordinates":[[135.10976,35.5439],[135.11037,35.53784]]}},{"type":"Feature","properties":{"_color":"#3388ff","_opacity":1,"_weight":3},"geometry":{"type":"LineString","coordinates":[[135.24662,35.64289],[135.2429,35.63456]]}},{"type":"Feature","properties":{"_color":"#3388ff","_opacity":1,"_weight":3},"geometry":{"type":"LineString","coordinates":[[135.25863,35.62492],[135.26606,35.6234],[135.27039,35.62137],[135.27442,35.62036]]}},{"type":"Feature","properties":{"_color":"#3388ff","_opacity":1,"_weight":3},"geometry":{"type":"LineString","coordinates":[[135.25274,35.61634],[135.26357,35.61633],[135.26698,35.61531],[135.27502,35.61303],[135.27657,35.61252]]}},{"type":"Feature","properties":{"_color":"#3388ff","_opacity":1,"_weight":3},"geometry":{"type":"LineString","coordinates":[[135.0521,35.68387],[135.0552,35.67452],[135.05707,35.66922]]}},{"type":"Feature","properties":{"_color":"#3388ff","_opacity":1,"_weight":3},"geometry":{"type":"LineString","coordinates":[[135.05891,35.66518],[135.06233,35.65583],[135.06574,35.64623],[135.06823,35.63814],[135.07071,35.63107],[135.07288,35.62476],[135.07536,35.61819]]}},{"type":"Feature","properties":{"_color":"#3388ff","_opacity":1,"_weight":3},"geometry":{"type":"LineString","coordinates":[[135.08713,35.62678],[135.08744,35.63537],[135.08775,35.63992],[135.08744,35.6422]]}},{"type":"Feature","properties":{"_color":"#3388ff","_opacity":1,"_weight":3},"geometry":{"type":"LineString","coordinates":[[135.00875,35.69041],[135.01775,35.68132],[135.0221,35.67576],[135.0252,35.6697],[135.02831,35.6644],[135.03079,35.6596],[135.03173,35.65353],[135.03576,35.64672],[135.03918,35.63964],[135.04352,35.63055],[135.0491,35.6207],[135.05344,35.61287],[135.05933,35.60706],[135.06398,35.59948],[135.07017,35.59241],[135.07513,35.5861]]}},{"type":"Feature","properties":{"_color":"#3388ff","_opacity":1,"_weight":3},"geometry":{"type":"LineString","coordinates":[[135.05712,35.59835],[135.06083,35.59355]]}},{"type":"Feature","properties":{"_color":"#3388ff","_opacity":1,"_weight":3},"geometry":{"type":"LineString","coordinates":[[135.05663,35.63258],[135.05586,35.62891]]}},{"type":"Feature","properties":{"_color":"#3388ff","_opacity":1,"_weight":3},"geometry":{"type":"LineString","coordinates":[[135.05447,35.62361],[135.05401,35.61754],[135.05495,35.61312],[135.05526,35.60781],[135.05542,35.60554]]}},{"type":"Feature","properties":{"_color":"#3388ff","_opacity":1,"_weight":3},"geometry":{"type":"LineString","coordinates":[[135.05866,35.61009],[135.06223,35.60302],[135.06548,35.59822],[135.06796,35.59443],[135.07183,35.59191],[135.07431,35.58862],[135.07493,35.58749]]}},{"type":"Feature","properties":{"_color":"#3388ff","_opacity":1,"_weight":3},"geometry":{"type":"LineString","coordinates":[[135.04983,35.61956],[135.04471,35.62853],[135.04146,35.63598],[135.03758,35.64305],[135.03572,35.64697],[135.03184,35.65404],[135.03106,35.65846],[135.02857,35.66326],[135.0264,35.66768],[135.0236,35.67286],[135.02096,35.67728],[135.01771,35.68043],[135.01507,35.68447],[135.01181,35.6875],[135.00731,35.69179]]}},{"type":"Feature","properties":{"_color":"#3388ff","_opacity":1,"_weight":3},"geometry":{"type":"LineString","coordinates":[[134.99612,35.78665],[135.00296,35.77958],[135.00824,35.77352]]}},{"type":"Feature","properties":{"_color":"#3388ff","_opacity":1,"_weight":3},"geometry":{"type":"LineString","coordinates":[[134.96408,35.82855],[134.97155,35.81896],[134.97777,35.81189]]}},{"type":"Feature","properties":{"_color":"#3388ff","_opacity":1,"_weight":3},"geometry":{"type":"LineString","coordinates":[[134.92613,35.8621],[134.92925,35.85377],[134.93362,35.8467],[134.93922,35.83888],[134.94514,35.83307],[134.94887,35.82979]]}},{"type":"Feature","properties":{"_color":"#3388ff","_opacity":1,"_weight":3},"geometry":{"type":"LineString","coordinates":[[134.9073,35.81962],[134.91135,35.8128],[134.91478,35.80826],[134.91944,35.80347],[134.92443,35.79691],[134.93003,35.7906]]}},{"type":"Feature","properties":{"_color":"#3388ff","_opacity":1,"_weight":3},"geometry":{"type":"LineString","coordinates":[[141.91555,43.50924],[141.91665,43.50003]]}},{"type":"Feature","properties":{"_color":"#3388ff","_opacity":1,"_weight":3},"geometry":{"type":"LineString","coordinates":[[140.97414,39.311],[140.9723,39.31419],[140.9715,39.31698],[140.97018,39.31937],[140.96783,39.32176],[140.96704,39.32335],[140.96675,39.32614],[140.9675,39.32953],[140.96851,39.33313],[140.97209,39.33911],[140.97437,39.3444],[140.97707,39.34759],[140.98106,39.35049],[140.98338,39.35239],[140.98594,39.35588],[140.98657,39.35907],[140.98733,39.36077],[140.98755,39.36545],[140.98764,39.37054],[140.98838,39.37483],[140.99094,39.37872],[140.99416,39.38211],[140.99815,39.38541],[141.00396,39.38811],[141.00927,39.3898],[141.01652,39.39071],[141.02313,39.39181],[141.02778,39.39341],[141.03153,39.39501],[141.03811,39.3993],[141.04159,39.40289]]}},{"type":"Feature","properties":{"_color":"#3388ff","_opacity":1,"_weight":3},"geometry":{"type":"LineString","coordinates":[[140.29919,38.70593],[140.30048,38.70252]]}},{"type":"Feature","properties":{"_color":"#3388ff","_opacity":1,"_weight":3},"geometry":{"type":"LineString","coordinates":[[140.30176,38.70233],[140.30408,38.69661]]}},{"type":"Feature","properties":{"_color":"#3388ff","_opacity":1,"_weight":3},"geometry":{"type":"LineString","coordinates":[[140.30771,38.68941],[140.31156,38.6834],[140.31491,38.67849]]}},{"type":"Feature","properties":{"_color":"#3388ff","_opacity":1,"_weight":3},"geometry":{"type":"LineString","coordinates":[[140.288,38.67204],[140.29135,38.66874],[140.29507,38.66474]]}},{"type":"Feature","properties":{"_color":"#3388ff","_opacity":1,"_weight":3},"geometry":{"type":"LineString","coordinates":[[140.95627,38.31224],[140.9531,38.30754],[140.95183,38.30684],[140.948,38.30545]]}},{"type":"Feature","properties":{"_color":"#3388ff","_opacity":1,"_weight":3},"geometry":{"type":"LineString","coordinates":[[140.87366,38.24186],[140.8715,38.23985],[140.86998,38.23835],[140.86947,38.23685],[140.86859,38.23605],[140.86732,38.23505],[140.86553,38.23455],[140.86362,38.23416],[140.86095,38.23236],[140.85867,38.23036],[140.85676,38.22876],[140.85485,38.22756],[140.85193,38.22627]]}},{"type":"Feature","properties":{"_color":"#3388ff","_opacity":1,"_weight":3},"geometry":{"type":"LineString","coordinates":[[139.84863,37.72158],[139.84737,37.71634],[139.84635,37.71291],[139.84458,37.70887],[139.84306,37.70544],[139.84155,37.70121]]}},{"type":"Feature","properties":{"_color":"#3388ff","_opacity":1,"_weight":3},"geometry":{"type":"LineString","coordinates":[[139.84738,37.70203],[139.84566,37.69883]]}},{"type":"Feature","properties":{"_color":"#3388ff","_opacity":1,"_weight":3},"geometry":{"type":"LineString","coordinates":[[139.84749,37.68266],[139.84724,37.67873],[139.84661,37.6749],[139.84648,37.67348]]}},{"type":"Feature","properties":{"_color":"#3388ff","_opacity":1,"_weight":3},"geometry":{"type":"LineString","coordinates":[[139.87256,37.7244],[139.87218,37.72098],[139.87079,37.71634],[139.86851,37.71019],[139.86661,37.70515],[139.86357,37.69759],[139.86205,37.69406],[139.86028,37.69012],[139.85825,37.68528]]}},{"type":"Feature","properties":{"_color":"#3388ff","_opacity":1,"_weight":3},"geometry":{"type":"LineString","coordinates":[[139.84115,37.69425],[139.84217,37.68921],[139.84331,37.68276],[139.84433,37.67439],[139.84471,37.66864],[139.84547,37.66249],[139.84573,37.65826],[139.84548,37.65372],[139.84345,37.64787],[139.84168,37.64525],[139.84017,37.64203],[139.83916,37.63819],[139.83713,37.63457],[139.83549,37.63174]]}},{"type":"Feature","properties":{"_color":"#3388ff","_opacity":1,"_weight":3},"geometry":{"type":"LineString","coordinates":[[139.83346,37.63315],[139.83238,37.62904],[139.83132,37.62377],[139.82932,37.61691],[139.82732,37.61258],[139.82019,37.60636],[139.81813,37.60282],[139.8169,37.59953],[139.81567,37.59611],[139.81445,37.59398],[139.81268,37.59178],[139.80908,37.58995],[139.80624,37.58849],[139.80339,37.58484],[139.80213,37.58202],[139.80074,37.57711],[139.80114,37.57149],[139.80089,37.56955],[139.80038,37.56589],[139.79988,37.56246],[139.79827,37.5575],[139.79781,37.55359],[139.79727,37.54895],[139.79597,37.54498],[139.79405,37.5412],[139.79283,37.53882],[139.79313,37.53565],[139.79371,37.53332],[139.79658,37.53088],[139.80257,37.52747],[139.8075,37.52375]]}},{"type":"Feature","properties":{"_color":"#3388ff","_opacity":1,"_weight":3},"geometry":{"type":"LineString","coordinates":[[139.80032,37.53228],[139.80519,37.53113],[139.80749,37.5293]]}},{"type":"Feature","properties":{"_color":"#3388ff","_opacity":1,"_weight":3},"geometry":{"type":"LineString","coordinates":[[139.81021,37.52552],[139.81379,37.52495],[139.81551,37.52461],[139.81752,37.52358]]}},{"type":"Feature","properties":{"_color":"#3388ff","_opacity":1,"_weight":3},"geometry":{"type":"LineString","coordinates":[[139.82752,37.62912],[139.82879,37.62619],[139.82904,37.62266],[139.82879,37.61934]]}},{"type":"Feature","properties":{"_color":"#3388ff","_opacity":1,"_weight":3},"geometry":{"type":"LineString","coordinates":[[139.77056,37.63835],[139.77095,37.63412],[139.77146,37.62837],[139.77135,37.6198],[139.77186,37.61416],[139.77225,37.61033],[139.77162,37.6075],[139.77124,37.607]]}},{"type":"Feature","properties":{"_color":"#3388ff","_opacity":1,"_weight":3},"geometry":{"type":"LineString","coordinates":[[139.75206,37.57764],[139.7522,37.57129],[139.75221,37.56766],[139.75222,37.56141],[139.75209,37.56]]}},{"type":"Feature","properties":{"_color":"#3388ff","_opacity":1,"_weight":3},"geometry":{"type":"LineString","coordinates":[[139.81666,37.51911],[139.8201,37.51614],[139.82176,37.51258],[139.82168,37.51099],[139.82168,37.50629],[139.82054,37.50252],[139.81911,37.50034]]}},{"type":"Feature","properties":{"_color":"#3388ff","_opacity":1,"_weight":3},"geometry":{"type":"LineString","coordinates":[[139.81231,37.49895],[139.81383,37.49391],[139.81368,37.48833],[139.81321,37.48211],[139.8117,37.47707],[139.80768,37.47013],[139.80611,37.46704],[139.80454,37.46395],[139.80383,37.46029],[139.80326,37.4572],[139.80283,37.45251],[139.80198,37.44758],[139.80125,37.44288],[139.8005,37.44046],[139.80025,37.43784],[139.79975,37.43239],[139.79899,37.43028],[139.7976,37.42856]]}},{"type":"Feature","properties":{"_color":"#3388ff","_opacity":1,"_weight":3},"geometry":{"type":"LineString","coordinates":[[139.80152,37.43108],[139.79951,37.42745],[139.79698,37.42392],[139.79598,37.42251]]}},{"type":"Feature","properties":{"_color":"#3388ff","_opacity":1,"_weight":3},"geometry":{"type":"LineString","coordinates":[[139.95436,37.65726],[139.9517,37.65534],[139.94942,37.65363],[139.9484,37.65192],[139.94866,37.6498],[139.94916,37.64516],[139.9487,37.64034],[139.94726,37.63903],[139.9459,37.63777],[139.94518,37.63537],[139.94503,37.63291],[139.9446,37.62891],[139.94474,37.62272],[139.94731,37.61608],[139.94716,37.60727],[139.95017,37.60166]]}},{"type":"Feature","properties":{"_color":"#3388ff","_opacity":1,"_weight":3},"geometry":{"type":"LineString","coordinates":[[139.9406,37.65306],[139.9429,37.65122],[139.94498,37.64933],[139.94619,37.64802],[139.94806,37.64561]]}},{"type":"Feature","properties":{"_color":"#3388ff","_opacity":1,"_weight":3},"geometry":{"type":"LineString","coordinates":[[139.95092,37.63508],[139.95091,37.63359],[139.95115,37.63213],[139.9509,37.63142]]}},{"type":"Feature","properties":{"_color":"#3388ff","_opacity":1,"_weight":3},"geometry":{"type":"LineString","coordinates":[[139.92341,37.57367],[139.92377,37.57102],[139.9252,37.56953],[139.92606,37.56815],[139.92692,37.5677]]}},{"type":"Feature","properties":{"_color":"#3388ff","_opacity":1,"_weight":3},"geometry":{"type":"LineString","coordinates":[[139.94561,37.59661],[139.94847,37.59386],[139.9494,37.59169],[139.94995,37.58806]]}},{"type":"Feature","properties":{"_color":"#3388ff","_opacity":1,"_weight":3},"geometry":{"type":"LineString","coordinates":[[139.95205,37.58495],[139.9531,37.58359],[139.95355,37.58278],[139.95396,37.58204],[139.95448,37.58125],[139.955,37.58052],[139.95547,37.57979],[139.95614,37.57918],[139.95674,37.57853]]}},{"type":"Feature","properties":{"_color":"#3388ff","_opacity":1,"_weight":3},"geometry":{"type":"LineString","coordinates":[[139.95009,37.57789],[139.95024,37.57671],[139.95039,37.57641]]}},{"type":"Feature","properties":{"_color":"#3388ff","_opacity":1,"_weight":3},"geometry":{"type":"LineString","coordinates":[[139.91973,37.58714],[139.92116,37.58045],[139.92166,37.57839],[139.91822,37.57593],[139.91549,37.5729],[139.91542,37.56872],[139.91796,37.56217],[139.92074,37.55884],[139.92428,37.55441],[139.9268,37.55239],[139.92908,37.54906],[139.93122,37.54533],[139.93312,37.54281],[139.93564,37.54008],[139.93855,37.53847],[139.93875,37.53682],[139.93868,37.53413],[139.93867,37.52978],[139.93939,37.52744],[139.93989,37.52394]]}},{"type":"Feature","properties":{"_color":"#3388ff","_opacity":1,"_weight":3},"geometry":{"type":"LineString","coordinates":[[139.94225,37.5228],[139.94153,37.52165],[139.94038,37.52005],[139.93995,37.51834],[139.94009,37.51593]]}},{"type":"Feature","properties":{"_color":"#3388ff","_opacity":1,"_weight":3},"geometry":{"type":"LineString","coordinates":[[139.95183,37.51477],[139.9514,37.5118],[139.95097,37.50939],[139.95068,37.50791],[139.95139,37.50459],[139.95154,37.50321],[139.95096,37.5007],[139.9501,37.49795],[139.94924,37.49555],[139.94895,37.49383],[139.94895,37.49029]]}},{"type":"Feature","properties":{"_color":"#3388ff","_opacity":1,"_weight":3},"geometry":{"type":"LineString","coordinates":[[139.93963,37.4816],[139.9392,37.48057],[139.93863,37.48],[139.93806,37.4792],[139.93777,37.47851],[139.93763,37.4776]]}},{"type":"Feature","properties":{"_color":"#3388ff","_opacity":1,"_weight":3},"geometry":{"type":"LineString","coordinates":[[139.9329,37.46764],[139.93175,37.46616],[139.93089,37.4649],[139.93017,37.46272]]}},{"type":"Feature","properties":{"_color":"#3388ff","_opacity":1,"_weight":3},"geometry":{"type":"LineString","coordinates":[[139.93618,37.46238],[139.93403,37.46009],[139.9326,37.45814]]}},{"type":"Feature","properties":{"_color":"#3388ff","_opacity":1,"_weight":3},"geometry":{"type":"LineString","coordinates":[[139.93304,37.46478],[139.93261,37.46192],[139.92903,37.46021],[139.92831,37.45598],[139.92616,37.45334],[139.92509,37.44954],[139.92345,37.44632],[139.92086,37.44259],[139.91843,37.43973],[139.91628,37.43619],[139.9147,37.4315],[139.91384,37.42761],[139.91441,37.42383],[139.91541,37.41925],[139.91598,37.41547],[139.91812,37.41181],[139.91984,37.40895],[139.92069,37.40711],[139.92098,37.40436],[139.92203,37.39984],[139.92183,37.39475],[139.92225,37.3896],[139.92068,37.38514],[139.91453,37.38045],[139.90452,37.37417]]}},{"type":"Feature","properties":{"_color":"#3388ff","_opacity":1,"_weight":3},"geometry":{"type":"LineString","coordinates":[[139.94824,37.49818],[139.94766,37.49621]]}},{"type":"Feature","properties":{"_color":"#3388ff","_opacity":1,"_weight":3},"geometry":{"type":"LineString","coordinates":[[139.87761,37.35236],[139.87409,37.34711],[139.87207,37.34288],[139.87081,37.33804],[139.8703,37.33521],[139.86854,37.3332],[139.86728,37.33017],[139.86551,37.32533],[139.86526,37.3207]]}},{"type":"Feature","properties":{"_color":"#3388ff","_opacity":1,"_weight":3},"geometry":{"type":"LineString","coordinates":[[139.85979,37.32247],[139.8578,37.31801],[139.85619,37.31384],[139.85619,37.31081],[139.85619,37.3086],[139.85417,37.30718],[139.85191,37.30476],[139.84952,37.30187],[139.8498,37.29661],[139.85209,37.29169]]}},{"type":"Feature","properties":{"_color":"#3388ff","_opacity":1,"_weight":3},"geometry":{"type":"LineString","coordinates":[[139.84424,37.28505],[139.84438,37.28185],[139.84438,37.27933],[139.84396,37.27647],[139.84353,37.27361],[139.84225,37.27143]]}},{"type":"Feature","properties":{"_color":"#3388ff","_opacity":1,"_weight":3},"geometry":{"type":"LineString","coordinates":[[139.84325,37.26731],[139.84396,37.26365],[139.84453,37.25884],[139.84468,37.25621],[139.84468,37.25209],[139.84396,37.24945],[139.84268,37.24751]]}},{"type":"Feature","properties":{"_color":"#3388ff","_opacity":1,"_weight":3},"geometry":{"type":"LineString","coordinates":[[139.87647,37.25495],[139.87383,37.25173],[139.87206,37.2487],[139.86967,37.24618]]}},{"type":"Feature","properties":{"_color":"#3388ff","_opacity":1,"_weight":3},"geometry":{"type":"LineString","coordinates":[[139.87496,37.24578],[139.87055,37.24346],[139.8664,37.24225],[139.8635,37.24114],[139.86162,37.23963],[139.86023,37.23811],[139.85872,37.2368],[139.85444,37.23499],[139.85154,37.23358],[139.84903,37.23186],[139.84513,37.22934],[139.84198,37.22793],[139.83707,37.22581],[139.83305,37.22359]]}},{"type":"Feature","properties":{"_color":"#3388ff","_opacity":1,"_weight":3},"geometry":{"type":"LineString","coordinates":[[139.8518,37.23287],[139.8479,37.22954],[139.84462,37.22682]]}},{"type":"Feature","properties":{"_color":"#3388ff","_opacity":1,"_weight":3},"geometry":{"type":"LineString","coordinates":[[139.27553,37.79212],[139.2749,37.7891],[139.27389,37.78612],[139.27339,37.7841]]}},{"type":"Feature","properties":{"_color":"#3388ff","_opacity":1,"_weight":3},"geometry":{"type":"LineString","coordinates":[[139.27276,37.78209],[139.27175,37.78033],[139.27049,37.77877]]}},{"type":"Feature","properties":{"_color":"#3388ff","_opacity":1,"_weight":3},"geometry":{"type":"LineString","coordinates":[[137.27534,36.4378],[137.28519,36.44197],[137.29824,36.44772],[137.3108,36.45367],[137.31769,36.45625],[137.33222,36.46041],[137.35119,36.46635],[137.36646,36.47169],[137.37977,36.47565],[137.38815,36.47961],[137.40294,36.48615],[137.41452,36.48951],[137.42511,36.49148],[137.44163,36.49582],[137.4505,36.49878],[137.46333,36.50531],[137.47493,36.51223],[137.48752,36.52015],[137.49319,36.52312],[137.50578,36.52904],[137.51639,36.53359]]}},{"type":"Feature","properties":{"_color":"#3388ff","_opacity":1,"_weight":3},"geometry":{"type":"LineString","coordinates":[[137.30962,36.10299],[137.30545,36.09881]]}},{"type":"Feature","properties":{"_color":"#3388ff","_opacity":1,"_weight":3},"geometry":{"type":"LineString","coordinates":[[137.30398,36.09762],[137.30006,36.09384],[137.29589,36.09026],[137.29074,36.08728],[137.28584,36.0847],[137.28094,36.08251],[137.27481,36.08073],[137.27114,36.07993]]}},{"type":"Feature","properties":{"_color":"#3388ff","_opacity":1,"_weight":3},"geometry":{"type":"LineString","coordinates":[[137.53797,35.44705],[137.54769,35.45142],[137.55499,35.45419]]}},{"type":"Feature","properties":{"_color":"#3388ff","_opacity":1,"_weight":3},"geometry":{"type":"LineString","coordinates":[[137.48544,35.39648],[137.48739,35.40286],[137.48739,35.40804],[137.48448,35.41163],[137.48253,35.41522],[137.47962,35.41961]]}},{"type":"Feature","properties":{"_color":"#3388ff","_opacity":1,"_weight":3},"geometry":{"type":"LineString","coordinates":[[137.10619,35.18294],[137.11876,35.18935],[137.13133,35.19615],[137.14439,35.20256],[137.15165,35.20736]]}},{"type":"Feature","properties":{"_color":"#3388ff","_opacity":1,"_weight":3},"geometry":{"type":"LineString","coordinates":[[136.64961,36.52517],[136.65222,36.53021],[136.65633,36.53484],[136.66257,36.53937],[136.66693,36.54168]]}},{"type":"Feature","properties":{"_color":"#3388ff","_opacity":1,"_weight":3},"geometry":{"type":"LineString","coordinates":[[136.96002,35.44781],[136.96948,35.44321]]}},{"type":"Feature","properties":{"_color":"#3388ff","_opacity":1,"_weight":3},"geometry":{"type":"LineString","coordinates":[[135.94249,35.90996],[135.95426,35.90161],[135.98026,35.88091],[136.00771,35.85942],[136.0229,35.84588],[136.03906,35.83233],[136.05865,35.8152],[136.07583,35.79967],[136.0866,35.78931],[136.09345,35.78253]]}},{"type":"Feature","properties":{"_color":"#3388ff","_opacity":1,"_weight":3},"geometry":{"type":"LineString","coordinates":[[135.94902,35.65563],[135.95974,35.65048],[135.96705,35.64651],[135.97757,35.63978]]}},{"type":"Feature","properties":{"_color":"#3388ff","_opacity":1,"_weight":3},"geometry":{"type":"LineString","coordinates":[[135.97927,35.63898],[135.98317,35.6366]]}},{"type":"Feature","properties":{"_color":"#3388ff","_opacity":1,"_weight":3},"geometry":{"type":"LineString","coordinates":[[136.02132,35.45444],[136.02055,35.4524],[136.02094,35.4502]]}},{"type":"Feature","properties":{"_color":"#3388ff","_opacity":1,"_weight":3},"geometry":{"type":"LineString","coordinates":[[136.02639,35.39248],[136.0258,35.39005],[136.02503,35.38848],[136.02465,35.38659],[136.02465,35.38487]]}},{"type":"Feature","properties":{"_color":"#3388ff","_opacity":1,"_weight":3},"geometry":{"type":"LineString","coordinates":[[136.50588,35.36759],[136.51159,35.3668],[136.51668,35.36514],[136.52214,35.3621],[136.52796,35.3569],[136.53086,35.35356],[136.5351,35.34836],[136.53703,35.34433],[136.53883,35.33903],[136.53955,35.33353],[136.53953,35.32852],[136.53916,35.32586]]}},{"type":"Feature","properties":{"_color":"#3388ff","_opacity":1,"_weight":3},"geometry":{"type":"LineString","coordinates":[[136.50333,35.36739],[136.50903,35.36464],[136.51316,35.36317],[136.51849,35.36052]]}},{"type":"Feature","properties":{"_color":"#3388ff","_opacity":1,"_weight":3},"geometry":{"type":"LineString","coordinates":[[136.58147,35.23807],[136.58642,35.23385],[136.59065,35.23061],[136.59476,35.22737],[136.59864,35.22462],[136.60227,35.22334],[136.6059,35.22255],[136.60856,35.22059],[136.60952,35.21843],[136.61011,35.21362],[136.61022,35.21038]]}},{"type":"Feature","properties":{"_color":"#3388ff","_opacity":1,"_weight":3},"geometry":{"type":"LineString","coordinates":[[136.59984,35.22334],[136.60189,35.21971],[136.60382,35.21617]]}},{"type":"Feature","properties":{"_color":"#3388ff","_opacity":1,"_weight":3},"geometry":{"type":"LineString","coordinates":[[136.62463,35.17629],[136.62583,35.17167],[136.62714,35.16627],[136.62918,35.16107],[136.63073,35.15478],[136.63397,35.14702],[136.63771,35.14466],[136.63928,35.14289],[136.64048,35.13926],[136.64058,35.13494],[136.64249,35.12914],[136.64344,35.12325],[136.64463,35.11824],[136.64655,35.11411],[136.64992,35.1093],[136.65521,35.10173],[136.66051,35.09456]]}},{"type":"Feature","properties":{"_color":"#3388ff","_opacity":1,"_weight":3},"geometry":{"type":"LineString","coordinates":[[136.6541,35.11582],[136.65796,35.11366],[136.65868,35.11218],[136.65867,35.10884],[136.65865,35.10521],[136.65925,35.10295],[136.66286,35.09882],[136.66804,35.09322],[136.66997,35.08998]]}},{"type":"Feature","properties":{"_color":"#3388ff","_opacity":1,"_weight":3},"geometry":{"type":"LineString","coordinates":[[136.32358,35.06872],[136.32262,35.06611],[136.32142,35.06421],[136.31973,35.06249],[136.31804,35.06118]]}},{"type":"Feature","properties":{"_color":"#3388ff","_opacity":1,"_weight":3},"geometry":{"type":"LineString","coordinates":[[136.32575,35.07414],[136.32539,35.07144],[136.32516,35.06773],[136.32529,35.06483],[136.32566,35.06143],[136.32615,35.05683],[136.3264,35.05503]]}},{"type":"Feature","properties":{"_color":"#3388ff","_opacity":1,"_weight":3},"geometry":{"type":"LineString","coordinates":[[135.87882,35.67727],[135.87809,35.66907],[135.87736,35.66247]]}},{"type":"Feature","properties":{"_color":"#3388ff","_opacity":1,"_weight":3},"geometry":{"type":"LineString","coordinates":[[135.87979,35.66067],[135.87881,35.64566],[135.87857,35.63666]]}},{"type":"Feature","properties":{"_color":"#3388ff","_opacity":1,"_weight":3},"geometry":{"type":"LineString","coordinates":[[135.88639,35.68569],[135.88395,35.67568],[135.88321,35.66988]]}},{"type":"Feature","properties":{"_color":"#3388ff","_opacity":1,"_weight":3},"geometry":{"type":"LineString","coordinates":[[135.88492,35.66868],[135.88418,35.66128]]}},{"type":"Feature","properties":{"_color":"#3388ff","_opacity":1,"_weight":3},"geometry":{"type":"LineString","coordinates":[[135.89323,35.61909],[135.89152,35.61089],[135.89005,35.60448],[135.88883,35.59808]]}},{"type":"Feature","properties":{"_color":"#3388ff","_opacity":1,"_weight":3},"geometry":{"type":"LineString","coordinates":[[135.88859,35.59528],[135.88786,35.59128],[135.88859,35.58888],[135.89029,35.58708]]}},{"type":"Feature","properties":{"_color":"#3388ff","_opacity":1,"_weight":3},"geometry":{"type":"LineString","coordinates":[[135.91083,35.52599],[135.91083,35.51779],[135.91034,35.51258],[135.90737,35.50946],[135.90458,35.50397],[135.90397,35.49988]]}},{"type":"Feature","properties":{"_color":"#3388ff","_opacity":1,"_weight":3},"geometry":{"type":"LineString","coordinates":[[135.91625,35.44307],[135.9126,35.44707],[135.91139,35.45027],[135.91042,35.45527],[135.91115,35.46047],[135.91164,35.46807],[135.91141,35.47248],[135.91092,35.47648],[135.91092,35.48208],[135.91166,35.48828],[135.9141,35.49529],[135.91386,35.50289],[135.91386,35.50809],[135.91216,35.51349]]}},{"type":"Feature","properties":{"_color":"#3388ff","_opacity":1,"_weight":3},"geometry":{"type":"LineString","coordinates":[[135.79836,35.03486],[135.79861,35.02646],[135.79668,35.01725],[135.79451,35.00984],[135.79331,35.00503]]}},{"type":"Feature","properties":{"_color":"#3388ff","_opacity":1,"_weight":3},"geometry":{"type":"LineString","coordinates":[[135.79746,35.04447],[135.79134,35.03533],[135.78571,35.02559],[135.78449,35.01971],[135.78499,35.0114]]}},{"type":"Feature","properties":{"_color":"#3388ff","_opacity":1,"_weight":3},"geometry":{"type":"LineString","coordinates":[[135.11098,35.53865],[135.11354,35.54034]]}},{"type":"Feature","properties":{"_color":"#3388ff","_opacity":1,"_weight":3},"geometry":{"type":"LineString","coordinates":[[135.10611,35.53428],[135.10356,35.53189]]}},{"type":"Feature","properties":{"_color":"#3388ff","_opacity":1,"_weight":3},"geometry":{"type":"LineString","coordinates":[[135.84361,34.6606],[135.8446,34.65562]]}},{"type":"Feature","properties":{"_color":"#3388ff","_opacity":1,"_weight":3},"geometry":{"type":"LineString","coordinates":[[134.83593,34.34998],[134.82943,34.34326]]}},{"type":"Feature","properties":{"_color":"#3388ff","_opacity":1,"_weight":3},"geometry":{"type":"LineString","coordinates":[[135.01841,34.57954],[135.0155,34.57428],[135.01113,34.5674],[135.0075,34.56031]]}},{"type":"Feature","properties":{"_color":"#3388ff","_opacity":1,"_weight":3},"geometry":{"type":"LineString","coordinates":[[140.95179,39.80582],[140.95153,39.80304],[140.95153,39.80006],[140.95229,39.79687],[140.95281,39.79449],[140.9528,39.7929],[140.95203,39.79111],[140.95074,39.78932],[140.95074,39.78832],[140.95099,39.78634],[140.95045,39.78367],[140.94916,39.78287],[140.94749,39.78257],[140.94646,39.78148],[140.94633,39.77979],[140.94633,39.7779],[140.94645,39.77571],[140.94619,39.77243],[140.94567,39.76915],[140.94477,39.76677],[140.94335,39.76428],[140.94284,39.7616],[140.94206,39.75892],[140.94129,39.75713],[140.93961,39.75454],[140.93832,39.75037],[140.93716,39.74639],[140.93523,39.74262],[140.93432,39.73864],[140.93432,39.73476],[140.9338,39.73168],[140.93316,39.7288],[140.93225,39.72651],[140.93084,39.72383]]}},{"type":"Feature","properties":{"_color":"#3388ff","_opacity":1,"_weight":3},"geometry":{"type":"LineString","coordinates":[[140.93219,39.76692],[140.93245,39.76344],[140.93155,39.76096],[140.92962,39.75977],[140.92756,39.75788],[140.92588,39.7551],[140.92459,39.75211],[140.9233,39.74933],[140.9215,39.74555],[140.92008,39.74327]]}},{"type":"Feature","properties":{"_color":"#3388ff","_opacity":1,"_weight":3},"geometry":{"type":"LineString","coordinates":[[140.93292,39.75863],[140.93202,39.75346],[140.93112,39.75087],[140.9297,39.74938],[140.92803,39.74839],[140.92674,39.7461],[140.92635,39.74342],[140.92596,39.74043],[140.92532,39.73795],[140.9239,39.73576],[140.923,39.73358],[140.92274,39.7296],[140.92338,39.72592]]}},{"type":"Feature","properties":{"_color":"#3388ff","_opacity":1,"_weight":3},"geometry":{"type":"LineString","coordinates":[[140.93121,39.70787],[140.92915,39.70519],[140.92799,39.7031],[140.92786,39.69952],[140.92889,39.69704],[140.92991,39.69445]]}},{"type":"Feature","properties":{"_color":"#3388ff","_opacity":1,"_weight":3},"geometry":{"type":"LineString","coordinates":[[140.93932,39.72606],[140.93997,39.72228],[140.93996,39.71831],[140.93867,39.71383],[140.93828,39.71045],[140.93789,39.70797],[140.93905,39.70568],[140.93969,39.70309],[140.93943,39.70041],[140.93789,39.69753],[140.93454,39.69455]]}},{"type":"Feature","properties":{"_color":"#3388ff","_opacity":1,"_weight":3},"geometry":{"type":"LineString","coordinates":[[140.92579,39.6861],[140.92412,39.68073],[140.92219,39.67517],[140.92051,39.6703],[140.91948,39.66552],[140.91871,39.66005]]}},{"type":"Feature","properties":{"_color":"#3388ff","_opacity":1,"_weight":3},"geometry":{"type":"LineString","coordinates":[[140.82536,39.60183],[140.82537,39.59606],[140.8246,39.58612],[140.82384,39.57717],[140.82205,39.56783],[140.81975,39.55868],[140.8177,39.55271]]}},{"type":"Feature","properties":{"_color":"#3388ff","_opacity":1,"_weight":3},"geometry":{"type":"LineString","coordinates":[[140.82643,39.53581],[140.82567,39.53184],[140.82439,39.52965]]}},{"type":"Feature","properties":{"_color":"#3388ff","_opacity":1,"_weight":3},"geometry":{"type":"LineString","coordinates":[[140.82641,39.52449],[140.82642,39.52092],[140.82642,39.51922]]}},{"type":"Feature","properties":{"_color":"#3388ff","_opacity":1,"_weight":3},"geometry":{"type":"LineString","coordinates":[[140.82719,39.51853],[140.82912,39.51485],[140.83014,39.51227],[140.82835,39.50968],[140.82438,39.50511],[140.82002,39.50133],[140.81797,39.49755],[140.81477,39.49397],[140.81208,39.48999],[140.80747,39.4875],[140.80414,39.48591],[140.80222,39.48312],[140.79902,39.48163],[140.79389,39.48043],[140.78749,39.47963],[140.7862,39.47963]]}},{"type":"Feature","properties":{"_color":"#3388ff","_opacity":1,"_weight":3},"geometry":{"type":"LineString","coordinates":[[140.77887,39.47677],[140.77265,39.47233],[140.76357,39.46769],[140.75554,39.46225],[140.74828,39.4564],[140.74077,39.44794],[140.73353,39.43867],[140.72499,39.42818]]}},{"type":"Feature","properties":{"_color":"#3388ff","_opacity":1,"_weight":3},"geometry":{"type":"LineString","coordinates":[[140.7807,39.47012],[140.77759,39.4675],[140.77214,39.46549],[140.77085,39.46267],[140.77033,39.45924],[140.76645,39.45501]]}},{"type":"Feature","properties":{"_color":"#3388ff","_opacity":1,"_weight":3},"geometry":{"type":"LineString","coordinates":[[140.74988,39.43586],[140.74885,39.42962],[140.74549,39.42499],[140.74134,39.42176]]}},{"type":"Feature","properties":{"_color":"#3388ff","_opacity":1,"_weight":3},"geometry":{"type":"LineString","coordinates":[[140.75198,39.41875],[140.74525,39.41291],[140.73981,39.40968],[140.73126,39.40765],[140.71933,39.40583]]}},{"type":"Feature","properties":{"_color":"#3388ff","_opacity":1,"_weight":3},"geometry":{"type":"LineString","coordinates":[[140.72111,39.42274],[140.71413,39.41186],[140.70949,39.4034],[140.70614,39.39514],[140.70382,39.38647],[140.70281,39.37882],[140.70361,39.36815],[140.70726,39.35829],[140.7135,39.34702],[140.71844,39.33877],[140.72182,39.33314],[140.72262,39.32609],[140.72082,39.31582],[140.71697,39.30232],[140.71183,39.28802],[140.7059,39.27412]]}},{"type":"Feature","properties":{"_color":"#3388ff","_opacity":1,"_weight":3},"geometry":{"type":"LineString","coordinates":[[140.72544,39.33576],[140.72934,39.32892],[140.73013,39.3257],[140.7291,39.32167],[140.72808,39.31543],[140.72757,39.30958],[140.72447,39.30596],[140.72034,39.30031]]}},{"type":"Feature","properties":{"_color":"#3388ff","_opacity":1,"_weight":3},"geometry":{"type":"LineString","coordinates":[[140.63424,39.61369],[140.63423,39.60948],[140.62986,39.60608],[140.62473,39.60468],[140.62267,39.60268],[140.62087,39.59628],[140.61958,39.59228],[140.61932,39.58847],[140.61881,39.58407],[140.61855,39.57867],[140.61931,39.57247],[140.62162,39.56806],[140.62341,39.56566],[140.6229,39.56146],[140.62212,39.55866],[140.61956,39.55566],[140.62058,39.55245],[140.62212,39.55025],[140.62212,39.54685],[140.62468,39.54325],[140.62724,39.54225]]}},{"type":"Feature","properties":{"_color":"#3388ff","_opacity":1,"_weight":3},"geometry":{"type":"LineString","coordinates":[[140.63398,39.61369],[140.63423,39.60888],[140.62961,39.60588],[140.62421,39.60488],[140.62241,39.60228],[140.61958,39.59288],[140.61907,39.58667],[140.6188,39.57687],[140.61957,39.57186],[140.62239,39.56706],[140.62393,39.56526],[140.62238,39.55846],[140.61956,39.55566],[140.62032,39.55245],[140.62212,39.54985],[140.62237,39.54645]]}},{"type":"Feature","properties":{"_color":"#3388ff","_opacity":1,"_weight":3},"geometry":{"type":"LineString","coordinates":[[140.6229,39.58935],[140.62172,39.58561],[140.6213,39.58277]]}},{"type":"Feature","properties":{"_color":"#3388ff","_opacity":1,"_weight":3},"geometry":{"type":"LineString","coordinates":[[140.63207,39.57145],[140.63442,39.56629],[140.63495,39.56537]]}},{"type":"Feature","properties":{"_color":"#3388ff","_opacity":1,"_weight":3},"geometry":{"type":"LineString","coordinates":[[140.62959,39.54147],[140.63193,39.53748]]}},{"type":"Feature","properties":{"_color":"#3388ff","_opacity":1,"_weight":3},"geometry":{"type":"LineString","coordinates":[[140.63611,39.54597],[140.63898,39.5413],[140.64229,39.53781]]}},{"type":"Feature","properties":{"_color":"#3388ff","_opacity":1,"_weight":3},"geometry":{"type":"LineString","coordinates":[[140.63611,39.54597],[140.63898,39.5413],[140.64229,39.53781]]}},{"type":"Feature","properties":{"_color":"#3388ff","_opacity":1,"_weight":3},"geometry":{"type":"LineString","coordinates":[[140.64667,39.53599],[140.64432,39.52983],[140.64559,39.52517],[140.64644,39.52001],[140.64942,39.51601],[140.64963,39.51251],[140.65069,39.50685],[140.65069,39.50502]]}},{"type":"Feature","properties":{"_color":"#3388ff","_opacity":1,"_weight":3},"geometry":{"type":"LineString","coordinates":[[140.64667,39.53599],[140.64432,39.52983],[140.64559,39.52517],[140.64644,39.52001],[140.64942,39.51601],[140.64963,39.51251],[140.65069,39.50685],[140.65069,39.50502]]}},{"type":"Feature","properties":{"_color":"#3388ff","_opacity":1,"_weight":3},"geometry":{"type":"LineString","coordinates":[[140.64026,39.53083],[140.6426,39.52384]]}},{"type":"Feature","properties":{"_color":"#3388ff","_opacity":1,"_weight":3},"geometry":{"type":"LineString","coordinates":[[140.65047,39.50019],[140.65046,39.49369],[140.64939,39.4887],[140.64683,39.4857],[140.64576,39.4827],[140.6449,39.47904],[140.63999,39.47337]]}},{"type":"Feature","properties":{"_color":"#3388ff","_opacity":1,"_weight":3},"geometry":{"type":"LineString","coordinates":[[140.64258,39.50235],[140.63831,39.49753],[140.63595,39.49403],[140.63296,39.49036],[140.63189,39.48437],[140.63018,39.4822],[140.62464,39.48087],[140.61994,39.47804],[140.61482,39.47504],[140.61247,39.47238],[140.60735,39.47104],[140.60415,39.46804],[140.59967,39.46221],[140.59732,39.45688],[140.59689,39.45372],[140.59582,39.45155],[140.5922,39.45022],[140.58793,39.44756],[140.58537,39.44322],[140.58516,39.43973],[140.5875,39.43556],[140.58942,39.43306],[140.59091,39.43023],[140.58921,39.42774],[140.5858,39.42191],[140.58558,39.41624],[140.58792,39.40975],[140.5892,39.40575],[140.59048,39.40309],[140.58941,39.40009],[140.58792,39.39609]]}},{"type":"Feature","properties":{"_color":"#3388ff","_opacity":1,"_weight":3},"geometry":{"type":"LineString","coordinates":[[140.58728,39.39343],[140.58238,39.3861],[140.57769,39.3816]]}},{"type":"Feature","properties":{"_color":"#3388ff","_opacity":1,"_weight":3},"geometry":{"type":"LineString","coordinates":[[140.58358,39.39332],[140.5791,39.38516]]}},{"type":"Feature","properties":{"_color":"#3388ff","_opacity":1,"_weight":3},"geometry":{"type":"LineString","coordinates":[[140.58724,39.40015],[140.58575,39.39682]]}},{"type":"Feature","properties":{"_color":"#3388ff","_opacity":1,"_weight":3},"geometry":{"type":"LineString","coordinates":[[140.58686,39.42424],[140.58537,39.42174],[140.58558,39.41541],[140.5875,39.41108],[140.5892,39.40608],[140.59069,39.40392]]}},{"type":"Feature","properties":{"_color":"#3388ff","_opacity":1,"_weight":3},"geometry":{"type":"LineString","coordinates":[[140.58602,39.44372],[140.58772,39.44755],[140.59199,39.45005],[140.59476,39.45105]]}},{"type":"Feature","properties":{"_color":"#3388ff","_opacity":1,"_weight":3},"geometry":{"type":"LineString","coordinates":[[140.59903,39.46155],[140.605,39.46938],[140.60799,39.47138],[140.61268,39.47254],[140.61503,39.47521],[140.62015,39.47821],[140.62464,39.48137],[140.63018,39.4822],[140.6321,39.48437],[140.63296,39.48803],[140.63297,39.49103],[140.63895,39.49902]]}},{"type":"Feature","properties":{"_color":"#3388ff","_opacity":1,"_weight":3},"geometry":{"type":"LineString","coordinates":[[140.62997,39.4802],[140.62634,39.47704],[140.62399,39.47387],[140.62335,39.47054]]}},{"type":"Feature","properties":{"_color":"#3388ff","_opacity":1,"_weight":3},"geometry":{"type":"LineString","coordinates":[[140.63172,39.4788],[140.62937,39.47613]]}},{"type":"Feature","properties":{"_color":"#3388ff","_opacity":1,"_weight":3},"geometry":{"type":"LineString","coordinates":[[140.6277,39.47304],[140.62749,39.46771]]}},{"type":"Feature","properties":{"_color":"#3388ff","_opacity":1,"_weight":3},"geometry":{"type":"LineString","coordinates":[[140.63636,39.46804],[140.63358,39.46288],[140.62974,39.46072],[140.62824,39.45789],[140.62333,39.45455],[140.62184,39.45239]]}},{"type":"Feature","properties":{"_color":"#3388ff","_opacity":1,"_weight":3},"geometry":{"type":"LineString","coordinates":[[140.62619,39.45282],[140.63196,39.45632],[140.63409,39.45882],[140.63473,39.46081]]}},{"type":"Feature","properties":{"_color":"#3388ff","_opacity":1,"_weight":3},"geometry":{"type":"LineString","coordinates":[[140.61119,39.46238],[140.61353,39.45805],[140.6148,39.45356]]}},{"type":"Feature","properties":{"_color":"#3388ff","_opacity":1,"_weight":3},"geometry":{"type":"LineString","coordinates":[[140.60968,39.44939],[140.60499,39.44639],[140.60264,39.44489]]}},{"type":"Feature","properties":{"_color":"#3388ff","_opacity":1,"_weight":3},"geometry":{"type":"LineString","coordinates":[[140.61629,39.44923],[140.61458,39.44373],[140.61202,39.44023],[140.61245,39.43457],[140.61436,39.42824],[140.61457,39.42374],[140.61457,39.42241]]}},{"type":"Feature","properties":{"_color":"#3388ff","_opacity":1,"_weight":3},"geometry":{"type":"LineString","coordinates":[[140.60775,39.41925],[140.60881,39.41392],[140.60966,39.41159]]}},{"type":"Feature","properties":{"_color":"#3388ff","_opacity":1,"_weight":3},"geometry":{"type":"LineString","coordinates":[[140.59752,39.43323],[140.59837,39.4299],[140.60093,39.42591],[140.60136,39.42224],[140.6005,39.41791],[140.60156,39.41425],[140.60241,39.41108]]}},{"type":"Feature","properties":{"_color":"#3388ff","_opacity":1,"_weight":3},"geometry":{"type":"LineString","coordinates":[[140.57763,39.38157],[140.57284,39.37608],[140.56901,39.37033],[140.56677,39.36367],[140.56411,39.36],[140.56251,39.35451],[140.56336,39.35092],[140.56166,39.34626],[140.55964,39.34309],[140.55985,39.33835],[140.56017,39.33477],[140.56219,39.33052],[140.56283,39.32786]]}},{"type":"Feature","properties":{"_color":"#3388ff","_opacity":1,"_weight":3},"geometry":{"type":"LineString","coordinates":[[140.57539,39.35634],[140.57677,39.35343]]}},{"type":"Feature","properties":{"_color":"#3388ff","_opacity":1,"_weight":3},"geometry":{"type":"LineString","coordinates":[[140.57646,39.34618],[140.57571,39.34335],[140.57571,39.34177]]}},{"type":"Feature","properties":{"_color":"#3388ff","_opacity":1,"_weight":3},"geometry":{"type":"LineString","coordinates":[[140.56347,39.3411],[140.56634,39.33669],[140.56762,39.33311],[140.56762,39.32944],[140.5673,39.32578],[140.56581,39.32278],[140.56485,39.31995],[140.56507,39.3167],[140.56656,39.31204],[140.56698,39.30854],[140.56602,39.30479],[140.56602,39.30029],[140.56485,39.2968],[140.56379,39.29313]]}},{"type":"Feature","properties":{"_color":"#3388ff","_opacity":1,"_weight":3},"geometry":{"type":"LineString","coordinates":[[140.57049,39.30421],[140.56975,39.2988],[140.56762,39.29297],[140.56496,39.28597],[140.56401,39.28106],[140.56379,39.27506],[140.56422,39.26998],[140.56614,39.26423],[140.56709,39.2614]]}},{"type":"Feature","properties":{"_color":"#3388ff","_opacity":1,"_weight":3},"geometry":{"type":"LineString","coordinates":[[140.56837,39.25574],[140.56943,39.24758],[140.57123,39.23826],[140.57261,39.22601],[140.57399,39.21444],[140.57452,39.20286],[140.57442,39.20178]]}},{"type":"Feature","properties":{"_color":"#3388ff","_opacity":1,"_weight":3},"geometry":{"type":"LineString","coordinates":[[140.57537,39.19703],[140.57643,39.17738],[140.57685,39.16889],[140.57791,39.15598],[140.57897,39.14557],[140.58067,39.13058],[140.58268,39.11642]]}},{"type":"Feature","properties":{"_color":"#3388ff","_opacity":1,"_weight":3},"geometry":{"type":"LineString","coordinates":[[137.37243,36.56546],[137.36156,36.55688],[137.34008,36.5469],[137.32329,36.53831],[137.29194,36.51993],[137.25789,36.49834],[137.22436,36.47734],[137.21031,36.46873],[137.19109,36.45833],[137.17926,36.45072],[137.15833,36.4363],[137.13912,36.42209],[137.12558,36.41107],[137.10836,36.39585],[137.10024,36.38964],[137.08597,36.37882],[137.06975,36.3684],[137.05499,36.35757],[137.03533,36.34474],[137.01715,36.3325],[137.00192,36.32307],[136.97933,36.31142],[136.96165,36.30297],[136.94789,36.29754],[136.92506,36.28827],[136.91107,36.28184],[136.89316,36.27198],[136.88654,36.26756]]}},{"type":"Feature","properties":{"_color":"#3388ff","_opacity":1,"_weight":3},"geometry":{"type":"LineString","coordinates":[[137.10565,36.38405],[137.12263,36.39027],[137.14207,36.39689],[137.16963,36.40571],[137.18243,36.40931]]}},{"type":"Feature","properties":{"_color":"#3388ff","_opacity":1,"_weight":3},"geometry":{"type":"LineString","coordinates":[[137.33287,36.5261],[137.34792,36.53209],[137.35829,36.53668]]}},{"type":"Feature","properties":{"_color":"#3388ff","_opacity":1,"_weight":3},"geometry":{"type":"LineString","coordinates":[[136.9824,37.04234],[136.97743,37.03408],[136.96916,37.02764],[136.95945,37.02005],[136.95428,37.01393],[136.95014,37.00881],[136.94498,37.00386],[136.94085,37.00072],[136.93547,36.99742],[136.93403,36.99395],[136.93154,36.98717],[136.92989,36.98155],[136.92906,36.9761],[136.92575,36.97147],[136.92245,36.968],[136.91956,36.96536],[136.91151,36.96057],[136.90408,36.95759],[136.89686,36.95412],[136.88985,36.95],[136.88489,36.94553],[136.88015,36.94074],[136.87726,36.93859],[136.87375,36.93611],[136.87045,36.93529],[136.86489,36.93314],[136.86138,36.93099],[136.85499,36.92751],[136.8519,36.92421],[136.84963,36.92074],[136.84715,36.91859],[136.84303,36.91611],[136.84035,36.91214],[136.83726,36.90949],[136.83231,36.90635],[136.82757,36.90238],[136.8218,36.89693],[136.81624,36.89114],[136.81295,36.88634],[136.80945,36.88221],[136.80677,36.87873],[136.80183,36.8751],[136.79689,36.86997]]}},{"type":"Feature","properties":{"_color":"#3388ff","_opacity":1,"_weight":3},"geometry":{"type":"LineString","coordinates":[[136.97877,37.02791],[136.97361,37.02477],[136.97051,37.02329]]}},{"type":"Feature","properties":{"_color":"#3388ff","_opacity":1,"_weight":3},"geometry":{"type":"LineString","coordinates":[[136.97815,37.0256],[136.97236,37.0213],[136.96658,37.01767],[136.95914,37.01305]]}},{"type":"Feature","properties":{"_color":"#3388ff","_opacity":1,"_weight":3},"geometry":{"type":"LineString","coordinates":[[136.96843,37.01767],[136.97381,37.02014],[136.97835,37.02345]]}},{"type":"Feature","properties":{"_color":"#3388ff","_opacity":1,"_weight":3},"geometry":{"type":"LineString","coordinates":[[136.79063,36.85949],[136.78507,36.85222],[136.78014,36.84593],[136.77335,36.83683],[136.77088,36.83319]]}},{"type":"Feature","properties":{"_color":"#3388ff","_opacity":1,"_weight":3},"geometry":{"type":"LineString","coordinates":[[136.79208,36.85024],[136.79743,36.8552],[136.7999,36.85735]]}},{"type":"Feature","properties":{"_color":"#3388ff","_opacity":1,"_weight":3},"geometry":{"type":"LineString","coordinates":[[136.77954,36.8256],[136.77831,36.81948],[136.77956,36.81254],[136.7808,36.80741],[136.77916,36.80113],[136.77608,36.79319],[136.77547,36.79088]]}},{"type":"Feature","properties":{"_color":"#3388ff","_opacity":1,"_weight":3},"geometry":{"type":"LineString","coordinates":[[136.7732,36.79104],[136.77095,36.78691],[136.77033,36.78459]]}},{"type":"Feature","properties":{"_color":"#3388ff","_opacity":1,"_weight":3},"geometry":{"type":"LineString","coordinates":[[136.76785,36.79252],[136.76394,36.79087]]}},{"type":"Feature","properties":{"_color":"#3388ff","_opacity":1,"_weight":3},"geometry":{"type":"LineString","coordinates":[[136.75159,36.79019],[136.75714,36.79516],[136.76064,36.79847],[136.76207,36.80161],[136.76289,36.80492],[136.76598,36.80707],[136.7703,36.80955],[136.77132,36.81253]]}},{"type":"Feature","properties":{"_color":"#3388ff","_opacity":1,"_weight":3},"geometry":{"type":"LineString","coordinates":[[136.73701,36.77183],[136.73332,36.76439],[136.7284,36.75413]]}},{"type":"Feature","properties":{"_color":"#3388ff","_opacity":1,"_weight":3},"geometry":{"type":"LineString","coordinates":[[136.72373,36.72073],[136.72845,36.72751],[136.73296,36.73645],[136.7385,36.74356],[136.74465,36.752],[136.74958,36.75994],[136.75431,36.76474],[136.758,36.76904],[136.75902,36.77896],[136.76086,36.78772],[136.76167,36.79301]]}},{"type":"Feature","properties":{"_color":"#3388ff","_opacity":1,"_weight":3},"geometry":{"type":"LineString","coordinates":[[136.7213,36.70205],[136.71944,36.70882],[136.7184,36.71444]]}},{"type":"Feature","properties":{"_color":"#3388ff","_opacity":1,"_weight":3},"geometry":{"type":"LineString","coordinates":[[136.72747,36.69924],[136.73013,36.70603],[136.73424,36.71231],[136.73895,36.71794],[136.74327,36.7229],[136.74983,36.73415],[136.75599,36.73928],[136.76524,36.74491],[136.77346,36.74988]]}},{"type":"Feature","properties":{"_color":"#3388ff","_opacity":1,"_weight":3},"geometry":{"type":"LineString","coordinates":[[136.75044,36.73548],[136.75125,36.74391],[136.75597,36.75416],[136.76563,36.76409],[136.76953,36.77004],[136.77076,36.77368],[136.77198,36.78096],[136.77506,36.78906]]}},{"type":"Feature","properties":{"_color":"#3388ff","_opacity":1,"_weight":3},"geometry":{"type":"LineString","coordinates":[[136.48202,35.3232],[136.47617,35.31987],[136.47173,35.3167],[136.46971,35.31354],[136.4671,35.3087],[136.46388,35.30254],[136.45782,35.29737],[136.45319,35.29337],[136.44875,35.28854],[136.44593,35.28504],[136.44452,35.28204],[136.44392,35.27987]]}},{"type":"Feature","properties":{"_color":"#3388ff","_opacity":1,"_weight":3},"geometry":{"type":"LineString","coordinates":[[136.44535,35.27237],[136.44011,35.26803],[136.43688,35.26487]]}},{"type":"Feature","properties":{"_color":"#3388ff","_opacity":1,"_weight":3},"geometry":{"type":"LineString","coordinates":[[136.43689,35.26253],[136.43751,35.2562],[136.43994,35.25153],[136.43995,35.24853],[136.43955,35.24636]]}},{"type":"Feature","properties":{"_color":"#3388ff","_opacity":1,"_weight":3},"geometry":{"type":"LineString","coordinates":[[136.45129,35.23251],[136.45191,35.22635],[136.45211,35.22401]]}},{"type":"Feature","properties":{"_color":"#3388ff","_opacity":1,"_weight":3},"geometry":{"type":"LineString","coordinates":[[136.45232,35.22134],[136.45213,35.21534],[136.45174,35.21234]]}},{"type":"Feature","properties":{"_color":"#3388ff","_opacity":1,"_weight":3},"geometry":{"type":"LineString","coordinates":[[136.48249,35.1643],[136.48532,35.1568],[136.48655,35.14913],[136.48636,35.14263],[136.48556,35.13579],[136.48396,35.12829],[136.48256,35.11962],[136.48117,35.10945],[136.48059,35.09778],[136.48101,35.08911],[136.48162,35.08427]]}},{"type":"Feature","properties":{"_color":"#3388ff","_opacity":1,"_weight":3},"geometry":{"type":"LineString","coordinates":[[136.50178,35.07509],[136.50118,35.07042],[136.49978,35.06609]]}},{"type":"Feature","properties":{"_color":"#3388ff","_opacity":1,"_weight":3},"geometry":{"type":"LineString","coordinates":[[136.47276,35.07861],[136.47297,35.07261],[136.47399,35.06627],[136.47743,35.0616],[136.47945,35.05526],[136.47947,35.04776],[136.47947,35.04326]]}},{"type":"Feature","properties":{"_color":"#3388ff","_opacity":1,"_weight":3},"geometry":{"type":"LineString","coordinates":[[136.48146,35.02878],[136.47825,35.02395],[136.47685,35.01845],[136.47605,35.01362]]}},{"type":"Feature","properties":{"_color":"#3388ff","_opacity":1,"_weight":3},"geometry":{"type":"LineString","coordinates":[[136.47405,35.03709],[136.47366,35.02792],[136.47186,35.02225],[136.47087,35.01291],[136.46828,34.99841],[136.46367,34.98958],[136.45725,34.98074],[136.45424,34.97441],[136.45425,34.9689],[136.45447,34.96173],[136.45367,34.95907],[136.45086,34.9554],[136.44645,34.95173],[136.44525,34.9479],[136.44505,34.9434],[136.44245,34.93939],[136.43462,34.93473],[136.41754,34.92822],[136.4101,34.92606],[136.40126,34.92439]]}},{"type":"Feature","properties":{"_color":"#3388ff","_opacity":1,"_weight":3},"geometry":{"type":"LineString","coordinates":[[136.46568,34.99291],[136.47291,34.99674],[136.48216,35.0019]]}},{"type":"Feature","properties":{"_color":"#3388ff","_opacity":1,"_weight":3},"geometry":{"type":"LineString","coordinates":[[136.44145,34.93739],[136.44126,34.93222],[136.44047,34.92455],[136.44048,34.92222]]}},{"type":"Feature","properties":{"_color":"#3388ff","_opacity":1,"_weight":3},"geometry":{"type":"LineString","coordinates":[[136.50061,35.14068],[136.49952,35.13698],[136.49916,35.13479],[136.49941,35.13209],[136.50087,35.12849],[136.50208,35.12528],[136.50196,35.12179],[136.50052,35.11619],[136.49823,35.11349],[136.49521,35.11019],[136.49316,35.1082],[136.49268,35.1057],[136.49281,35.1028]]}},{"type":"Feature","properties":{"_color":"#3388ff","_opacity":1,"_weight":3},"geometry":{"type":"LineString","coordinates":[[136.48925,35.13459],[136.48829,35.13159],[136.48805,35.1289],[136.48805,35.1273]]}},{"type":"Feature","properties":{"_color":"#3388ff","_opacity":1,"_weight":3},"geometry":{"type":"LineString","coordinates":[[136.44969,35.2099],[136.44994,35.2055],[136.45103,35.2012],[136.4525,35.1964],[136.4565,35.191],[136.46304,35.1845],[136.46874,35.17819],[136.47334,35.17349],[136.47565,35.17139],[136.48098,35.16749],[136.48666,35.16429],[136.49139,35.16009],[136.49563,35.15528],[136.49938,35.14978],[136.50241,35.14568],[136.50447,35.14198],[136.50484,35.14008],[136.50484,35.13638],[136.50437,35.13138],[136.50486,35.12758],[136.50559,35.12258],[136.50523,35.11958],[136.50342,35.11579],[136.50053,35.10969],[136.49969,35.10609],[136.49909,35.10309],[136.49862,35.09669],[136.49851,35.0897],[136.49911,35.0875],[136.50093,35.085],[136.50178,35.08219],[136.50178,35.0802],[136.50179,35.0769],[136.50252,35.0749],[136.50494,35.0716],[136.50554,35.069],[136.50506,35.0669],[136.50338,35.063],[136.49964,35.059],[136.49566,35.05341]]}},{"type":"Feature","properties":{"_color":"#3388ff","_opacity":1,"_weight":3},"geometry":{"type":"LineString","coordinates":[[144.88734,43.62459],[144.88487,43.61312]]}},{"type":"Feature","properties":{"_color":"#3388ff","_opacity":1,"_weight":3},"geometry":{"type":"LineString","coordinates":[[144.88351,43.60989],[144.87929,43.60293],[144.8748,43.599]]}},{"type":"Feature","properties":{"_color":"#3388ff","_opacity":1,"_weight":3},"geometry":{"type":"LineString","coordinates":[[144.87222,43.59724],[144.86311,43.59253]]}},{"type":"Feature","properties":{"_color":"#3388ff","_opacity":1,"_weight":3},"geometry":{"type":"LineString","coordinates":[[144.86189,43.59184],[144.85768,43.59027],[144.85429,43.58929]]}},{"type":"Feature","properties":{"_color":"#3388ff","_opacity":1,"_weight":3},"geometry":{"type":"LineString","coordinates":[[144.85279,43.58851],[144.84844,43.58605],[144.84668,43.58419],[144.84477,43.58223],[144.84246,43.58056],[144.83893,43.57919],[144.83595,43.5786],[144.83364,43.57859]]}},{"type":"Feature","properties":{"_color":"#3388ff","_opacity":1,"_weight":3},"geometry":{"type":"LineString","coordinates":[[144.79767,43.62363],[144.79251,43.62009]]}},{"type":"Feature","properties":{"_color":"#3388ff","_opacity":1,"_weight":3},"geometry":{"type":"LineString","coordinates":[[144.78952,43.61911],[144.78313,43.61411]]}},{"type":"Feature","properties":{"_color":"#3388ff","_opacity":1,"_weight":3},"geometry":{"type":"LineString","coordinates":[[144.77852,43.609],[144.77309,43.60361],[144.76874,43.59968]]}},{"type":"Feature","properties":{"_color":"#3388ff","_opacity":1,"_weight":3},"geometry":{"type":"LineString","coordinates":[[144.76494,43.59674],[144.75842,43.59124]]}},{"type":"Feature","properties":{"_color":"#3388ff","_opacity":1,"_weight":3},"geometry":{"type":"LineString","coordinates":[[144.75666,43.58908],[144.75137,43.58418],[144.74201,43.57701],[144.73251,43.57072]]}},{"type":"Feature","properties":{"_color":"#3388ff","_opacity":1,"_weight":3},"geometry":{"type":"LineString","coordinates":[[144.7283,43.56611],[144.72153,43.55963]]}},{"type":"Feature","properties":{"_color":"#3388ff","_opacity":1,"_weight":3},"geometry":{"type":"LineString","coordinates":[[144.87988,43.6332],[144.88355,43.63536],[144.88722,43.63654],[144.89334,43.63801]]}},{"type":"Feature","properties":{"_color":"#3388ff","_opacity":1,"_weight":3},"geometry":{"type":"LineString","coordinates":[[144.89769,43.6389],[144.90177,43.64135],[144.90558,43.64311]]}},{"type":"Feature","properties":{"_color":"#3388ff","_opacity":1,"_weight":3},"geometry":{"type":"LineString","coordinates":[[144.90993,43.64331],[144.9155,43.6438]]}},{"type":"Feature","properties":{"_color":"#3388ff","_opacity":1,"_weight":3},"geometry":{"type":"LineString","coordinates":[[144.92094,43.64488],[144.92638,43.64635],[144.93114,43.64811],[144.93481,43.64998]]}},{"type":"Feature","properties":{"_color":"#3388ff","_opacity":1,"_weight":3},"geometry":{"type":"LineString","coordinates":[[144.93794,43.65125],[144.94447,43.65311],[144.95059,43.65517]]}},{"type":"Feature","properties":{"_color":"#3388ff","_opacity":1,"_weight":3},"geometry":{"type":"LineString","coordinates":[[144.95359,43.65654],[144.95768,43.66105]]}},{"type":"Feature","properties":{"_color":"#3388ff","_opacity":1,"_weight":3},"geometry":{"type":"LineString","coordinates":[[144.95945,43.66379],[144.96191,43.6684],[144.96356,43.67428]]}},{"type":"Feature","properties":{"_color":"#3388ff","_opacity":1,"_weight":3},"geometry":{"type":"LineString","coordinates":[[144.89388,43.63919],[144.89715,43.64468]]}},{"type":"Feature","properties":{"_color":"#3388ff","_opacity":1,"_weight":3},"geometry":{"type":"LineString","coordinates":[[144.89865,43.64664],[144.90437,43.65497],[144.90874,43.66124]]}},{"type":"Feature","properties":{"_color":"#3388ff","_opacity":1,"_weight":3},"geometry":{"type":"LineString","coordinates":[[144.96438,43.67663],[144.96576,43.68339]]}},{"type":"Feature","properties":{"_color":"#3388ff","_opacity":1,"_weight":3},"geometry":{"type":"LineString","coordinates":[[144.96576,43.68407],[144.96632,43.68838]]}},{"type":"Feature","properties":{"_color":"#3388ff","_opacity":1,"_weight":3},"geometry":{"type":"LineString","coordinates":[[144.9666,43.68956],[144.96756,43.69485]]}},{"type":"Feature","properties":{"_color":"#3388ff","_opacity":1,"_weight":3},"geometry":{"type":"LineString","coordinates":[[144.96784,43.69593],[144.96867,43.70093],[144.9684,43.70347],[144.96678,43.70837]]}},{"type":"Feature","properties":{"_color":"#3388ff","_opacity":1,"_weight":3},"geometry":{"type":"LineString","coordinates":[[144.92966,43.65478],[144.93266,43.66085],[144.9358,43.66712]]}},{"type":"Feature","properties":{"_color":"#3388ff","_opacity":1,"_weight":3},"geometry":{"type":"LineString","coordinates":[[144.93853,43.67095],[144.94208,43.67624],[144.94549,43.68133],[144.94741,43.68604],[144.94905,43.69074]]}},{"type":"Feature","properties":{"_color":"#3388ff","_opacity":1,"_weight":3},"geometry":{"type":"LineString","coordinates":[[144.94987,43.69231],[144.95029,43.69711]]}},{"type":"Feature","properties":{"_color":"#3388ff","_opacity":1,"_weight":3},"geometry":{"type":"LineString","coordinates":[[144.95098,43.69887],[144.95264,43.71063],[144.95293,43.71661]]}},{"type":"Feature","properties":{"_color":"#3388ff","_opacity":1,"_weight":3},"geometry":{"type":"LineString","coordinates":[[144.95211,43.71739],[144.94424,43.72405],[144.93826,43.72886]]}},{"type":"Feature","properties":{"_color":"#3388ff","_opacity":1,"_weight":3},"geometry":{"type":"LineString","coordinates":[[144.93912,43.74595],[144.94131,43.75085],[144.94431,43.75477],[144.94595,43.75722]]}},{"type":"Feature","properties":{"_color":"#3388ff","_opacity":1,"_weight":3},"geometry":{"type":"LineString","coordinates":[[144.94923,43.76036],[144.95455,43.76526],[144.95906,43.76966]]}},{"type":"Feature","properties":{"_color":"#3388ff","_opacity":1,"_weight":3},"geometry":{"type":"LineString","coordinates":[[144.96316,43.77309],[144.96821,43.7777],[144.97408,43.78406],[144.97723,43.78896]]}},{"type":"Feature","properties":{"_color":"#3388ff","_opacity":1,"_weight":3},"geometry":{"type":"LineString","coordinates":[[144.98038,43.79386],[144.98913,43.80483],[144.99529,43.81316]]}},{"type":"Feature","properties":{"_color":"#3388ff","_opacity":1,"_weight":3},"geometry":{"type":"LineString","coordinates":[[144.99625,43.81473],[145.00799,43.81981],[145.0312,43.82862],[145.04117,43.83214]]}},{"type":"Feature","properties":{"_color":"#3388ff","_opacity":1,"_weight":3},"geometry":{"type":"LineString","coordinates":[[145.05207,43.83203],[145.0615,43.83604],[145.06464,43.83761]]}},{"type":"Feature","properties":{"_color":"#3388ff","_opacity":1,"_weight":3},"geometry":{"type":"LineString","coordinates":[[145.06724,43.83897],[145.07298,43.8425],[145.07736,43.84631]]}},{"type":"Feature","properties":{"_color":"#3388ff","_opacity":1,"_weight":3},"geometry":{"type":"LineString","coordinates":[[145.03246,43.83587],[145.03644,43.84224],[145.03782,43.84625]]}},{"type":"Feature","properties":{"_color":"#3388ff","_opacity":1,"_weight":3},"geometry":{"type":"LineString","coordinates":[[145.03851,43.84841],[145.03948,43.85233]]}},{"type":"Feature","properties":{"_color":"#3388ff","_opacity":1,"_weight":3},"geometry":{"type":"LineString","coordinates":[[145.04016,43.85331],[145.04099,43.85664]]}},{"type":"Feature","properties":{"_color":"#3388ff","_opacity":1,"_weight":3},"geometry":{"type":"LineString","coordinates":[[145.04187,43.83812],[145.04626,43.84301],[145.04995,43.84673]]}},{"type":"Feature","properties":{"_color":"#3388ff","_opacity":1,"_weight":3},"geometry":{"type":"LineString","coordinates":[[145.05256,43.85065],[145.05516,43.85319]]}},{"type":"Feature","properties":{"_color":"#3388ff","_opacity":1,"_weight":3},"geometry":{"type":"LineString","coordinates":[[145.07834,43.85102],[145.07878,43.85729]]}},{"type":"Feature","properties":{"_color":"#3388ff","_opacity":1,"_weight":3},"geometry":{"type":"LineString","coordinates":[[145.04529,43.87202],[145.04721,43.87505]]}},{"type":"Feature","properties":{"_color":"#3388ff","_opacity":1,"_weight":3},"geometry":{"type":"LineString","coordinates":[[145.04748,43.87564],[145.0505,43.88054]]}},{"type":"Feature","properties":{"_color":"#3388ff","_opacity":1,"_weight":3},"geometry":{"type":"LineString","coordinates":[[145.0803,43.86228],[145.08128,43.86806]]}},{"type":"Feature","properties":{"_color":"#3388ff","_opacity":1,"_weight":3},"geometry":{"type":"LineString","coordinates":[[145.08321,43.87168],[145.08679,43.87854],[145.08831,43.88138]]}},{"type":"Feature","properties":{"_color":"#3388ff","_opacity":1,"_weight":3},"geometry":{"type":"LineString","coordinates":[[145.0893,43.89019],[145.09492,43.89391]]}},{"type":"Feature","properties":{"_color":"#3388ff","_opacity":1,"_weight":3},"geometry":{"type":"LineString","coordinates":[[145.0661,43.88895],[145.07322,43.89423],[145.08076,43.90157],[145.08584,43.90725],[145.09284,43.91577],[145.09683,43.92105],[145.10302,43.93065],[145.10522,43.93496]]}},{"type":"Feature","properties":{"_color":"#3388ff","_opacity":1,"_weight":3},"geometry":{"type":"LineString","coordinates":[[143.42101,43.29685],[143.41178,43.28049],[143.40473,43.26293],[143.39822,43.24736]]}},{"type":"Feature","properties":{"_color":"#3388ff","_opacity":1,"_weight":3},"geometry":{"type":"LineString","coordinates":[[143.41769,43.25561],[143.40741,43.24625],[143.39739,43.23348],[143.39116,43.22131],[143.38547,43.20654],[143.38222,43.19057],[143.37734,43.171],[143.37354,43.15183],[143.37164,43.13706],[143.37244,43.12687]]}},{"type":"Feature","properties":{"_color":"#3388ff","_opacity":1,"_weight":3},"geometry":{"type":"LineString","coordinates":[[143.38768,43.24508],[143.37361,43.22853],[143.36549,43.21416],[143.36035,43.20019],[143.35548,43.18781],[143.35251,43.17883],[143.34575,43.16865],[143.34305,43.16606]]}},{"type":"Feature","properties":{"_color":"#3388ff","_opacity":1,"_weight":3},"geometry":{"type":"LineString","coordinates":[[143.3328,43.15888],[143.32713,43.14731],[143.31283,43.12136],[143.30501,43.09979],[143.29855,43.08182],[143.29694,43.06165],[143.29641,43.05546]]}},{"type":"Feature","properties":{"_color":"#3388ff","_opacity":1,"_weight":3},"geometry":{"type":"LineString","coordinates":[[143.28291,43.08922],[143.28911,43.1012]]}},{"type":"Feature","properties":{"_color":"#3388ff","_opacity":1,"_weight":3},"geometry":{"type":"LineString","coordinates":[[143.27833,43.08903],[143.27699,43.07764],[143.27457,43.06766],[143.27216,43.05548]]}},{"type":"Feature","properties":{"_color":"#3388ff","_opacity":1,"_weight":3},"geometry":{"type":"LineString","coordinates":[[143.33496,43.17826],[143.32713,43.16708],[143.31876,43.1559],[143.30986,43.14713],[143.30473,43.14074],[143.30069,43.13335],[143.29665,43.12676],[143.29098,43.11738],[143.28856,43.1086],[143.28614,43.10141],[143.28264,43.09841],[143.27482,43.09123],[143.27402,43.08704],[143.26971,43.07985],[143.26675,43.07525],[143.2611,43.06487],[143.25465,43.05249],[143.25063,43.03891],[143.24741,43.02573],[143.2477,43.01275],[143.24986,43.00236]]}},{"type":"Feature","properties":{"_color":"#3388ff","_opacity":1,"_weight":3},"geometry":{"type":"LineString","coordinates":[[143.28401,43.05507],[143.27944,43.05048],[143.27675,43.04389],[143.27622,43.0359],[143.27434,43.02472],[143.26896,43.01553],[143.26332,43.00555],[143.2566,42.99437],[143.25446,42.98778],[143.25339,42.97759]]}},{"type":"Feature","properties":{"_color":"#3388ff","_opacity":1,"_weight":3},"geometry":{"type":"LineString","coordinates":[[143.24559,42.9728],[143.24749,42.96002],[143.24966,42.94703]]}},{"type":"Feature","properties":{"_color":"#3388ff","_opacity":1,"_weight":3},"geometry":{"type":"LineString","coordinates":[[143.2733,42.98557],[143.27761,42.97897],[143.2803,42.97278],[143.28193,42.96479],[143.28113,42.95401],[143.28086,42.94542],[143.28195,42.93583],[143.28411,42.92464],[143.28653,42.91525],[143.29031,42.90147],[143.29381,42.88928]]}},{"type":"Feature","properties":{"_color":"#3388ff","_opacity":1,"_weight":3},"geometry":{"type":"LineString","coordinates":[[143.19299,42.91329],[143.18952,42.9039],[143.18416,42.89411],[143.18069,42.88772],[143.1764,42.88352],[143.16916,42.87853]]}},{"type":"Feature","properties":{"_color":"#3388ff","_opacity":1,"_weight":3},"geometry":{"type":"LineString","coordinates":[[143.30133,42.90066],[143.29999,42.88927],[143.29758,42.8737],[143.29678,42.86111],[143.29759,42.85552],[143.30162,42.85232],[143.30753,42.84772],[143.31048,42.84033],[143.31076,42.83434],[143.30915,42.82794],[143.30754,42.82375],[143.30835,42.81976],[143.31318,42.81376],[143.32338,42.80636],[143.33223,42.80016]]}},{"type":"Feature","properties":{"_color":"#3388ff","_opacity":1,"_weight":3},"geometry":{"type":"LineString","coordinates":[[143.33706,42.78777],[143.34269,42.78137],[143.3443,42.77777],[143.34243,42.76998],[143.34243,42.7582],[143.34323,42.75061],[143.34564,42.74102]]}},{"type":"Feature","properties":{"_color":"#3388ff","_opacity":1,"_weight":3},"geometry":{"type":"LineString","coordinates":[[143.26919,42.78683],[143.26198,42.76626],[143.25717,42.75108],[143.25263,42.7363],[143.25157,42.72671],[143.25132,42.71453]]}},{"type":"Feature","properties":{"_color":"#3388ff","_opacity":1,"_weight":3},"geometry":{"type":"LineString","coordinates":[[143.23278,42.91168],[143.22688,42.90509],[143.22285,42.8993],[143.22045,42.89271],[143.22073,42.88732],[143.22289,42.87873],[143.22424,42.87174],[143.22399,42.86534],[143.22266,42.85676],[143.21811,42.84897],[143.21275,42.84278],[143.20471,42.83299],[143.20258,42.82619],[143.20234,42.81481],[143.20317,42.80342],[143.20427,42.78944],[143.20537,42.77686],[143.20781,42.76088],[143.20971,42.75049]]}},{"type":"Feature","properties":{"_color":"#3388ff","_opacity":1,"_weight":3},"geometry":{"type":"LineString","coordinates":[[143.23529,42.84856],[143.2345,42.84137],[143.22941,42.83239],[143.22486,42.82559],[143.22246,42.8194],[143.22167,42.81081]]}},{"type":"Feature","properties":{"_color":"#3388ff","_opacity":1,"_weight":3},"geometry":{"type":"LineString","coordinates":[[143.21797,42.78025],[143.22149,42.76267],[143.22312,42.75069],[143.22153,42.7403],[143.22048,42.72812],[143.22184,42.71953],[143.22802,42.70974],[143.23285,42.70414],[143.23608,42.69595],[143.23798,42.68317],[143.24175,42.67038],[143.24578,42.658],[143.25142,42.64721],[143.26402,42.63442],[143.28196,42.62322],[143.28517,42.62123]]}},{"type":"Feature","properties":{"_color":"#3388ff","_opacity":1,"_weight":3},"geometry":{"type":"LineString","coordinates":[[143.30571,42.72548],[143.30116,42.71869],[143.29768,42.7155]]}},{"type":"Feature","properties":{"_color":"#3388ff","_opacity":1,"_weight":3},"geometry":{"type":"LineString","coordinates":[[143.30277,42.7141],[143.30036,42.70691],[143.29528,42.69992],[143.28939,42.69593]]}},{"type":"Feature","properties":{"_color":"#3388ff","_opacity":1,"_weight":3},"geometry":{"type":"LineString","coordinates":[[143.30013,42.65667],[143.29987,42.64149],[143.298,42.6307],[143.29239,42.62132],[143.28892,42.61293],[143.28492,42.60115],[143.27931,42.59137],[143.27371,42.58557],[143.27024,42.58038],[143.26864,42.57259],[143.26464,42.5652],[143.25797,42.55642],[143.2505,42.55103]]}},{"type":"Feature","properties":{"_color":"#3388ff","_opacity":1,"_weight":3},"geometry":{"type":"LineString","coordinates":[[143.21695,43.04092],[143.21914,43.01895],[143.22079,43.00457]]}},{"type":"Feature","properties":{"_color":"#3388ff","_opacity":1,"_weight":3},"geometry":{"type":"LineString","coordinates":[[143.22079,43.00457],[143.22296,42.99018],[143.22406,42.977],[143.22354,42.96622],[143.22303,42.94944]]}},{"type":"Feature","properties":{"_color":"#3388ff","_opacity":1,"_weight":3},"geometry":{"type":"LineString","coordinates":[[143.22357,42.94944],[143.22413,42.93705],[143.22254,42.92307],[143.22148,42.91309]]}},{"type":"Feature","properties":{"_color":"#3388ff","_opacity":1,"_weight":3},"geometry":{"type":"LineString","coordinates":[[143.22149,42.91229],[143.21936,42.89791]]}},{"type":"Feature","properties":{"_color":"#3388ff","_opacity":1,"_weight":3},"geometry":{"type":"LineString","coordinates":[[143.21829,42.89671],[143.21671,42.87753]]}},{"type":"Feature","properties":{"_color":"#3388ff","_opacity":1,"_weight":3},"geometry":{"type":"LineString","coordinates":[[143.16606,42.50952],[143.16635,42.49993],[143.16799,42.48834],[143.17015,42.47855],[143.17444,42.47276],[143.18246,42.46857],[143.19235,42.46118],[143.19798,42.45399],[143.20466,42.4478],[143.21643,42.43581],[143.22445,42.42623],[143.22927,42.41444],[143.23356,42.40505],[143.23837,42.39766],[143.24852,42.38807],[143.25919,42.37928],[143.26934,42.36729],[143.27761,42.3551],[143.28721,42.34371],[143.29814,42.33251],[143.31147,42.31832],[143.32106,42.30812]]}},{"type":"Feature","properties":{"_color":"#3388ff","_opacity":1,"_weight":3},"geometry":{"type":"LineString","coordinates":[[142.44751,43.44872],[142.4433,43.44376],[142.43896,43.43939],[142.4357,43.43532],[142.43394,43.43214],[142.4319,43.42668],[142.43,43.42232],[142.42797,43.41725],[142.42688,43.41219],[142.42444,43.40782],[142.42119,43.40296],[142.41793,43.40038],[142.41035,43.39571]]}},{"type":"Feature","properties":{"_color":"#3388ff","_opacity":1,"_weight":3},"geometry":{"type":"LineString","coordinates":[[142.4037,43.42709],[142.39841,43.42223],[142.3957,43.41826],[142.39367,43.4126],[142.39178,43.40614],[142.3911,43.40028],[142.39124,43.39333],[142.39151,43.38787],[142.39043,43.38181],[142.38867,43.37923],[142.38488,43.37655],[142.38271,43.37496],[142.38122,43.37208],[142.38095,43.36791],[142.38096,43.36394],[142.37906,43.36126],[142.37581,43.35898],[142.37446,43.35798],[142.37405,43.3557]]}},{"type":"Feature","properties":{"_color":"#3388ff","_opacity":1,"_weight":3},"geometry":{"type":"LineString","coordinates":[[142.36687,43.36791],[142.36984,43.37417],[142.37187,43.37715],[142.37688,43.38052],[142.38189,43.3838],[142.38338,43.38708],[142.38311,43.39105],[142.38189,43.39492],[142.38284,43.3977],[142.38378,43.40187],[142.38514,43.40495],[142.38622,43.40694],[142.3869,43.41002]]}},{"type":"Feature","properties":{"_color":"#3388ff","_opacity":1,"_weight":3},"geometry":{"type":"LineString","coordinates":[[142.35525,43.33698],[142.35593,43.32923],[142.35648,43.3191]]}},{"type":"Feature","properties":{"_color":"#3388ff","_opacity":1,"_weight":3},"geometry":{"type":"LineString","coordinates":[[142.36338,43.32119],[142.36285,43.31533],[142.36272,43.31235]]}},{"type":"Feature","properties":{"_color":"#3388ff","_opacity":1,"_weight":3},"geometry":{"type":"LineString","coordinates":[[142.36919,43.33519],[142.36933,43.32953],[142.36893,43.32546],[142.36934,43.32278],[142.36974,43.32079],[142.36961,43.31811],[142.36799,43.31593],[142.36731,43.31384],[142.36745,43.31265],[142.36908,43.31096],[142.36948,43.30987],[142.36867,43.30758],[142.36786,43.3057],[142.36746,43.30272],[142.36773,43.30103],[142.36692,43.29874],[142.36503,43.29666],[142.36395,43.29318],[142.36287,43.28931]]}},{"type":"Feature","properties":{"_color":"#3388ff","_opacity":1,"_weight":3},"geometry":{"type":"LineString","coordinates":[[142.36016,43.29259],[142.36003,43.28891],[142.35963,43.28375]]}},{"type":"Feature","properties":{"_color":"#3388ff","_opacity":1,"_weight":3},"geometry":{"type":"LineString","coordinates":[[142.37881,43.32079],[142.37922,43.31692],[142.37869,43.30858],[142.37882,43.30361],[142.37775,43.29755],[142.37585,43.29447],[142.37315,43.28812],[142.37261,43.28444],[142.37072,43.28286],[142.36964,43.28047],[142.3687,43.27878],[142.36532,43.27551],[142.3618,43.27332]]}},{"type":"Feature","properties":{"_color":"#3388ff","_opacity":1,"_weight":3},"geometry":{"type":"LineString","coordinates":[[142.3618,43.28027],[142.36018,43.27561],[142.35667,43.26955],[142.35423,43.26746],[142.3514,43.26478],[142.34883,43.2614],[142.34654,43.25733],[142.34452,43.25296],[142.34344,43.24948],[142.34385,43.24482],[142.34466,43.24154],[142.34629,43.23677],[142.349,43.2326],[142.35036,43.22923],[142.35022,43.22555],[142.34928,43.22237],[142.34942,43.2189],[142.35064,43.21522],[142.35281,43.21086]]}},{"type":"Feature","properties":{"_color":"#3388ff","_opacity":1,"_weight":3},"geometry":{"type":"LineString","coordinates":[[142.47131,43.37994],[142.46236,43.36892],[142.45233,43.35671],[142.44149,43.3455],[142.43119,43.33309],[142.42456,43.32356],[142.41941,43.31582],[142.41373,43.30708],[142.40886,43.29934],[142.4044,43.29229],[142.39953,43.28444],[142.39574,43.27759]]}},{"type":"Feature","properties":{"_color":"#3388ff","_opacity":1,"_weight":3},"geometry":{"type":"LineString","coordinates":[[142.3886,43.23618],[142.38765,43.23122]]}},{"type":"Feature","properties":{"_color":"#3388ff","_opacity":1,"_weight":3},"geometry":{"type":"LineString","coordinates":[[142.38671,43.22993],[142.38522,43.22496],[142.38306,43.2197]]}},{"type":"Feature","properties":{"_color":"#3388ff","_opacity":1,"_weight":3},"geometry":{"type":"LineString","coordinates":[[142.38239,43.21414],[142.37402,43.2058],[142.36606,43.19954],[142.35215,43.1897]]}},{"type":"Feature","properties":{"_color":"#3388ff","_opacity":1,"_weight":3},"geometry":{"type":"LineString","coordinates":[[142.40334,43.18901],[142.40172,43.17978],[142.4001,43.17193],[142.39713,43.1621],[142.39524,43.15654]]}},{"type":"Feature","properties":{"_color":"#3388ff","_opacity":1,"_weight":3},"geometry":{"type":"LineString","coordinates":[[140.26931,42.74712],[140.27227,42.7403]]}},{"type":"Feature","properties":{"_color":"#3388ff","_opacity":1,"_weight":3},"geometry":{"type":"LineString","coordinates":[[140.27736,42.74352],[140.28113,42.73448],[140.28678,42.72384]]}},{"type":"Feature","properties":{"_color":"#3388ff","_opacity":1,"_weight":3},"geometry":{"type":"LineString","coordinates":[[140.27389,42.73146],[140.27256,42.72563],[140.27257,42.72041],[140.27419,42.71599],[140.2758,42.71338]]}},{"type":"Feature","properties":{"_color":"#3388ff","_opacity":1,"_weight":3},"geometry":{"type":"LineString","coordinates":[[140.27846,42.7099],[140.27833,42.70779],[140.27886,42.70568],[140.28235,42.70317]]}},{"type":"Feature","properties":{"_color":"#3388ff","_opacity":1,"_weight":3},"geometry":{"type":"LineString","coordinates":[[140.28463,42.70056],[140.28343,42.69624],[140.2825,42.69222]]}},{"type":"Feature","properties":{"_color":"#3388ff","_opacity":1,"_weight":3},"geometry":{"type":"LineString","coordinates":[[140.28974,42.69213],[140.28814,42.68811],[140.28747,42.68419],[140.28788,42.68088],[140.28976,42.67877],[140.29204,42.67757],[140.29432,42.67455]]}},{"type":"Feature","properties":{"_color":"#3388ff","_opacity":1,"_weight":3},"geometry":{"type":"LineString","coordinates":[[140.29269,42.68686],[140.29283,42.68334],[140.29404,42.68073],[140.29632,42.67822],[140.29873,42.67551],[140.30075,42.67291],[140.30129,42.671],[140.30169,42.66607],[140.30143,42.66085],[140.3009,42.65754],[140.29943,42.65442],[140.29863,42.65241],[140.2981,42.64849]]}},{"type":"Feature","properties":{"_color":"#3388ff","_opacity":1,"_weight":3},"geometry":{"type":"LineString","coordinates":[[140.30091,42.65241],[140.30224,42.65563],[140.30438,42.65945],[140.30772,42.66347]]}},{"type":"Feature","properties":{"_color":"#3388ff","_opacity":1,"_weight":3},"geometry":{"type":"LineString","coordinates":[[140.30706,42.65332],[140.3056,42.6483],[140.30426,42.64408],[140.30373,42.64106],[140.30307,42.63795],[140.30093,42.63363],[140.29892,42.63111]]}},{"type":"Feature","properties":{"_color":"#3388ff","_opacity":1,"_weight":3},"geometry":{"type":"LineString","coordinates":[[140.31095,42.6468],[140.30882,42.64187],[140.30681,42.63755],[140.30588,42.63464]]}},{"type":"Feature","properties":{"_color":"#3388ff","_opacity":1,"_weight":3},"geometry":{"type":"LineString","coordinates":[[140.31699,42.63354],[140.31472,42.63053],[140.31378,42.62741],[140.31419,42.6245],[140.31567,42.62058],[140.31634,42.61797],[140.31647,42.61586]]}},{"type":"Feature","properties":{"_color":"#3388ff","_opacity":1,"_weight":3},"geometry":{"type":"LineString","coordinates":[[140.31701,42.61315],[140.31568,42.60993],[140.31461,42.60732]]}},{"type":"Feature","properties":{"_color":"#3388ff","_opacity":1,"_weight":3},"geometry":{"type":"LineString","coordinates":[[140.31915,42.61838],[140.32156,42.61536],[140.32156,42.61326],[140.32036,42.61084],[140.31956,42.60823]]}},{"type":"Feature","properties":{"_color":"#3388ff","_opacity":1,"_weight":3},"geometry":{"type":"LineString","coordinates":[[140.32263,42.60994],[140.3213,42.60753],[140.31996,42.60482],[140.31983,42.60311],[140.31957,42.6009],[140.31743,42.59858],[140.31556,42.59436]]}},{"type":"Feature","properties":{"_color":"#3388ff","_opacity":1,"_weight":3},"geometry":{"type":"LineString","coordinates":[[140.30205,42.60032],[140.30005,42.5973],[140.29872,42.59348],[140.29792,42.59037]]}},{"type":"Feature","properties":{"_color":"#3388ff","_opacity":1,"_weight":3},"geometry":{"type":"LineString","coordinates":[[140.30005,42.59268],[140.30046,42.58836],[140.29899,42.58565],[140.29592,42.58142]]}},{"type":"Feature","properties":{"_color":"#3388ff","_opacity":1,"_weight":3},"geometry":{"type":"LineString","coordinates":[[140.31154,42.59948],[140.3102,42.59707],[140.30873,42.59546],[140.30847,42.59305],[140.30887,42.59074],[140.31021,42.58833]]}},{"type":"Feature","properties":{"_color":"#3388ff","_opacity":1,"_weight":3},"geometry":{"type":"LineString","coordinates":[[140.30593,42.59003],[140.30874,42.58461],[140.31062,42.5817],[140.31129,42.57868],[140.31236,42.57718]]}},{"type":"Feature","properties":{"_color":"#3388ff","_opacity":1,"_weight":3},"geometry":{"type":"LineString","coordinates":[[140.30426,42.57397],[140.30801,42.57005],[140.31256,42.56705],[140.31684,42.56504]]}},{"type":"Feature","properties":{"_color":"#3388ff","_opacity":1,"_weight":3},"geometry":{"type":"LineString","coordinates":[[140.31367,42.58879],[140.31368,42.58468],[140.31475,42.58026],[140.31516,42.57795],[140.31783,42.57503],[140.31891,42.57232],[140.32051,42.56961],[140.32172,42.5674]]}},{"type":"Feature","properties":{"_color":"#3388ff","_opacity":1,"_weight":3},"geometry":{"type":"LineString","coordinates":[[140.322,42.57357],[140.3232,42.56986],[140.32428,42.56654]]}},{"type":"Feature","properties":{"_color":"#3388ff","_opacity":1,"_weight":3},"geometry":{"type":"LineString","coordinates":[[140.32481,42.57106],[140.32869,42.56795],[140.33002,42.56655]]}},{"type":"Feature","properties":{"_color":"#3388ff","_opacity":1,"_weight":3},"geometry":{"type":"LineString","coordinates":[[140.33042,42.56826],[140.33243,42.56424],[140.33364,42.56022],[140.33605,42.55651],[140.33912,42.5544],[140.3422,42.55239],[140.34782,42.55039]]}},{"type":"Feature","properties":{"_color":"#3388ff","_opacity":1,"_weight":3},"geometry":{"type":"LineString","coordinates":[[140.35691,42.54136],[140.35691,42.53693],[140.35731,42.53382],[140.35852,42.53111],[140.35918,42.53031]]}},{"type":"Feature","properties":{"_color":"#3388ff","_opacity":1,"_weight":3},"geometry":{"type":"LineString","coordinates":[[140.34742,42.53351],[140.3497,42.52839],[140.35077,42.52387],[140.35077,42.51915],[140.34903,42.51422],[140.3457,42.5105],[140.34342,42.50759],[140.34316,42.50357],[140.3433,42.50166]]}},{"type":"Feature","properties":{"_color":"#3388ff","_opacity":1,"_weight":3},"geometry":{"type":"LineString","coordinates":[[140.35451,42.52196],[140.35291,42.51433]]}},{"type":"Feature","properties":{"_color":"#3388ff","_opacity":1,"_weight":3},"geometry":{"type":"LineString","coordinates":[[140.35664,42.5286],[140.35771,42.52568],[140.35812,42.52347],[140.35945,42.52167],[140.36052,42.52036]]}},{"type":"Feature","properties":{"_color":"#3388ff","_opacity":1,"_weight":3},"geometry":{"type":"LineString","coordinates":[[140.36173,42.51725],[140.36092,42.51403],[140.35932,42.51021],[140.35812,42.5079],[140.35718,42.50529],[140.35665,42.50137]]}},{"type":"Feature","properties":{"_color":"#3388ff","_opacity":1,"_weight":3},"geometry":{"type":"LineString","coordinates":[[140.35465,42.49434],[140.35238,42.49192],[140.35091,42.48961],[140.35038,42.4882]]}},{"type":"Feature","properties":{"_color":"#3388ff","_opacity":1,"_weight":3},"geometry":{"type":"LineString","coordinates":[[140.34143,42.49161],[140.3425,42.48448],[140.34264,42.47654],[140.34224,42.47363]]}},{"type":"Feature","properties":{"_color":"#3388ff","_opacity":1,"_weight":3},"geometry":{"type":"LineString","coordinates":[[140.3421,42.48378],[140.33944,42.47473]]}},{"type":"Feature","properties":{"_color":"#3388ff","_opacity":1,"_weight":3},"geometry":{"type":"LineString","coordinates":[[140.33675,42.49372],[140.33809,42.48709],[140.3385,42.48106],[140.33783,42.47353],[140.33583,42.46699],[140.3341,42.46458]]}},{"type":"Feature","properties":{"_color":"#3388ff","_opacity":1,"_weight":3},"geometry":{"type":"LineString","coordinates":[[140.33382,42.48166],[140.33463,42.47533],[140.33436,42.4687],[140.33423,42.46568]]}},{"type":"Feature","properties":{"_color":"#3388ff","_opacity":1,"_weight":3},"geometry":{"type":"LineString","coordinates":[[140.34122,42.63302],[140.34162,42.63061],[140.34163,42.62739],[140.34109,42.62488],[140.34029,42.62257],[140.34029,42.62076],[140.33922,42.61905],[140.33614,42.61664],[140.33414,42.61412],[140.332,42.6106],[140.32906,42.60789]]}},{"type":"Feature","properties":{"_color":"#3388ff","_opacity":1,"_weight":3},"geometry":{"type":"LineString","coordinates":[[140.3304,42.60578],[140.33401,42.60699],[140.33802,42.6089],[140.3399,42.61081],[140.3403,42.61363],[140.34029,42.61483]]}},{"type":"Feature","properties":{"_color":"#3388ff","_opacity":1,"_weight":3},"geometry":{"type":"LineString","coordinates":[[140.34977,42.66738],[140.35379,42.66296],[140.35888,42.65875],[140.36156,42.65644]]}},{"type":"Feature","properties":{"_color":"#3388ff","_opacity":1,"_weight":3},"geometry":{"type":"LineString","coordinates":[[140.35071,42.67251],[140.35433,42.66869],[140.35741,42.66508],[140.35969,42.66046],[140.36263,42.65634],[140.36853,42.65223],[140.37509,42.64811]]}},{"type":"Feature","properties":{"_color":"#3388ff","_opacity":1,"_weight":3},"geometry":{"type":"LineString","coordinates":[[140.30121,42.73514],[140.30416,42.73153],[140.30685,42.72671],[140.309,42.72049],[140.30994,42.71466],[140.31143,42.70713],[140.31331,42.7013]]}},{"type":"Feature","properties":{"_color":"#3388ff","_opacity":1,"_weight":3},"geometry":{"type":"LineString","coordinates":[[140.31545,42.70211],[140.3168,42.69799],[140.31948,42.69387],[140.32109,42.69217]]}},{"type":"Feature","properties":{"_color":"#3388ff","_opacity":1,"_weight":3},"geometry":{"type":"LineString","coordinates":[[140.31222,42.7226],[140.31705,42.71648],[140.32188,42.70915],[140.32336,42.70302],[140.32417,42.69699],[140.32471,42.69137],[140.32444,42.68775],[140.32485,42.68434],[140.32619,42.68052],[140.327,42.67489]]}},{"type":"Feature","properties":{"_color":"#3388ff","_opacity":1,"_weight":3},"geometry":{"type":"LineString","coordinates":[[140.32322,42.71417],[140.32376,42.71096],[140.32617,42.70885],[140.32684,42.70584]]}},{"type":"Feature","properties":{"_color":"#3388ff","_opacity":1,"_weight":3},"geometry":{"type":"LineString","coordinates":[[140.32551,42.69609],[140.3294,42.69248],[140.33208,42.68866],[140.33235,42.68444],[140.33235,42.67972],[140.33249,42.6757],[140.33383,42.67319],[140.33437,42.66968],[140.33424,42.66576],[140.33303,42.66355]]}},{"type":"Feature","properties":{"_color":"#3388ff","_opacity":1,"_weight":3},"geometry":{"type":"LineString","coordinates":[[140.3306,42.69449],[140.33355,42.69118],[140.33422,42.68887],[140.33503,42.68455],[140.33517,42.67832],[140.33517,42.67581]]}},{"type":"Feature","properties":{"_color":"#3388ff","_opacity":1,"_weight":3},"geometry":{"type":"LineString","coordinates":[[140.29828,42.71515],[140.29923,42.71063],[140.30191,42.70701],[140.30607,42.70441],[140.30875,42.70371]]}},{"type":"Feature","properties":{"_color":"#3388ff","_opacity":1,"_weight":3},"geometry":{"type":"LineString","coordinates":[[140.03354,40.29613],[140.03794,40.29017],[140.04284,40.28402],[140.04646,40.27945]]}},{"type":"Feature","properties":{"_color":"#3388ff","_opacity":1,"_weight":3},"geometry":{"type":"LineString","coordinates":[[140.06734,40.27437],[140.06812,40.27159],[140.06928,40.26991],[140.07134,40.26762],[140.07444,40.26504],[140.07625,40.26236],[140.07754,40.25889],[140.07934,40.25343],[140.07986,40.24798],[140.08012,40.24392],[140.08141,40.24143],[140.08282,40.23796],[140.08308,40.23509],[140.08321,40.23251],[140.08192,40.23024],[140.07934,40.22687]]}},{"type":"Feature","properties":{"_color":"#3388ff","_opacity":1,"_weight":3},"geometry":{"type":"LineString","coordinates":[[140.08205,40.25481],[140.08347,40.25292],[140.08347,40.25174],[140.0827,40.24985],[140.08141,40.24708]]}},{"type":"Feature","properties":{"_color":"#3388ff","_opacity":1,"_weight":3},"geometry":{"type":"LineString","coordinates":[[140.07638,40.2473],[140.07521,40.24125],[140.07444,40.236],[140.07418,40.23016],[140.07366,40.22738],[140.07211,40.22312],[140.07056,40.22075],[140.06837,40.21858]]}},{"type":"Feature","properties":{"_color":"#3388ff","_opacity":1,"_weight":3},"geometry":{"type":"LineString","coordinates":[[140.04644,40.25836],[140.04527,40.25371],[140.04386,40.24995],[140.04244,40.24668],[140.04205,40.24202],[140.04244,40.23845],[140.04296,40.23707],[140.04412,40.23568],[140.04502,40.23329],[140.04528,40.23151],[140.04438,40.22893],[140.04386,40.22616],[140.04399,40.22398],[140.04451,40.22061]]}},{"type":"Feature","properties":{"_color":"#3388ff","_opacity":1,"_weight":3},"geometry":{"type":"LineString","coordinates":[[140.03482,40.25888],[140.03405,40.25254],[140.03353,40.24561],[140.0325,40.23837],[140.03148,40.23124],[140.03019,40.22282],[140.02865,40.21619],[140.02761,40.21014],[140.02672,40.20251],[140.0244,40.19568],[140.02324,40.19083],[140.02221,40.18568],[140.02106,40.17755],[140.02067,40.1721],[140.02068,40.16417],[140.01952,40.15754],[140.01901,40.15516],[140.01682,40.14813],[140.01463,40.1406],[140.01245,40.13515],[140.00924,40.12584],[140.00641,40.11653],[140.0032,40.10514],[140.00115,40.09752],[139.99948,40.08969]]}},{"type":"Feature","properties":{"_color":"#3388ff","_opacity":1,"_weight":3},"geometry":{"type":"LineString","coordinates":[[140.01144,40.10661],[140.01311,40.11414],[140.014,40.12266],[140.01413,40.1291]]}},{"type":"Feature","properties":{"_color":"#3388ff","_opacity":1,"_weight":3},"geometry":{"type":"LineString","coordinates":[[140.01967,40.1289],[140.01927,40.13752],[140.01915,40.14049],[140.02005,40.14307],[140.02468,40.14772]]}},{"type":"Feature","properties":{"_color":"#3388ff","_opacity":1,"_weight":3},"geometry":{"type":"LineString","coordinates":[[140.03035,40.14562],[140.03254,40.15374]]}},{"type":"Feature","properties":{"_color":"#3388ff","_opacity":1,"_weight":3},"geometry":{"type":"LineString","coordinates":[[140.04761,40.17086],[140.04645,40.16749],[140.04529,40.166],[140.04439,40.16145]]}},{"type":"Feature","properties":{"_color":"#3388ff","_opacity":1,"_weight":3},"geometry":{"type":"LineString","coordinates":[[140.01015,39.67212],[140.00986,39.66608],[140.00904,39.65661],[140.00694,39.64633],[140.00407,39.63666],[140.00225,39.63021],[140.00172,39.62659],[140.00168,39.62014],[140.00292,39.61309],[140.00545,39.60866],[140.00671,39.60383],[140.00666,39.59516],[140.00533,39.5863],[140.00426,39.57824],[140.00317,39.56494],[140.00211,39.55729],[139.99846,39.5454],[139.99535,39.53713],[139.99252,39.53169],[139.99094,39.52424],[139.99091,39.51759],[139.99291,39.50973],[139.99645,39.50268],[139.99796,39.49986],[140.00279,39.49524],[140.00709,39.48819],[140.01011,39.48154],[140.01262,39.47328],[140.01384,39.46321],[140.01532,39.45455],[140.0163,39.4483],[140.01496,39.43581],[140.01313,39.42775],[140.01003,39.4207],[140.00744,39.41365],[140.00664,39.40841]]}},{"type":"Feature","properties":{"_color":"#3388ff","_opacity":1,"_weight":3},"geometry":{"type":"LineString","coordinates":[[139.91803,39.07392],[139.91574,39.06994],[139.91408,39.06779],[139.91332,39.06461],[139.91306,39.06062],[139.91229,39.05653],[139.91203,39.05304],[139.91228,39.05075],[139.91291,39.04966],[139.91519,39.04756],[139.9162,39.04667],[139.91658,39.04577],[139.91645,39.04398]]}},{"type":"Feature","properties":{"_color":"#3388ff","_opacity":1,"_weight":3},"geometry":{"type":"LineString","coordinates":[[139.91618,39.04189],[139.91694,39.04039],[139.91681,39.038],[139.91693,39.03521]]}},{"type":"Feature","properties":{"_color":"#3388ff","_opacity":1,"_weight":3},"geometry":{"type":"LineString","coordinates":[[139.91728,39.068],[139.91803,39.06372],[139.91866,39.05884],[139.91802,39.05445],[139.91789,39.05176],[139.91801,39.04937],[139.91876,39.04698],[139.92079,39.04319],[139.92028,39.04149],[139.92053,39.0399],[139.92179,39.0387],[139.92192,39.03771],[139.92178,39.03462]]}},{"type":"Feature","properties":{"_color":"#3388ff","_opacity":1,"_weight":3},"geometry":{"type":"LineString","coordinates":[[139.92171,39.07069],[139.9231,39.0689],[139.92373,39.0671],[139.9236,39.06491],[139.92283,39.06182],[139.92194,39.05833],[139.92181,39.05544],[139.92205,39.05026],[139.92281,39.04747],[139.9242,39.04478],[139.92698,39.04179],[139.929,39.0382],[139.93077,39.03302],[139.93292,39.02973],[139.93278,39.02664],[139.93417,39.02335],[139.93544,39.02146],[139.93721,39.01976],[139.93822,39.01787],[139.93834,39.01488],[139.93782,39.01049],[139.93743,39.00521],[139.9378,38.99923],[139.93944,38.99544],[139.94323,38.99175]]}},{"type":"Feature","properties":{"_color":"#3388ff","_opacity":1,"_weight":3},"geometry":{"type":"LineString","coordinates":[[139.93126,39.07306],[139.93138,39.06997],[139.93087,39.06619],[139.93023,39.063],[139.93022,39.06061],[139.93009,39.05752],[139.9297,39.05492],[139.93021,39.05203],[139.93147,39.04954],[139.93172,39.04675],[139.93146,39.04476]]}},{"type":"Feature","properties":{"_color":"#3388ff","_opacity":1,"_weight":3},"geometry":{"type":"LineString","coordinates":[[139.93465,39.0665],[139.93756,39.06082],[139.93971,39.05633],[139.94046,39.05295],[139.9402,39.04796],[139.9393,39.04368],[139.93828,39.0386],[139.93738,39.03421],[139.93661,39.03122],[139.93686,39.02893],[139.9385,39.02574],[139.94128,39.02115],[139.94254,39.01637],[139.94329,39.01179],[139.94404,39.00561],[139.94467,39.00152]]}},{"type":"Feature","properties":{"_color":"#3388ff","_opacity":1,"_weight":3},"geometry":{"type":"LineString","coordinates":[[139.94399,39.02608],[139.94639,39.0224],[139.9488,39.0194]]}},{"type":"Feature","properties":{"_color":"#3388ff","_opacity":1,"_weight":3},"geometry":{"type":"LineString","coordinates":[[139.94307,39.03788],[139.94268,39.03499],[139.94293,39.03111],[139.94457,39.02861],[139.94723,39.02652],[139.95001,39.02363],[139.9514,39.02074],[139.9524,39.01685],[139.95367,39.01446],[139.95645,39.01226],[139.95911,39.01106],[139.95948,39.00857],[139.96075,39.00628],[139.96213,39.00329],[139.96225,39.00159]]}},{"type":"Feature","properties":{"_color":"#3388ff","_opacity":1,"_weight":3},"geometry":{"type":"LineString","coordinates":[[139.97475,39.03019],[139.97449,39.02691],[139.97436,39.02451]]}},{"type":"Feature","properties":{"_color":"#3388ff","_opacity":1,"_weight":3},"geometry":{"type":"LineString","coordinates":[[139.96906,39.02781],[139.9702,39.02412],[139.9712,39.02043],[139.97221,39.01854],[139.97258,39.01575],[139.97207,39.01326],[139.96902,39.00967],[139.96609,39.00629],[139.96406,39.0022],[139.96265,38.99812],[139.96138,38.99423],[139.95795,38.99085],[139.95338,38.98886],[139.94869,38.98567],[139.94729,38.98228],[139.94652,38.97979],[139.94474,38.976],[139.94435,38.97391],[139.94473,38.97052],[139.94472,38.96853]]}},{"type":"Feature","properties":{"_color":"#3388ff","_opacity":1,"_weight":3},"geometry":{"type":"LineString","coordinates":[[139.94839,38.98078],[139.94812,38.9749],[139.94824,38.97101],[139.94912,38.96752],[139.94873,38.96463],[139.94759,38.96274],[139.94733,38.96025],[139.94783,38.95716],[139.94845,38.95247],[139.94921,38.94928],[139.95199,38.94599],[139.95704,38.9425]]}},{"type":"Feature","properties":{"_color":"#3388ff","_opacity":1,"_weight":3},"geometry":{"type":"LineString","coordinates":[[139.96375,38.99024],[139.96159,38.98506],[139.96031,38.97988],[139.95827,38.9754],[139.95737,38.97141],[139.95699,38.96802]]}},{"type":"Feature","properties":{"_color":"#3388ff","_opacity":1,"_weight":3},"geometry":{"type":"LineString","coordinates":[[139.97289,38.99791],[139.9781,39.00259],[139.98102,39.00528],[139.98344,39.00837]]}},{"type":"Feature","properties":{"_color":"#3388ff","_opacity":1,"_weight":3},"geometry":{"type":"LineString","coordinates":[[139.97422,39.00967],[139.97549,39.01395],[139.9774,39.01605],[139.9807,39.01863],[139.98236,39.02053]]}},{"type":"Feature","properties":{"_color":"#3388ff","_opacity":1,"_weight":3},"geometry":{"type":"LineString","coordinates":[[139.98741,39.02222],[139.98423,39.01763],[139.98257,39.01435],[139.98066,39.01126]]}},{"type":"Feature","properties":{"_color":"#3388ff","_opacity":1,"_weight":3},"geometry":{"type":"LineString","coordinates":[[139.99271,39.03326],[139.99168,39.02848],[139.98951,39.0226],[139.98822,39.01742],[139.98797,39.01483],[139.98922,39.01134],[139.99137,39.00765],[139.99199,39.00496],[139.99161,39.00266]]}},{"type":"Feature","properties":{"_color":"#3388ff","_opacity":1,"_weight":3},"geometry":{"type":"LineString","coordinates":[[139.97436,38.96199],[139.9727,38.95771],[139.97232,38.95422],[139.97142,38.95143],[139.96901,38.94814],[139.96824,38.94425],[139.96646,38.94047],[139.96366,38.93738],[139.96239,38.93589],[139.9615,38.9337]]}},{"type":"Feature","properties":{"_color":"#3388ff","_opacity":1,"_weight":3},"geometry":{"type":"LineString","coordinates":[[139.9606,38.93483],[139.9583,38.92856],[139.95513,38.92288],[139.95271,38.91909],[139.95258,38.9159],[139.95232,38.91351],[139.95105,38.91152],[139.95041,38.90893],[139.95041,38.90614],[139.9499,38.90464],[139.94837,38.90295],[139.94723,38.90146],[139.94786,38.89837],[139.94937,38.89528],[139.95013,38.89398],[139.95063,38.89139],[139.95214,38.8881],[139.95453,38.88421],[139.95592,38.88022],[139.95515,38.87733],[139.95324,38.87295],[139.95324,38.87056],[139.95259,38.86677],[139.95044,38.86319],[139.94714,38.8592],[139.94233,38.85601]]}},{"type":"Feature","properties":{"_color":"#3388ff","_opacity":1,"_weight":3},"geometry":{"type":"LineString","coordinates":[[139.97638,38.89304],[139.96929,38.88926],[139.96396,38.88498],[139.96193,38.88199],[139.96166,38.87731],[139.96177,38.86983],[139.96088,38.86515],[139.96023,38.85857],[139.96123,38.85299],[139.96222,38.84661],[139.9626,38.84362],[139.96549,38.83854],[139.9694,38.83375],[139.97457,38.82687],[139.97897,38.82059],[139.98137,38.81769],[139.9844,38.8154],[139.98603,38.8134],[139.98603,38.81061],[139.98197,38.80543],[139.97664,38.79986],[139.9717,38.79488],[139.97006,38.79219],[139.9698,38.7903],[139.97055,38.788],[139.96991,38.78641],[139.96763,38.78372],[139.96674,38.78153],[139.96572,38.77834],[139.96281,38.77595],[139.96041,38.77336],[139.9585,38.76957],[139.95799,38.76469],[139.95772,38.75861],[139.95759,38.75592],[139.95708,38.75373],[139.95606,38.75214]]}},{"type":"Feature","properties":{"_color":"#3388ff","_opacity":1,"_weight":3},"geometry":{"type":"LineString","coordinates":[[139.9601,38.75335],[139.96224,38.74916],[139.96312,38.74647],[139.96223,38.74388],[139.96134,38.74139],[139.96082,38.7372]]}},{"type":"Feature","properties":{"_color":"#3388ff","_opacity":1,"_weight":3},"geometry":{"type":"LineString","coordinates":[[139.93575,38.9669],[139.93524,38.96241],[139.93358,38.95823],[139.93244,38.95424],[139.93281,38.95096],[139.93382,38.94806],[139.93394,38.94547],[139.93444,38.94039],[139.93506,38.93551],[139.93493,38.93232],[139.93568,38.92883],[139.93757,38.92454],[139.9387,38.92115],[139.93932,38.91627],[139.93881,38.91258],[139.93754,38.90879],[139.93728,38.90551],[139.93676,38.90212],[139.93701,38.89743]]}},{"type":"Feature","properties":{"_color":"#3388ff","_opacity":1,"_weight":3},"geometry":{"type":"LineString","coordinates":[[140.69176,38.12976],[140.68775,38.12858],[140.68525,38.12719],[140.68374,38.12462],[140.68312,38.12244]]}},{"type":"Feature","properties":{"_color":"#3388ff","_opacity":1,"_weight":3},"geometry":{"type":"LineString","coordinates":[[140.68161,38.12155],[140.68136,38.11818],[140.68049,38.11432],[140.67948,38.11115],[140.67761,38.10877],[140.67686,38.1063],[140.67686,38.10263],[140.67661,38.09827],[140.67573,38.0951],[140.67373,38.09114],[140.67085,38.08748],[140.66797,38.08411],[140.66497,38.08005]]}},{"type":"Feature","properties":{"_color":"#3388ff","_opacity":1,"_weight":3},"geometry":{"type":"LineString","coordinates":[[140.66184,38.07728],[140.66147,38.07361],[140.66172,38.06945],[140.66109,38.06658],[140.65897,38.06272]]}},{"type":"Feature","properties":{"_color":"#3388ff","_opacity":1,"_weight":3},"geometry":{"type":"LineString","coordinates":[[140.65433,38.08481],[140.6517,38.08124],[140.6502,38.07936],[140.64883,38.07718],[140.64895,38.0755],[140.6507,38.07322],[140.65333,38.06837],[140.65421,38.06529],[140.65434,38.06272],[140.65409,38.06004],[140.65459,38.05638],[140.65397,38.054],[140.65297,38.05143],[140.64997,38.04687],[140.64459,38.04271],[140.63746,38.03934],[140.63021,38.03687]]}},{"type":"Feature","properties":{"_color":"#3388ff","_opacity":1,"_weight":3},"geometry":{"type":"LineString","coordinates":[[140.63932,38.06698],[140.63845,38.0647],[140.6362,38.06223]]}},{"type":"Feature","properties":{"_color":"#3388ff","_opacity":1,"_weight":3},"geometry":{"type":"LineString","coordinates":[[140.62595,38.04836],[140.62645,38.04628]]}},{"type":"Feature","properties":{"_color":"#3388ff","_opacity":1,"_weight":3},"geometry":{"type":"LineString","coordinates":[[140.62169,38.04885],[140.62195,38.04598],[140.62145,38.04291],[140.61882,38.03885],[140.61557,38.03677],[140.61157,38.03568],[140.6102,38.0337],[140.61033,38.03102],[140.61008,38.02706],[140.61121,38.02488],[140.61108,38.0234],[140.60984,38.02132],[140.60821,38.01834],[140.60784,38.01517],[140.60622,38.01032],[140.60348,38.00448],[140.60036,37.99962]]}},{"type":"Feature","properties":{"_color":"#3388ff","_opacity":1,"_weight":3},"geometry":{"type":"LineString","coordinates":[[140.62059,38.02251],[140.61959,38.01983],[140.61772,38.01686],[140.61634,38.01557]]}},{"type":"Feature","properties":{"_color":"#3388ff","_opacity":1,"_weight":3},"geometry":{"type":"LineString","coordinates":[[140.59345,38.02141],[140.59246,38.01626],[140.59109,38.0123],[140.58735,38.00626]]}},{"type":"Feature","properties":{"_color":"#3388ff","_opacity":1,"_weight":3},"geometry":{"type":"LineString","coordinates":[[140.61371,38.01894],[140.61359,38.01389],[140.61235,38.01111],[140.60947,38.00676],[140.60686,37.99943],[140.60386,37.99517],[140.60161,37.9917],[140.60074,37.98764],[140.60012,37.98437],[140.601,37.9814],[140.60251,37.97615],[140.60301,37.97486]]}},{"type":"Feature","properties":{"_color":"#3388ff","_opacity":1,"_weight":3},"geometry":{"type":"LineString","coordinates":[[140.60013,37.97664],[140.60176,37.97466],[140.60301,37.97228],[140.60401,37.96713],[140.60489,37.96387],[140.60427,37.96169]]}},{"type":"Feature","properties":{"_color":"#3388ff","_opacity":1,"_weight":3},"geometry":{"type":"LineString","coordinates":[[140.60701,37.97397],[140.61026,37.971],[140.61139,37.96753],[140.61189,37.96466],[140.60915,37.95931],[140.60815,37.95693],[140.60553,37.95515],[140.60203,37.95307],[140.60091,37.95119],[140.60128,37.94802],[140.60079,37.94613],[140.59942,37.94386],[140.60004,37.94069],[140.6018,37.93653],[140.6038,37.93366],[140.60418,37.93177],[140.60343,37.92979],[140.60206,37.92791],[140.59881,37.92395],[140.59382,37.92008],[140.58958,37.91612],[140.58496,37.91304],[140.57872,37.90968],[140.57399,37.90611],[140.57037,37.90353],[140.56738,37.90234],[140.56388,37.90234],[140.56126,37.90174],[140.55851,37.90125],[140.55539,37.90184],[140.55177,37.90401]]}},{"type":"Feature","properties":{"_color":"#3388ff","_opacity":1,"_weight":3},"geometry":{"type":"LineString","coordinates":[[140.59867,37.94059],[140.59905,37.93821],[140.6008,37.93563],[140.60192,37.93425],[140.60218,37.93207],[140.60218,37.93009]]}},{"type":"Feature","properties":{"_color":"#3388ff","_opacity":1,"_weight":3},"geometry":{"type":"LineString","coordinates":[[140.59692,37.94188],[140.59705,37.93791],[140.5968,37.93286],[140.59693,37.93009],[140.59581,37.92741],[140.59344,37.92424],[140.58883,37.91988]]}},{"type":"Feature","properties":{"_color":"#3388ff","_opacity":1,"_weight":3},"geometry":{"type":"LineString","coordinates":[[140.59729,37.94524],[140.59729,37.9492],[140.59791,37.95119],[140.60041,37.95307],[140.60228,37.95426],[140.60315,37.95663]]}},{"type":"Feature","properties":{"_color":"#3388ff","_opacity":1,"_weight":3},"geometry":{"type":"LineString","coordinates":[[140.56988,37.89457],[140.5745,37.89585]]}},{"type":"Feature","properties":{"_color":"#3388ff","_opacity":1,"_weight":3},"geometry":{"type":"LineString","coordinates":[[140.58324,37.89487],[140.57788,37.88991],[140.57489,37.88753],[140.57277,37.88453],[140.56932,37.88121],[140.56837,37.88102],[140.56794,37.88057],[140.56516,37.87881],[140.56279,37.87782],[140.55967,37.87821],[140.5563,37.8793],[140.55381,37.8798],[140.55081,37.8794],[140.5457,37.87722],[140.54059,37.87454],[140.53473,37.87166],[140.52999,37.8676],[140.52626,37.86284],[140.52102,37.85947]]}},{"type":"Feature","properties":{"_color":"#3388ff","_opacity":1,"_weight":3},"geometry":{"type":"LineString","coordinates":[[140.53048,37.87215],[140.53572,37.87473],[140.54108,37.8782],[140.55168,37.88316],[140.55667,37.88475],[140.56191,37.88584],[140.56728,37.88595],[140.57202,37.88634]]}},{"type":"Feature","properties":{"_color":"#3388ff","_opacity":1,"_weight":3},"geometry":{"type":"LineString","coordinates":[[140.5158,37.85817],[140.51779,37.86006],[140.52178,37.86244],[140.52352,37.86373]]}},{"type":"Feature","properties":{"_color":"#3388ff","_opacity":1,"_weight":3},"geometry":{"type":"LineString","coordinates":[[140.51815,37.86174],[140.52002,37.86412],[140.52188,37.8667],[140.52287,37.87017]]}},{"type":"Feature","properties":{"_color":"#3388ff","_opacity":1,"_weight":3},"geometry":{"type":"LineString","coordinates":[[140.5143,37.85431],[140.51729,37.85719],[140.52102,37.86065]]}},{"type":"Feature","properties":{"_color":"#3388ff","_opacity":1,"_weight":3},"geometry":{"type":"LineString","coordinates":[[140.5139,37.8655],[140.51613,37.87075],[140.51836,37.87749],[140.51799,37.88046],[140.51873,37.88304],[140.52072,37.88591],[140.52096,37.8876],[140.52046,37.88918],[140.52121,37.89136]]}},{"type":"Feature","properties":{"_color":"#3388ff","_opacity":1,"_weight":3},"geometry":{"type":"LineString","coordinates":[[140.5179,37.86333],[140.51541,37.85946],[140.51292,37.8546],[140.50957,37.85014],[140.5072,37.84697],[140.50671,37.84558],[140.50659,37.84281],[140.5046,37.84023],[140.50186,37.83934],[140.49874,37.83854],[140.49226,37.83557],[140.48803,37.83338],[140.48666,37.8313],[140.48629,37.82803],[140.48382,37.82149]]}},{"type":"Feature","properties":{"_color":"#3388ff","_opacity":1,"_weight":3},"geometry":{"type":"LineString","coordinates":[[140.48844,37.83227],[140.49293,37.83307],[140.49617,37.83337],[140.49891,37.83486],[140.50103,37.83714],[140.50252,37.83843]]}},{"type":"Feature","properties":{"_color":"#3388ff","_opacity":1,"_weight":3},"geometry":{"type":"LineString","coordinates":[[140.49313,37.83854],[140.49948,37.84082],[140.5016,37.8431],[140.50384,37.84558],[140.50545,37.84905]]}},{"type":"Feature","properties":{"_color":"#3388ff","_opacity":1,"_weight":3},"geometry":{"type":"LineString","coordinates":[[140.49823,37.84459],[140.49636,37.8426]]}},{"type":"Feature","properties":{"_color":"#3388ff","_opacity":1,"_weight":3},"geometry":{"type":"LineString","coordinates":[[140.48142,37.8308],[140.47432,37.82921],[140.46846,37.8293],[140.46484,37.83048],[140.46184,37.83246],[140.45809,37.83344],[140.45597,37.83344]]}},{"type":"Feature","properties":{"_color":"#3388ff","_opacity":1,"_weight":3},"geometry":{"type":"LineString","coordinates":[[140.4308,37.82285],[140.42994,37.82117],[140.43044,37.81948],[140.43194,37.81869],[140.43244,37.8177],[140.43245,37.81651]]}},{"type":"Feature","properties":{"_color":"#3388ff","_opacity":1,"_weight":3},"geometry":{"type":"LineString","coordinates":[[140.40632,37.83568],[140.40721,37.83083],[140.40761,37.82558]]}},{"type":"Feature","properties":{"_color":"#3388ff","_opacity":1,"_weight":3},"geometry":{"type":"LineString","coordinates":[[140.42665,37.83631],[140.42529,37.83275],[140.42206,37.82868],[140.41796,37.8261],[140.41435,37.82332],[140.41286,37.82153],[140.4125,37.81807],[140.41189,37.81479],[140.41015,37.81172],[140.40692,37.80825],[140.40505,37.80671],[140.40235,37.80583],[140.39995,37.80233],[140.39905,37.80159],[140.39739,37.80092],[140.39412,37.79723],[140.39264,37.79445],[140.39103,37.79187],[140.38518,37.7877]]}},{"type":"Feature","properties":{"_color":"#3388ff","_opacity":1,"_weight":3},"geometry":{"type":"LineString","coordinates":[[140.39162,37.79891],[140.3946,37.80357],[140.39621,37.80575],[140.39994,37.80744],[140.40442,37.81003],[140.40666,37.81132],[140.40939,37.81499]]}},{"type":"Feature","properties":{"_color":"#3388ff","_opacity":1,"_weight":3},"geometry":{"type":"LineString","coordinates":[[140.39039,37.79593],[140.38753,37.79236],[140.38592,37.79087],[140.38318,37.78978],[140.38144,37.78888],[140.3812,37.7871],[140.38071,37.78551],[140.37959,37.78403],[140.37598,37.78273],[140.37275,37.78114],[140.37101,37.77856],[140.36916,37.77509],[140.36817,37.7737],[140.36642,37.7728],[140.36456,37.7726],[140.36257,37.77151],[140.3612,37.77012],[140.35834,37.76962],[140.35522,37.76902],[140.35399,37.76733],[140.35425,37.76475],[140.35463,37.76178],[140.35577,37.75921],[140.3569,37.75753],[140.35616,37.75545],[140.35605,37.75138],[140.35607,37.74762],[140.3572,37.74386],[140.35734,37.74029],[140.35661,37.73583],[140.3565,37.73365],[140.35713,37.73128],[140.35676,37.72989],[140.35578,37.72801],[140.35517,37.72454],[140.35318,37.72275],[140.35195,37.72027],[140.35085,37.71641],[140.34875,37.71184],[140.34628,37.70728],[140.34517,37.7053],[140.3458,37.70372],[140.3468,37.70164],[140.34669,37.69966],[140.34632,37.69748]]}},{"type":"Feature","properties":{"_color":"#3388ff","_opacity":1,"_weight":3},"geometry":{"type":"LineString","coordinates":[[140.34885,37.71789],[140.34886,37.71383]]}},{"type":"Feature","properties":{"_color":"#3388ff","_opacity":1,"_weight":3},"geometry":{"type":"LineString","coordinates":[[140.34574,37.71649],[140.34662,37.71382],[140.34651,37.71115],[140.34652,37.70986]]}},{"type":"Feature","properties":{"_color":"#3388ff","_opacity":1,"_weight":3},"geometry":{"type":"LineString","coordinates":[[140.35383,37.74663],[140.35372,37.74326],[140.35285,37.74137],[140.35224,37.73939],[140.35225,37.73642],[140.3519,37.73265],[140.35179,37.72869],[140.35118,37.72552]]}},{"type":"Feature","properties":{"_color":"#3388ff","_opacity":1,"_weight":3},"geometry":{"type":"LineString","coordinates":[[140.35236,37.76921],[140.35732,37.77338],[140.36117,37.77775],[140.36576,37.78192]]}},{"type":"Feature","properties":{"_color":"#3388ff","_opacity":1,"_weight":3},"geometry":{"type":"LineString","coordinates":[[140.84399,38.01808],[140.84549,38.01194],[140.84798,38.00323],[140.84948,37.99749],[140.85222,37.99155],[140.85347,37.98917],[140.85722,37.98481],[140.86021,37.98085],[140.86146,37.97828]]}},{"type":"Feature","properties":{"_color":"#3388ff","_opacity":1,"_weight":3},"geometry":{"type":"LineString","coordinates":[[140.86468,37.94265],[140.86566,37.93018],[140.8664,37.91494],[140.86763,37.90563],[140.86937,37.89475],[140.87015,37.88098],[140.87076,37.87053],[140.86954,37.86519],[140.86723,37.85862],[140.86383,37.85298]]}},{"type":"Feature","properties":{"_color":"#3388ff","_opacity":1,"_weight":3},"geometry":{"type":"LineString","coordinates":[[140.86633,37.8516],[140.86657,37.84506],[140.86756,37.84011],[140.86955,37.83596],[140.8703,37.83279]]}},{"type":"Feature","properties":{"_color":"#3388ff","_opacity":1,"_weight":3},"geometry":{"type":"LineString","coordinates":[[140.85658,37.83596],[140.86231,37.82824]]}},{"type":"Feature","properties":{"_color":"#3388ff","_opacity":1,"_weight":3},"geometry":{"type":"LineString","coordinates":[[140.86057,37.82745],[140.8633,37.82092]]}},{"type":"Feature","properties":{"_color":"#3388ff","_opacity":1,"_weight":3},"geometry":{"type":"LineString","coordinates":[[140.86505,37.81735],[140.86728,37.80943]]}},{"type":"Feature","properties":{"_color":"#3388ff","_opacity":1,"_weight":3},"geometry":{"type":"LineString","coordinates":[[140.86628,37.80458],[140.86901,37.79231],[140.87025,37.78736],[140.87274,37.77984],[140.87448,37.77667],[140.87472,37.77251],[140.8767,37.76202],[140.87958,37.75058],[140.88142,37.74341],[140.88315,37.7343],[140.88518,37.72684],[140.88564,37.7241]]}},{"type":"Feature","properties":{"_color":"#3388ff","_opacity":1,"_weight":3},"geometry":{"type":"LineString","coordinates":[[140.88585,37.72201],[140.88684,37.71509],[140.89006,37.70083],[140.89229,37.69093],[140.89476,37.67905],[140.89848,37.66579]]}},{"type":"Feature","properties":{"_color":"#3388ff","_opacity":1,"_weight":3},"geometry":{"type":"LineString","coordinates":[[138.77076,37.24168],[138.76703,37.23632],[138.76281,37.23056],[138.75637,37.2244],[138.75314,37.21864],[138.74941,37.21129],[138.74692,37.20375],[138.74368,37.19342],[138.73846,37.18111],[138.73275,37.17177],[138.72729,37.16124],[138.72208,37.15171],[138.7186,37.14436],[138.71661,37.13642],[138.71635,37.13145],[138.71461,37.1241],[138.71484,37.11735],[138.71458,37.11398],[138.71335,37.11298],[138.71112,37.111],[138.71037,37.10941],[138.71012,37.10583],[138.70936,37.0961],[138.70785,37.08061],[138.70635,37.07187],[138.70189,37.06393],[138.69545,37.05459],[138.68821,37.04891],[138.6774,37.03932],[138.66306,37.02525]]}},{"type":"Feature","properties":{"_color":"#3388ff","_opacity":1,"_weight":3},"geometry":{"type":"LineString","coordinates":[[138.71463,37.13562],[138.71388,37.13224],[138.7119,37.13006],[138.70992,37.12688],[138.70892,37.12351],[138.70743,37.11913],[138.70396,37.11318]]}},{"type":"Feature","properties":{"_color":"#3388ff","_opacity":1,"_weight":3},"geometry":{"type":"LineString","coordinates":[[138.64185,37.00629],[138.63519,37.0035],[138.62656,37.00171],[138.61743,37.0007]]}},{"type":"Feature","properties":{"_color":"#3388ff","_opacity":1,"_weight":3},"geometry":{"type":"LineString","coordinates":[[138.58685,36.98795],[138.59351,36.98955],[138.59696,36.99035],[138.6046,36.99135],[138.61668,36.99256]]}},{"type":"Feature","properties":{"_color":"#3388ff","_opacity":1,"_weight":3},"geometry":{"type":"LineString","coordinates":[[138.78692,37.18926],[138.78839,37.18548],[138.7895,37.183]]}},{"type":"Feature","properties":{"_color":"#3388ff","_opacity":1,"_weight":3},"geometry":{"type":"LineString","coordinates":[[138.78461,37.20117],[138.78373,37.1964],[138.78334,37.18955],[138.78296,37.18578]]}},{"type":"Feature","properties":{"_color":"#3388ff","_opacity":1,"_weight":3},"geometry":{"type":"LineString","coordinates":[[138.78002,37.1964],[138.78111,37.18767],[138.78084,37.18032],[138.7807,37.17307],[138.78093,37.17069],[138.78117,37.16781],[138.78055,37.16562],[138.78017,37.16374],[138.78017,37.16274],[138.78115,37.16066],[138.78114,37.15768],[138.78039,37.15431],[138.77604,37.14636],[138.7722,37.1411],[138.76613,37.13534],[138.76142,37.12928],[138.75733,37.12432],[138.75151,37.11637],[138.74804,37.11101],[138.74543,37.10625],[138.74332,37.10287],[138.74256,37.10133],[138.73923,37.10007],[138.73417,37.0975],[138.727,37.09174],[138.72403,37.08817],[138.72254,37.08479],[138.72167,37.08141],[138.72092,37.07863]]}},{"type":"Feature","properties":{"_color":"#3388ff","_opacity":1,"_weight":3},"geometry":{"type":"LineString","coordinates":[[138.72143,37.08211],[138.71957,37.07903],[138.71685,37.07645],[138.71437,37.07436]]}},{"type":"Feature","properties":{"_color":"#3388ff","_opacity":1,"_weight":3},"geometry":{"type":"LineString","coordinates":[[138.72766,37.10114],[138.72432,37.09816],[138.72085,37.09478]]}},{"type":"Feature","properties":{"_color":"#3388ff","_opacity":1,"_weight":3},"geometry":{"type":"LineString","coordinates":[[138.73378,37.09601],[138.72969,37.09145],[138.72635,37.08698],[138.72449,37.0841]]}},{"type":"Feature","properties":{"_color":"#3388ff","_opacity":1,"_weight":3},"geometry":{"type":"LineString","coordinates":[[138.72812,37.09442],[138.72477,37.08975]]}},{"type":"Feature","properties":{"_color":"#3388ff","_opacity":1,"_weight":3},"geometry":{"type":"LineString","coordinates":[[138.69606,37.04938],[138.70174,37.05216],[138.7052,37.05494],[138.70928,37.05932],[138.71262,37.06438],[138.71547,37.06974],[138.71991,37.07482],[138.72121,37.07838]]}},{"type":"Feature","properties":{"_color":"#3388ff","_opacity":1,"_weight":3},"geometry":{"type":"LineString","coordinates":[[138.7189,37.05525],[138.7215,37.05922],[138.72373,37.06439],[138.7272,37.07124],[138.73004,37.07372],[138.73536,37.0763],[138.74178,37.07958]]}},{"type":"Feature","properties":{"_color":"#3388ff","_opacity":1,"_weight":3},"geometry":{"type":"LineString","coordinates":[[138.74103,37.07293],[138.73891,37.06588]]}},{"type":"Feature","properties":{"_color":"#3388ff","_opacity":1,"_weight":3},"geometry":{"type":"LineString","coordinates":[[138.72878,37.05972],[138.72741,37.05466],[138.72678,37.05118]]}},{"type":"Feature","properties":{"_color":"#3388ff","_opacity":1,"_weight":3},"geometry":{"type":"LineString","coordinates":[[138.73407,37.05665],[138.73233,37.04979],[138.73021,37.04175]]}},{"type":"Feature","properties":{"_color":"#3388ff","_opacity":1,"_weight":3},"geometry":{"type":"LineString","coordinates":[[140.31564,42.59983],[140.31579,42.60616]]}},{"type":"Feature","properties":{"_color":"#3388ff","_opacity":1,"_weight":3},"geometry":{"type":"LineString","coordinates":[[139.44409,38.03039],[139.44163,38.02767],[139.43992,38.02554],[139.43746,38.02398],[139.43526,38.02185],[139.43403,38.02029],[139.43354,38.01855],[139.4333,38.01602],[139.4333,38.01388],[139.4333,38.01272]]}},{"type":"Feature","properties":{"_color":"#3388ff","_opacity":1,"_weight":3},"geometry":{"type":"LineString","coordinates":[[139.37429,38.00191],[139.37766,38.00575],[139.38139,38.00964],[139.38299,38.01134],[139.38415,38.01284],[139.38568,38.01503],[139.38739,38.01789],[139.38892,38.02018],[139.39107,38.02241],[139.39315,38.02484],[139.39579,38.02717],[139.39891,38.02979],[139.40186,38.03198],[139.40566,38.0345],[139.40946,38.03737],[139.41148,38.03912],[139.41436,38.04198]]}},{"type":"Feature","properties":{"_color":"#3388ff","_opacity":1,"_weight":3},"geometry":{"type":"LineString","coordinates":[[137.40097,36.72382],[137.40313,36.72813],[137.40402,36.73051],[137.40509,36.73437],[137.40635,36.73764],[137.40797,36.74047],[137.40904,36.74389],[137.41011,36.74805]]}},{"type":"Feature","properties":{"_color":"#3388ff","_opacity":1,"_weight":3},"geometry":{"type":"LineString","coordinates":[[137.35609,36.67992],[137.3578,36.68349],[137.35905,36.68646],[137.35976,36.68862],[137.36039,36.69011],[137.3612,36.69107],[137.36274,36.69226],[137.36537,36.69426],[137.36673,36.69538],[137.36836,36.69657],[137.36981,36.69813],[137.37062,36.69961],[137.37106,36.70117],[137.3715,36.70326],[137.37249,36.70482],[137.3743,36.70667],[137.37602,36.70905],[137.37674,36.70979],[137.37774,36.71069],[137.37909,36.71262],[137.37972,36.71388],[137.38017,36.71492],[137.38052,36.71581],[137.38188,36.71693],[137.38351,36.71812],[137.38524,36.7196],[137.38623,36.72057],[137.3865,36.72161],[137.38667,36.72265],[137.38666,36.72458],[137.38693,36.72577],[137.38728,36.72704],[137.38873,36.72815],[137.39054,36.72978],[137.39227,36.73097],[137.39408,36.73201],[137.39535,36.73298],[137.39616,36.73424],[137.3967,36.73587],[137.39741,36.73818],[137.39777,36.73944],[137.3984,36.74063],[137.39958,36.74189],[137.40148,36.74293],[137.40266,36.74367],[137.4033,36.74457],[137.4042,36.7459],[137.40509,36.74791],[137.40563,36.74925]]}},{"type":"Feature","properties":{"_color":"#3388ff","_opacity":1,"_weight":3},"geometry":{"type":"LineString","coordinates":[[137.39467,36.73967],[137.39447,36.7425],[137.39465,36.74324],[137.39518,36.74518],[137.39563,36.74659],[137.39598,36.74785],[137.39643,36.74927],[137.39697,36.75016],[137.39706,36.75105],[137.3975,36.75194],[137.39786,36.75291],[137.39813,36.75402],[137.39812,36.75521],[137.39857,36.7567],[137.39938,36.75834],[137.40064,36.76027],[137.402,36.7616],[137.40327,36.76294],[137.40444,36.76405],[137.40535,36.76502],[137.40571,36.76591],[137.40652,36.7671],[137.40688,36.76829],[137.40696,36.76941],[137.40722,36.77126],[137.4074,36.77231],[137.40785,36.77335],[137.40875,36.77454],[137.41192,36.77758],[137.41347,36.77884],[137.41537,36.78085]]}},{"type":"Feature","properties":{"_color":"#3388ff","_opacity":1,"_weight":3},"geometry":{"type":"LineString","coordinates":[[137.4445,36.78793],[137.44904,36.79097],[137.45322,36.79393],[137.4574,36.79683],[137.46166,36.80002],[137.46639,36.8032],[137.46984,36.80573],[137.47465,36.80906],[137.47847,36.8121],[137.48337,36.81611],[137.48564,36.81833],[137.48882,36.82123],[137.49145,36.82397],[137.49381,36.82664],[137.49789,36.83117]]}},{"type":"Feature","properties":{"_color":"#3388ff","_opacity":1,"_weight":3},"geometry":{"type":"LineString","coordinates":[[137.47478,36.85273],[137.47431,36.85466],[137.47403,36.8566],[137.47402,36.85764],[137.47429,36.85935],[137.47464,36.86121],[137.47554,36.86403],[137.47616,36.86656],[137.47652,36.86782]]}},{"type":"Feature","properties":{"_color":"#3388ff","_opacity":1,"_weight":3},"geometry":{"type":"LineString","coordinates":[[137.49156,36.83788],[137.49136,36.84071],[137.49135,36.8422],[137.49144,36.84316],[137.49216,36.84517],[137.49288,36.84703],[137.4945,36.85037],[137.49631,36.85357],[137.49812,36.85594],[137.50039,36.85921]]}},{"type":"Feature","properties":{"_color":"#3388ff","_opacity":1,"_weight":3},"geometry":{"type":"LineString","coordinates":[[137.34919,36.69057],[137.35117,36.69324],[137.3527,36.69577],[137.35449,36.69978],[137.3562,36.70372],[137.35808,36.70752],[137.35925,36.7096],[137.36078,36.71183],[137.36141,36.71309],[137.36213,36.71547],[137.36302,36.7183],[137.36337,36.72038],[137.36363,36.72216],[137.36443,36.72402],[137.36588,36.72633],[137.36804,36.7293],[137.37003,36.73175],[137.37229,36.73398],[137.37419,36.73591]]}},{"type":"Feature","properties":{"_color":"#3388ff","_opacity":1,"_weight":3},"geometry":{"type":"LineString","coordinates":[[137.36442,36.71257],[137.36514,36.71435],[137.36523,36.71517],[137.3654,36.71614],[137.36539,36.71725],[137.36566,36.71889],[137.36637,36.72022],[137.36755,36.72164],[137.36936,36.72312],[137.37126,36.7249],[137.37244,36.72632],[137.37306,36.72788],[137.37414,36.72988],[137.37549,36.73293],[137.37657,36.73531],[137.37792,36.73732],[137.37991,36.73999],[137.38153,36.74185],[137.38361,36.74445],[137.38524,36.74638],[137.38651,36.74772],[137.3875,36.74891],[137.38776,36.75047],[137.38811,36.75255],[137.38883,36.75449],[137.38982,36.75657],[137.39226,36.75961],[137.39425,36.76192],[137.3966,36.76444],[137.39805,36.76593],[137.39932,36.76786],[137.40103,36.77098],[137.40165,36.77358],[137.40191,36.77551],[137.40198,36.77857],[137.40197,36.78043],[137.40196,36.78228],[137.40204,36.78392],[137.40303,36.78556],[137.4042,36.78719],[137.40538,36.78897],[137.40618,36.79143],[137.40671,36.79381]]}},{"type":"Feature","properties":{"_color":"#3388ff","_opacity":1,"_weight":3},"geometry":{"type":"LineString","coordinates":[[137.40501,36.79002],[137.40435,36.79255],[137.40397,36.79523],[137.40413,36.7985],[137.40439,36.80028],[137.40484,36.80222],[137.40555,36.80526],[137.40617,36.80742],[137.40698,36.80987],[137.40806,36.81173],[137.40987,36.81381],[137.41305,36.81626],[137.4155,36.81826],[137.41667,36.81968],[137.41803,36.82131],[137.41957,36.82346],[137.42166,36.8254],[137.42338,36.82643],[137.42529,36.82777],[137.42774,36.82947],[137.42928,36.83088],[137.43091,36.83304],[137.43281,36.83653],[137.43389,36.83906],[137.43515,36.84203],[137.43605,36.84434],[137.4364,36.84619],[137.43675,36.84865],[137.43747,36.8508],[137.43837,36.85274],[137.43936,36.85497],[137.4418,36.85816],[137.44416,36.86098],[137.44761,36.8641],[137.4506,36.86722],[137.45278,36.86922],[137.45505,36.87152],[137.4565,36.87293],[137.45759,36.87523],[137.45849,36.87724],[137.45957,36.87962],[137.46183,36.884],[137.46372,36.88772]]}},{"type":"Feature","properties":{"_color":"#3388ff","_opacity":1,"_weight":3},"geometry":{"type":"LineString","coordinates":[[137.46452,36.87633],[137.46587,36.87916],[137.46714,36.88183],[137.4684,36.88473],[137.46966,36.88711]]}},{"type":"Feature","properties":{"_color":"#3388ff","_opacity":1,"_weight":3},"geometry":{"type":"LineString","coordinates":[[137.48849,36.89956],[137.49195,36.90178],[137.49641,36.90437],[137.50087,36.90666],[137.50607,36.90873],[137.51254,36.91102],[137.51655,36.9122],[137.51865,36.91316],[137.52229,36.91464],[137.52813,36.91648],[137.53734,36.91906],[137.544,36.9209],[137.54929,36.92237],[137.55321,36.9237],[137.55704,36.9251]]}},{"type":"Feature","properties":{"_color":"#3388ff","_opacity":1,"_weight":3},"geometry":{"type":"LineString","coordinates":[[140.3459,38.64214],[140.34792,38.638]]}},{"type":"Feature","properties":{"_color":"#3388ff","_opacity":1,"_weight":3},"geometry":{"type":"LineString","coordinates":[[140.34458,38.65814],[140.3466,38.65486],[140.34697,38.65315],[140.34734,38.65072],[140.34753,38.64743],[140.34845,38.64586],[140.34937,38.64429],[140.35066,38.64158],[140.35103,38.63815],[140.35159,38.63301],[140.35234,38.62616],[140.35345,38.61916],[140.35494,38.61059],[140.35697,38.60245],[140.35789,38.59817],[140.359,38.59174],[140.36048,38.58603],[140.36103,38.58275],[140.36086,38.57932],[140.36123,38.57461],[140.36088,38.57089],[140.36107,38.56761],[140.36144,38.56561],[140.36144,38.56389],[140.36108,38.56175],[140.36127,38.56018],[140.36128,38.55647],[140.36128,38.55589]]}},{"type":"Feature","properties":{"_color":"#3388ff","_opacity":1,"_weight":3},"geometry":{"type":"LineString","coordinates":[[140.35899,38.56101],[140.35826,38.55872],[140.35827,38.55715],[140.359,38.55572],[140.35974,38.55386],[140.36029,38.55201],[140.36048,38.54758],[140.36049,38.54429],[140.36032,38.54114],[140.35959,38.53914],[140.3574,38.53714],[140.35466,38.53499]]}},{"type":"Feature","properties":{"_color":"#3388ff","_opacity":1,"_weight":3},"geometry":{"type":"LineString","coordinates":[[140.36415,38.54558],[140.36123,38.542]]}},{"type":"Feature","properties":{"_color":"#3388ff","_opacity":1,"_weight":3},"geometry":{"type":"LineString","coordinates":[[140.35533,38.56043],[140.35078,38.55342],[140.3464,38.54812],[140.34513,38.54511],[140.34368,38.54096],[140.34259,38.53882],[140.34022,38.53524],[140.33913,38.53281],[140.33913,38.53066],[140.33933,38.52723]]}},{"type":"Feature","properties":{"_color":"#3388ff","_opacity":1,"_weight":3},"geometry":{"type":"LineString","coordinates":[[140.3349,38.54094],[140.33345,38.53551],[140.33273,38.5315]]}},{"type":"Feature","properties":{"_color":"#3388ff","_opacity":1,"_weight":3},"geometry":{"type":"LineString","coordinates":[[140.33706,38.55467],[140.33487,38.55252],[140.33323,38.55137],[140.33232,38.55023],[140.33178,38.54851],[140.33178,38.5468],[140.3327,38.54523],[140.33325,38.5428],[140.33326,38.54065],[140.33217,38.53851],[140.33016,38.53579],[140.32834,38.53478],[140.32743,38.53392],[140.32688,38.53235],[140.32671,38.52992],[140.32562,38.52605],[140.32508,38.52334],[140.32509,38.52119],[140.32564,38.51948],[140.32692,38.51677],[140.32839,38.51577],[140.3315,38.51421],[140.33406,38.51207],[140.33681,38.5095],[140.33736,38.50793],[140.33737,38.50522],[140.33646,38.5035],[140.33464,38.50235],[140.33318,38.50106],[140.33282,38.49977],[140.33282,38.49792],[140.33337,38.49592],[140.33393,38.49406]]}},{"type":"Feature","properties":{"_color":"#3388ff","_opacity":1,"_weight":3},"geometry":{"type":"LineString","coordinates":[[140.34011,38.50751],[140.34029,38.50508],[140.34011,38.50394],[140.33902,38.50222]]}},{"type":"Feature","properties":{"_color":"#3388ff","_opacity":1,"_weight":3},"geometry":{"type":"LineString","coordinates":[[140.33631,38.49307],[140.33631,38.49092],[140.33522,38.48963],[140.33504,38.48835],[140.33504,38.48677],[140.33578,38.48549],[140.33797,38.48449],[140.33889,38.48335],[140.33889,38.48235]]}},{"type":"Feature","properties":{"_color":"#3388ff","_opacity":1,"_weight":3},"geometry":{"type":"LineString","coordinates":[[140.31942,38.52218],[140.31851,38.51918]]}},{"type":"Feature","properties":{"_color":"#3388ff","_opacity":1,"_weight":3},"geometry":{"type":"LineString","coordinates":[[140.32142,38.52419],[140.32143,38.52176],[140.32217,38.51962],[140.32437,38.51633],[140.3273,38.51305],[140.32914,38.51006],[140.32969,38.50748],[140.32951,38.50462],[140.32879,38.50134]]}},{"type":"Feature","properties":{"_color":"#3388ff","_opacity":1,"_weight":3},"geometry":{"type":"LineString","coordinates":[[140.31193,38.52166],[140.31211,38.51966],[140.31175,38.51838],[140.31139,38.51709],[140.31158,38.51623],[140.31286,38.51566],[140.31524,38.51453],[140.31689,38.51253],[140.31799,38.50996],[140.31836,38.5081],[140.31855,38.50567],[140.3191,38.50324],[140.32167,38.50096],[140.32313,38.49954],[140.32369,38.49697],[140.32406,38.49368],[140.32408,38.48911],[140.32353,38.48768],[140.32372,38.48625],[140.32518,38.48496],[140.32556,38.48154],[140.32556,38.47968],[140.32447,38.47853],[140.32374,38.47724],[140.32375,38.47524],[140.32485,38.47324],[140.32504,38.47139],[140.32376,38.46967],[140.32212,38.46723],[140.32176,38.46537],[140.31958,38.46394]]}},{"type":"Feature","properties":{"_color":"#3388ff","_opacity":1,"_weight":3},"geometry":{"type":"LineString","coordinates":[[140.33143,38.46969],[140.33126,38.46668],[140.33053,38.4644],[140.32981,38.46339]]}},{"type":"Feature","properties":{"_color":"#3388ff","_opacity":1,"_weight":3},"geometry":{"type":"LineString","coordinates":[[140.30632,38.50221],[140.30632,38.49964],[140.30669,38.49821],[140.30651,38.49721],[140.30542,38.49649],[140.30433,38.49535]]}},{"type":"Feature","properties":{"_color":"#3388ff","_opacity":1,"_weight":3},"geometry":{"type":"LineString","coordinates":[[140.31748,38.49803],[140.31639,38.49674],[140.31402,38.49559],[140.31238,38.49445],[140.31091,38.49401],[140.31037,38.49144],[140.30947,38.48958],[140.30819,38.48815],[140.30728,38.48614],[140.30619,38.48486],[140.30327,38.48313],[140.30182,38.48127],[140.30182,38.47998],[140.30183,38.47827],[140.30293,38.47584],[140.30366,38.47427],[140.30367,38.47227],[140.30386,38.46955],[140.30478,38.4677],[140.30497,38.46498],[140.3048,38.46155],[140.30389,38.46098],[140.30298,38.45983],[140.30207,38.45769],[140.30171,38.45497],[140.30081,38.45282],[140.30008,38.45125]]}},{"type":"Feature","properties":{"_color":"#3388ff","_opacity":1,"_weight":3},"geometry":{"type":"LineString","coordinates":[[140.30136,38.45068],[140.30082,38.44939],[140.29899,38.44853],[140.29882,38.44624],[140.29846,38.44381],[140.29664,38.44252],[140.295,38.44138],[140.29354,38.4398],[140.29318,38.43837],[140.29337,38.43637],[140.29356,38.4338]]}},{"type":"Feature","properties":{"_color":"#3388ff","_opacity":1,"_weight":3},"geometry":{"type":"LineString","coordinates":[[140.29865,38.4411],[140.29829,38.43881],[140.2983,38.43695]]}},{"type":"Feature","properties":{"_color":"#3388ff","_opacity":1,"_weight":3},"geometry":{"type":"LineString","coordinates":[[140.36971,38.51016],[140.36661,38.50829],[140.36497,38.50629],[140.36424,38.50386],[140.36388,38.50229],[140.36333,38.50071],[140.36224,38.49885],[140.3617,38.49728],[140.36097,38.49585],[140.36097,38.49328],[140.36043,38.49027],[140.35916,38.48713],[140.35771,38.48398],[140.35698,38.48183],[140.35589,38.48069],[140.35206,38.47682],[140.34732,38.47381],[140.34313,38.47008],[140.33912,38.46664],[140.33456,38.46292],[140.33201,38.45962],[140.32855,38.45533],[140.32546,38.45017],[140.3231,38.44774],[140.31945,38.44573],[140.31471,38.445],[140.30868,38.44384],[140.30595,38.44269],[140.30139,38.43953],[140.29885,38.43738],[140.29739,38.43609],[140.29666,38.43452],[140.29539,38.43351],[140.29247,38.43179],[140.29029,38.43064],[140.28628,38.42863],[140.28409,38.42705],[140.28245,38.42562],[140.28155,38.42361],[140.27991,38.42218],[140.27772,38.42089],[140.27572,38.42088],[140.27389,38.42045],[140.27171,38.41873],[140.26898,38.41514]]}},{"type":"Feature","properties":{"_color":"#3388ff","_opacity":1,"_weight":3},"geometry":{"type":"LineString","coordinates":[[140.26824,38.41914],[140.26405,38.41584],[140.2606,38.41197],[140.25823,38.41011],[140.25624,38.40696]]}},{"type":"Feature","properties":{"_color":"#3388ff","_opacity":1,"_weight":3},"geometry":{"type":"LineString","coordinates":[[140.2779,38.40372],[140.27865,38.39858],[140.27957,38.39445],[140.28068,38.38988],[140.28161,38.3856],[140.28216,38.38217],[140.28272,38.37975],[140.28327,38.37761],[140.28328,38.37604],[140.28292,38.37447],[140.28201,38.37332],[140.28147,38.37118],[140.28039,38.36903],[140.27766,38.36631],[140.27639,38.36474],[140.27476,38.36274],[140.27258,38.35959],[140.27041,38.3573],[140.26731,38.356],[140.26568,38.35457],[140.2635,38.35257],[140.26223,38.35028],[140.26006,38.34699],[140.25843,38.3447]]}},{"type":"Feature","properties":{"_color":"#3388ff","_opacity":1,"_weight":3},"geometry":{"type":"LineString","coordinates":[[140.27348,38.36502],[140.27094,38.3623],[140.26967,38.36015]]}},{"type":"Feature","properties":{"_color":"#3388ff","_opacity":1,"_weight":3},"geometry":{"type":"LineString","coordinates":[[140.25787,38.34755],[140.25679,38.34455],[140.25679,38.34312],[140.25734,38.34212],[140.25771,38.34056],[140.25717,38.33898],[140.25627,38.33827],[140.25591,38.33684],[140.2581,38.3347],[140.25938,38.33342],[140.25939,38.33099],[140.25867,38.32856],[140.25886,38.32599],[140.25887,38.32357],[140.2596,38.321],[140.25997,38.31929],[140.26144,38.31758],[140.26454,38.31573],[140.26545,38.31459],[140.26655,38.31174],[140.26765,38.30989],[140.26911,38.30803],[140.26948,38.30675],[140.26985,38.30518],[140.27004,38.30375]]}},{"type":"Feature","properties":{"_color":"#3388ff","_opacity":1,"_weight":3},"geometry":{"type":"LineString","coordinates":[[140.2651,38.31059],[140.26511,38.30831],[140.26494,38.30474]]}},{"type":"Feature","properties":{"_color":"#3388ff","_opacity":1,"_weight":3},"geometry":{"type":"LineString","coordinates":[[140.26568,38.30003],[140.26496,38.29731],[140.26497,38.29631],[140.26497,38.29503]]}},{"type":"Feature","properties":{"_color":"#3388ff","_opacity":1,"_weight":3},"geometry":{"type":"LineString","coordinates":[[140.2686,38.29789],[140.26788,38.29575],[140.26716,38.29361],[140.26626,38.29175],[140.26444,38.29074],[140.26244,38.28945],[140.26063,38.28845],[140.25954,38.28744],[140.25882,38.28544],[140.25828,38.28316],[140.25702,38.27815]]}},{"type":"Feature","properties":{"_color":"#3388ff","_opacity":1,"_weight":3},"geometry":{"type":"LineString","coordinates":[[140.25391,38.28486],[140.25319,38.28114],[140.25048,38.27656],[140.24813,38.27284],[140.24777,38.27127],[140.24759,38.26927]]}},{"type":"Feature","properties":{"_color":"#3388ff","_opacity":1,"_weight":3},"geometry":{"type":"LineString","coordinates":[[140.26829,38.28204],[140.26757,38.28004],[140.2654,38.27718],[140.26413,38.27504],[140.26395,38.27346],[140.26342,38.27004],[140.2627,38.26746],[140.26217,38.26446],[140.26235,38.26261],[140.26327,38.26004],[140.26473,38.25847],[140.26547,38.25648],[140.26602,38.25448],[140.26585,38.25091]]}},{"type":"Feature","properties":{"_color":"#3388ff","_opacity":1,"_weight":3},"geometry":{"type":"LineString","coordinates":[[140.26385,38.25119],[140.26404,38.24776],[140.26423,38.24534]]}},{"type":"Feature","properties":{"_color":"#3388ff","_opacity":1,"_weight":3},"geometry":{"type":"LineString","coordinates":[[140.26219,38.25647],[140.26256,38.25461]]}},{"type":"Feature","properties":{"_color":"#3388ff","_opacity":1,"_weight":3},"geometry":{"type":"LineString","coordinates":[[140.25837,38.25746],[140.25856,38.25403],[140.25875,38.2516],[140.25913,38.24932],[140.26004,38.24775]]}},{"type":"Feature","properties":{"_color":"#3388ff","_opacity":1,"_weight":3},"geometry":{"type":"LineString","coordinates":[[140.25984,38.25189],[140.26076,38.24904],[140.26205,38.2459],[140.2626,38.24448],[140.26643,38.24149],[140.26679,38.24163],[140.26825,38.24021],[140.26862,38.2375],[140.26754,38.23492],[140.26609,38.23363],[140.2661,38.23192],[140.2661,38.23078],[140.26611,38.22949]]}},{"type":"Feature","properties":{"_color":"#3388ff","_opacity":1,"_weight":3},"geometry":{"type":"LineString","coordinates":[[140.26515,38.24191],[140.26534,38.23977]]}},{"type":"Feature","properties":{"_color":"#3388ff","_opacity":1,"_weight":3},"geometry":{"type":"LineString","coordinates":[[140.26827,38.23307],[140.26956,38.22979]]}},{"type":"Feature","properties":{"_color":"#3388ff","_opacity":1,"_weight":3},"geometry":{"type":"LineString","coordinates":[[140.26881,38.23621],[140.27028,38.23307],[140.27137,38.23094],[140.27157,38.22794],[140.2714,38.22394],[140.26977,38.22122],[140.26542,38.21664],[140.26234,38.21335],[140.25999,38.21106],[140.25908,38.21048],[140.25872,38.20805],[140.25801,38.20491],[140.25602,38.2029]]}},{"type":"Feature","properties":{"_color":"#3388ff","_opacity":1,"_weight":3},"geometry":{"type":"LineString","coordinates":[[140.28045,38.23425],[140.28047,38.22853],[140.28048,38.22582],[140.2805,38.22154]]}},{"type":"Feature","properties":{"_color":"#3388ff","_opacity":1,"_weight":3},"geometry":{"type":"LineString","coordinates":[[140.29879,38.18411],[140.29589,38.18096],[140.2939,38.17881],[140.28955,38.1748],[140.28629,38.17108],[140.28412,38.16865]]}},{"type":"Feature","properties":{"_color":"#3388ff","_opacity":1,"_weight":3},"geometry":{"type":"LineString","coordinates":[[140.29918,38.1754],[140.29519,38.17367],[140.29247,38.17152],[140.2912,38.17081]]}},{"type":"Feature","properties":{"_color":"#3388ff","_opacity":1,"_weight":3},"geometry":{"type":"LineString","coordinates":[[140.29211,38.16981],[140.28757,38.16794],[140.28412,38.16636],[140.28159,38.16478],[140.27978,38.16321],[140.27869,38.16106],[140.27634,38.15863],[140.27325,38.15748],[140.26926,38.15547],[140.26491,38.15403]]}},{"type":"Feature","properties":{"_color":"#3388ff","_opacity":1,"_weight":3},"geometry":{"type":"LineString","coordinates":[[140.26799,38.15746],[140.26581,38.15489]]}},{"type":"Feature","properties":{"_color":"#3388ff","_opacity":1,"_weight":3},"geometry":{"type":"LineString","coordinates":[[140.30823,38.18556],[140.30625,38.18156],[140.30371,38.17784],[140.30173,38.17441],[140.29955,38.1714],[140.2972,38.16882],[140.29466,38.1681],[140.29212,38.1671],[140.29049,38.16581],[140.28868,38.16395],[140.28486,38.16208],[140.28269,38.16165],[140.27888,38.15949],[140.2767,38.15763],[140.27109,38.15304],[140.26783,38.15018],[140.26402,38.14717],[140.26276,38.14531],[140.26132,38.14117],[140.26006,38.13816],[140.25735,38.13401],[140.25464,38.12901],[140.25193,38.12571]]}},{"type":"Feature","properties":{"_color":"#3388ff","_opacity":1,"_weight":3},"geometry":{"type":"LineString","coordinates":[[137.97322,35.99845],[137.97423,35.99383],[137.97539,35.99003],[137.97757,35.98504]]}},{"type":"Feature","properties":{"_color":"#3388ff","_opacity":1,"_weight":3},"geometry":{"type":"LineString","coordinates":[[137.97888,35.98326],[137.98207,35.97686],[137.98498,35.97152],[137.98759,35.96653]]}},{"type":"Feature","properties":{"_color":"#3388ff","_opacity":1,"_weight":3},"geometry":{"type":"LineString","coordinates":[[137.98075,35.97555],[137.97929,35.97295],[137.97826,35.97081],[137.97825,35.96903],[137.97854,35.96666],[137.9778,35.965],[137.97634,35.96405],[137.97517,35.96192],[137.97516,35.96073],[137.97516,35.95967],[137.97326,35.95824],[137.97179,35.95647],[137.97164,35.95516],[137.97004,35.95374],[137.96711,35.95232],[137.96463,35.95102],[137.96287,35.95066],[137.96141,35.94948],[137.96009,35.94758],[137.95848,35.94568],[137.95848,35.94462],[137.95877,35.94307],[137.95964,35.94106],[137.95963,35.93904],[137.95904,35.93679],[137.95816,35.93525],[137.95524,35.93288],[137.95261,35.93039],[137.95012,35.92873]]}},{"type":"Feature","properties":{"_color":"#3388ff","_opacity":1,"_weight":3},"geometry":{"type":"LineString","coordinates":[[137.95696,35.94268],[137.9536,35.94055],[137.95199,35.93972],[137.9517,35.93853],[137.95169,35.93711],[137.95198,35.93497],[137.95081,35.93284],[137.94905,35.93118],[137.9473,35.92976],[137.94481,35.92845],[137.94189,35.92691],[137.94043,35.92573],[137.93911,35.92395],[137.93706,35.9217],[137.93618,35.9198],[137.93472,35.9179],[137.93267,35.91601],[137.93165,35.91435],[137.93004,35.91209],[137.92974,35.90984],[137.92974,35.90782],[137.92973,35.90616],[137.92915,35.90474],[137.92754,35.90272],[137.92637,35.90118],[137.92476,35.90024],[137.92199,35.89739],[137.91877,35.89407],[137.91614,35.89111],[137.9157,35.88956],[137.91584,35.88838],[137.91642,35.88696],[137.91642,35.88565],[137.91627,35.88375],[137.91554,35.88185],[137.91509,35.87806],[137.91465,35.87616],[137.91377,35.87533],[137.91173,35.87343],[137.90881,35.87059],[137.90807,35.86976],[137.90734,35.86822],[137.90734,35.86644],[137.90705,35.86466],[137.90544,35.863],[137.90368,35.86146],[137.90339,35.85992],[137.90237,35.85837],[137.90193,35.85636],[137.90222,35.8547],[137.90236,35.85327],[137.90206,35.85149],[137.90221,35.8496],[137.90337,35.84829],[137.90497,35.84758],[137.90658,35.84758],[137.90847,35.84758],[137.91066,35.84603],[137.91313,35.8439],[137.9156,35.84105],[137.91633,35.83903],[137.91633,35.83761],[137.91633,35.83666],[137.91691,35.83583],[137.92011,35.83441],[137.92361,35.8331],[137.9255,35.83108],[137.92782,35.82812],[137.92884,35.82705],[137.92884,35.82479],[137.92752,35.82373],[137.92635,35.82159],[137.92591,35.81993],[137.9246,35.81839],[137.92284,35.81673],[137.92211,35.81555],[137.9224,35.81365],[137.92298,35.81199],[137.92444,35.81021],[137.92545,35.80843],[137.9253,35.80641],[137.9253,35.80487],[137.92515,35.8025],[137.92529,35.80048],[137.92674,35.79811],[137.92863,35.79585],[137.93023,35.79443],[137.93038,35.79348],[137.93066,35.79217],[137.93299,35.79075],[137.93357,35.78968],[137.93357,35.78814],[137.93255,35.78553],[137.93181,35.78387],[137.93064,35.78114],[137.93049,35.77913],[137.93107,35.77687],[137.93223,35.77474]]}},{"type":"Feature","properties":{"_color":"#3388ff","_opacity":1,"_weight":3},"geometry":{"type":"LineString","coordinates":[[137.90296,35.86769],[137.90004,35.8665],[137.89669,35.86556],[137.89523,35.86449],[137.89406,35.86283],[137.8942,35.85963],[137.89434,35.85749],[137.89404,35.85405],[137.89316,35.85049],[137.89316,35.84741],[137.89374,35.84575],[137.89592,35.84575],[137.89811,35.8461],[137.90088,35.84563],[137.9054,35.84479],[137.90831,35.84432],[137.91166,35.84278]]}},{"type":"Feature","properties":{"_color":"#3388ff","_opacity":1,"_weight":3},"geometry":{"type":"LineString","coordinates":[[137.94384,35.86385],[137.94398,35.8616],[137.945,35.86029],[137.94646,35.85839],[137.94645,35.85733],[137.94514,35.85697],[137.94237,35.85697]]}},{"type":"Feature","properties":{"_color":"#3388ff","_opacity":1,"_weight":3},"geometry":{"type":"LineString","coordinates":[[137.98438,35.91696],[137.98438,35.91411],[137.98451,35.91126],[137.98451,35.90996]]}},{"type":"Feature","properties":{"_color":"#3388ff","_opacity":1,"_weight":3},"geometry":{"type":"LineString","coordinates":[[137.98406,35.90628],[137.98347,35.9026],[137.98229,35.89976],[137.98083,35.89798]]}},{"type":"Feature","properties":{"_color":"#3388ff","_opacity":1,"_weight":3},"geometry":{"type":"LineString","coordinates":[[137.9798,35.89608],[137.97979,35.89051],[137.97934,35.88754],[137.9789,35.88529],[137.9786,35.88339],[137.97933,35.88197],[137.97874,35.87995],[137.97727,35.87818],[137.97683,35.8758],[137.97566,35.87367],[137.97229,35.8694],[137.97112,35.8668],[137.97067,35.86336],[137.96804,35.86099],[137.96322,35.85719],[137.95957,35.85471],[137.95577,35.85198],[137.95052,35.84961],[137.94789,35.84724],[137.94278,35.84262],[137.93927,35.83895],[137.93635,35.83669],[137.93474,35.83456],[137.93313,35.83207],[137.93167,35.8291],[137.93152,35.82792]]}},{"type":"Feature","properties":{"_color":"#3388ff","_opacity":1,"_weight":3},"geometry":{"type":"LineString","coordinates":[[137.97274,35.87462],[137.97142,35.87201]]}},{"type":"Feature","properties":{"_color":"#3388ff","_opacity":1,"_weight":3},"geometry":{"type":"LineString","coordinates":[[137.9315,35.77411],[137.92961,35.7734],[137.92597,35.7734],[137.92392,35.77175],[137.92159,35.76854],[137.91998,35.76629],[137.91925,35.76392],[137.91691,35.76084],[137.91443,35.75929],[137.91152,35.75835],[137.90992,35.75752],[137.90962,35.75621],[137.90729,35.75348],[137.90452,35.75218],[137.90073,35.74969],[137.8965,35.74768],[137.89402,35.74542],[137.89329,35.74269],[137.89402,35.74091],[137.89547,35.73961],[137.89649,35.73795]]}},{"type":"Feature","properties":{"_color":"#3388ff","_opacity":1,"_weight":3},"geometry":{"type":"LineString","coordinates":[[137.89572,35.73931],[137.89572,35.7361],[137.89484,35.73266],[137.89469,35.73041],[137.89687,35.72626],[137.89745,35.72436],[137.89788,35.72294],[137.89919,35.72211],[137.90021,35.72009],[137.90064,35.71807],[137.90093,35.71594],[137.9018,35.71404],[137.90194,35.71178],[137.90033,35.70918],[137.8996,35.70752],[137.89873,35.7055],[137.89814,35.70396],[137.89858,35.70242],[137.90279,35.69897],[137.90555,35.6966],[137.9073,35.69435],[137.90787,35.69043],[137.90787,35.68699],[137.90743,35.68486],[137.90699,35.68308],[137.90727,35.68106],[137.90742,35.6794],[137.90523,35.6762],[137.90304,35.67359],[137.90028,35.67229],[137.89882,35.67074],[137.89867,35.66849],[137.89867,35.66552],[137.89736,35.66422],[137.89386,35.66363],[137.89299,35.66185],[137.89299,35.65888],[137.8924,35.65687],[137.89182,35.65485],[137.89269,35.65271],[137.89646,35.64904],[137.89675,35.64714],[137.89456,35.64227],[137.89296,35.63812],[137.89208,35.63338],[137.89004,35.63112],[137.88887,35.62958],[137.88887,35.62828],[137.88959,35.62626],[137.88872,35.62401],[137.88784,35.62116],[137.88508,35.61974],[137.88435,35.61843],[137.88435,35.61618]]}},{"type":"Feature","properties":{"_color":"#3388ff","_opacity":1,"_weight":3},"geometry":{"type":"LineString","coordinates":[[137.93512,35.77513],[137.93497,35.77181],[137.93539,35.76623],[137.9364,35.76208],[137.93741,35.75733],[137.93755,35.75425],[137.93711,35.75129],[137.93492,35.74773],[137.932,35.74334],[137.92879,35.73883],[137.92747,35.73634],[137.92674,35.73373],[137.92732,35.7316],[137.92789,35.72911],[137.92731,35.72626],[137.92657,35.72342],[137.92613,35.72211]]}},{"type":"Feature","properties":{"_color":"#3388ff","_opacity":1,"_weight":3},"geometry":{"type":"LineString","coordinates":[[137.91591,35.74043],[137.91605,35.73676],[137.91619,35.73296],[137.91589,35.72893],[137.91472,35.72489],[137.9134,35.72217]]}},{"type":"Feature","properties":{"_color":"#3388ff","_opacity":1,"_weight":3},"geometry":{"type":"LineString","coordinates":[[137.92126,35.72418],[137.9214,35.72145],[137.92256,35.71872],[137.92663,35.71433],[137.92982,35.71042],[137.93113,35.70662],[137.93127,35.70294],[137.92995,35.70093],[137.92907,35.69856],[137.9266,35.69844],[137.92456,35.69761],[137.92412,35.69547],[137.92572,35.69298],[137.92644,35.69073],[137.92498,35.68717],[137.92497,35.6842],[137.92453,35.68088],[137.92453,35.67851],[137.9254,35.67602],[137.92496,35.67448],[137.92452,35.67258],[137.92568,35.67116],[137.92945,35.66878],[137.93134,35.66724],[137.93308,35.66463],[137.93366,35.66166],[137.93453,35.6581],[137.93379,35.65467],[137.93044,35.65182],[137.92709,35.6498],[137.92462,35.64957],[137.92229,35.64743],[137.9217,35.64388],[137.92139,35.63545]]}},{"type":"Feature","properties":{"_color":"#3388ff","_opacity":1,"_weight":3},"geometry":{"type":"LineString","coordinates":[[137.93095,35.69085],[137.93109,35.68669],[137.93123,35.68397],[137.93093,35.68136],[137.93064,35.67934]]}},{"type":"Feature","properties":{"_color":"#3388ff","_opacity":1,"_weight":3},"geometry":{"type":"LineString","coordinates":[[137.93003,35.66736],[137.92988,35.66416],[137.92842,35.65989]]}},{"type":"Feature","properties":{"_color":"#3388ff","_opacity":1,"_weight":3},"geometry":{"type":"LineString","coordinates":[[137.92783,35.65668],[137.92754,35.65419],[137.92637,35.65218],[137.92433,35.65099]]}},{"type":"Feature","properties":{"_color":"#3388ff","_opacity":1,"_weight":3},"geometry":{"type":"LineString","coordinates":[[137.91837,35.64945],[137.91691,35.64601],[137.91501,35.64411],[137.91326,35.64305]]}},{"type":"Feature","properties":{"_color":"#3388ff","_opacity":1,"_weight":3},"geometry":{"type":"LineString","coordinates":[[137.91168,35.65372],[137.90892,35.65064],[137.90688,35.64815],[137.90542,35.6472]]}},{"type":"Feature","properties":{"_color":"#3388ff","_opacity":1,"_weight":3},"geometry":{"type":"LineString","coordinates":[[137.92198,35.76609],[137.92129,35.76253],[137.92049,35.75955],[137.91889,35.75829]]}},{"type":"Feature","properties":{"_color":"#3388ff","_opacity":1,"_weight":3},"geometry":{"type":"LineString","coordinates":[[137.91557,35.61167],[137.91294,35.60918],[137.90944,35.60715],[137.90681,35.60477],[137.90476,35.60049],[137.9014,35.59549],[137.89701,35.58918],[137.8938,35.58466],[137.89234,35.58192],[137.88956,35.57692]]}},{"type":"Feature","properties":{"_color":"#3388ff","_opacity":1,"_weight":3},"geometry":{"type":"LineString","coordinates":[[137.91907,35.61036],[137.91731,35.60846],[137.91614,35.60667]]}},{"type":"Feature","properties":{"_color":"#3388ff","_opacity":1,"_weight":3},"geometry":{"type":"LineString","coordinates":[[137.88611,35.61858],[137.88611,35.61572],[137.88465,35.61335],[137.88144,35.61108],[137.87939,35.60823],[137.8772,35.60549],[137.87661,35.60251],[137.87792,35.59882],[137.87821,35.59573],[137.87821,35.59347],[137.87981,35.59168],[137.88185,35.5899],[137.88185,35.58811],[137.88024,35.5849],[137.87819,35.58216],[137.87571,35.58002],[137.87542,35.57847],[137.87542,35.57668],[137.87615,35.57538]]}},{"type":"Feature","properties":{"_color":"#3388ff","_opacity":1,"_weight":3},"geometry":{"type":"LineString","coordinates":[[137.87527,35.57383],[137.87337,35.57145],[137.87191,35.57002]]}},{"type":"Feature","properties":{"_color":"#3388ff","_opacity":1,"_weight":3},"geometry":{"type":"LineString","coordinates":[[137.86904,35.61406],[137.86977,35.60858],[137.86976,35.60394],[137.8699,35.59894],[137.87019,35.59347],[137.87004,35.58811],[137.86887,35.58633],[137.86682,35.58501],[137.86464,35.58359],[137.86463,35.5818],[137.86507,35.57978],[137.86434,35.57597],[137.86288,35.57228]]}},{"type":"Feature","properties":{"_color":"#3388ff","_opacity":1,"_weight":3},"geometry":{"type":"LineString","coordinates":[[137.87118,35.56788],[137.86928,35.56597],[137.86724,35.56502],[137.86433,35.56502],[137.86053,35.56502],[137.85806,35.56418],[137.85631,35.56311],[137.85412,35.56061],[137.85266,35.55954],[137.85135,35.55704],[137.85032,35.55407],[137.84872,35.55192],[137.84668,35.55061],[137.84551,35.5493],[137.84507,35.5474],[137.84405,35.5443],[137.84113,35.5418],[137.83705,35.53954],[137.83311,35.53858],[137.83195,35.53847]]}},{"type":"Feature","properties":{"_color":"#3388ff","_opacity":1,"_weight":3},"geometry":{"type":"LineString","coordinates":[[137.85281,35.56406],[137.84975,35.56216],[137.84683,35.56037],[137.84464,35.55859],[137.84333,35.55573],[137.84143,35.55335],[137.84041,35.55061],[137.84026,35.54787],[137.83953,35.54573],[137.83807,35.54347],[137.83763,35.54168],[137.83763,35.54085]]}},{"type":"Feature","properties":{"_color":"#3388ff","_opacity":1,"_weight":3},"geometry":{"type":"LineString","coordinates":[[137.83064,35.54049],[137.82699,35.53811],[137.8232,35.53656],[137.81767,35.53405]]}},{"type":"Feature","properties":{"_color":"#3388ff","_opacity":1,"_weight":3},"geometry":{"type":"LineString","coordinates":[[137.83166,35.53775],[137.83107,35.53537],[137.82976,35.5343],[137.82786,35.53275],[137.82611,35.53191]]}},{"type":"Feature","properties":{"_color":"#3388ff","_opacity":1,"_weight":3},"geometry":{"type":"LineString","coordinates":[[137.82422,35.53188],[137.81985,35.53009],[137.81606,35.5289]]}},{"type":"Feature","properties":{"_color":"#3388ff","_opacity":1,"_weight":3},"geometry":{"type":"LineString","coordinates":[[137.85192,35.54399],[137.84915,35.54161],[137.84608,35.53863],[137.84215,35.53708],[137.84054,35.53649]]}},{"type":"Feature","properties":{"_color":"#3388ff","_opacity":1,"_weight":3},"geometry":{"type":"LineString","coordinates":[[137.83837,35.53876],[137.8321,35.53292],[137.82642,35.52828],[137.82336,35.52685],[137.82219,35.52589],[137.82015,35.52542],[137.81287,35.5247],[137.80864,35.5247],[137.80543,35.52338],[137.80296,35.51969],[137.79932,35.5179],[137.79596,35.51731],[137.79378,35.51588],[137.79276,35.51457],[137.79334,35.51052],[137.79349,35.50838],[137.79276,35.50445],[137.79217,35.50195],[137.79174,35.49742]]}},{"type":"Feature","properties":{"_color":"#3388ff","_opacity":1,"_weight":3},"geometry":{"type":"LineString","coordinates":[[137.78797,35.50321],[137.78665,35.49964],[137.78462,35.49631]]}},{"type":"Feature","properties":{"_color":"#3388ff","_opacity":1,"_weight":3},"geometry":{"type":"LineString","coordinates":[[137.78926,35.5156],[137.7843,35.51107],[137.78401,35.50964],[137.78372,35.50749],[137.78022,35.50415],[137.77672,35.50201],[137.77264,35.49962],[137.76797,35.49842],[137.76622,35.49747],[137.76593,35.4958],[137.7636,35.49389],[137.76156,35.49246],[137.76068,35.48912],[137.75864,35.48769],[137.75865,35.48292],[137.75777,35.48101],[137.75515,35.47982],[137.75486,35.47672],[137.75369,35.47434],[137.75282,35.47267],[137.75282,35.47028],[137.7534,35.46742],[137.75282,35.46528],[137.75137,35.46218],[137.75195,35.4586],[137.75224,35.45598],[137.7505,35.45193],[137.74787,35.44883],[137.74409,35.44453],[137.74263,35.44286],[137.74263,35.44072],[137.7438,35.43858],[137.74468,35.435],[137.74351,35.43166],[137.74177,35.42785],[137.73973,35.42498],[137.73594,35.42141],[137.73245,35.41854]]}},{"type":"Feature","properties":{"_color":"#3388ff","_opacity":1,"_weight":3},"geometry":{"type":"LineString","coordinates":[[137.75427,35.48602],[137.74961,35.4841],[137.74494,35.48124],[137.7397,35.47766]]}},{"type":"Feature","properties":{"_color":"#3388ff","_opacity":1,"_weight":3},"geometry":{"type":"LineString","coordinates":[[137.77322,35.50868],[137.76622,35.50509],[137.76155,35.50271],[137.75981,35.50056],[137.75601,35.49793],[137.74989,35.49292],[137.74552,35.48887],[137.74407,35.486],[137.74261,35.48314],[137.74057,35.481],[137.73736,35.47908],[137.73212,35.47646],[137.72745,35.47287],[137.72454,35.47073],[137.7225,35.46739],[137.72134,35.46357],[137.71581,35.45832],[137.7126,35.45379],[137.70882,35.45044],[137.70766,35.44711],[137.70591,35.444],[137.70213,35.43995],[137.70067,35.43685],[137.6998,35.43303],[137.7001,35.42755],[137.70069,35.42064],[137.69953,35.41659],[137.69779,35.41086],[137.6943,35.40395],[137.68936,35.39512],[137.68471,35.38987],[137.68267,35.387],[137.68268,35.38438],[137.68268,35.38009],[137.68181,35.37747],[137.6792,35.37508],[137.67658,35.37221],[137.67484,35.36649],[137.67281,35.3591],[137.67078,35.3548],[137.66701,35.34812],[137.66207,35.34144]]}},{"type":"Feature","properties":{"_color":"#3388ff","_opacity":1,"_weight":3},"geometry":{"type":"LineString","coordinates":[[137.84265,35.50262],[137.83885,35.49809],[137.8371,35.49476],[137.83623,35.49142],[137.83156,35.48761],[137.82835,35.4845],[137.82747,35.48212],[137.82339,35.47831],[137.82193,35.47449],[137.81902,35.47092],[137.81668,35.46758],[137.81464,35.46519],[137.80939,35.46376],[137.80531,35.46161],[137.80386,35.45923],[137.80386,35.45613],[137.80648,35.45137],[137.80735,35.4466],[137.80939,35.44112]]}},{"type":"Feature","properties":{"_color":"#3388ff","_opacity":1,"_weight":3},"geometry":{"type":"LineString","coordinates":[[137.80473,35.45184],[137.80531,35.44588]]}},{"type":"Feature","properties":{"_color":"#3388ff","_opacity":1,"_weight":3},"geometry":{"type":"LineString","coordinates":[[137.80899,35.43628],[137.80579,35.43175],[137.80287,35.42818]]}},{"type":"Feature","properties":{"_color":"#3388ff","_opacity":1,"_weight":3},"geometry":{"type":"LineString","coordinates":[[137.79628,35.41911],[137.79628,35.4153],[137.79366,35.40982],[137.78929,35.4029]]}},{"type":"Feature","properties":{"_color":"#3388ff","_opacity":1,"_weight":3},"geometry":{"type":"LineString","coordinates":[[137.71289,35.42353],[137.71901,35.41997],[137.72426,35.41783]]}},{"type":"Feature","properties":{"_color":"#3388ff","_opacity":1,"_weight":3},"geometry":{"type":"LineString","coordinates":[[137.70882,35.41701],[137.71581,35.41487],[137.72368,35.41226],[137.73184,35.40941]]}},{"type":"Feature","properties":{"_color":"#3388ff","_opacity":1,"_weight":3},"geometry":{"type":"LineString","coordinates":[[137.73391,35.41028],[137.73973,35.40695],[137.74323,35.40172],[137.74732,35.396],[137.75256,35.39005],[137.75664,35.38648],[137.76218,35.38386]]}},{"type":"Feature","properties":{"_color":"#3388ff","_opacity":1,"_weight":3},"geometry":{"type":"LineString","coordinates":[[137.74614,35.40142],[137.75255,35.39547],[137.75867,35.38976],[137.76187,35.38666]]}},{"type":"Feature","properties":{"_color":"#3388ff","_opacity":1,"_weight":3},"geometry":{"type":"LineString","coordinates":[[137.78109,35.37729],[137.78546,35.37468],[137.78924,35.37301],[137.79128,35.3723],[137.79245,35.36992],[137.79303,35.36539],[137.79332,35.3611],[137.79332,35.35776],[137.79478,35.35467],[137.79536,35.35014],[137.79594,35.34347],[137.79594,35.33941],[137.79682,35.33751],[137.80089,35.3337]]}},{"type":"Feature","properties":{"_color":"#3388ff","_opacity":1,"_weight":3},"geometry":{"type":"LineString","coordinates":[[137.79459,35.3626],[137.79721,35.3595],[137.80013,35.35474],[137.80042,35.35235]]}},{"type":"Feature","properties":{"_color":"#3388ff","_opacity":1,"_weight":3},"geometry":{"type":"LineString","coordinates":[[137.8057,35.32458],[137.79406,35.31027],[137.78301,35.29643],[137.76876,35.27974],[137.75423,35.26518],[137.73737,35.24943],[137.7182,35.232]]}},{"type":"Feature","properties":{"_color":"#3388ff","_opacity":1,"_weight":3},"geometry":{"type":"LineString","coordinates":[[137.94081,35.78519],[137.9408,35.78283],[137.94021,35.77976]]}},{"type":"Feature","properties":{"_color":"#3388ff","_opacity":1,"_weight":3},"geometry":{"type":"LineString","coordinates":[[141.57054,45.19464],[141.78209,44.82587]]}},{"type":"Feature","properties":{"_color":"#3388ff","_opacity":1,"_weight":3},"geometry":{"type":"LineString","coordinates":[[140.81901,40.22965],[140.81729,40.22745],[140.81557,40.22492],[140.81457,40.22293],[140.81357,40.22084],[140.81314,40.21886],[140.81314,40.21622],[140.81358,40.21258],[140.81416,40.20774],[140.81417,40.20554],[140.81446,40.20322],[140.81388,40.20157],[140.81245,40.19849],[140.81202,40.19717],[140.81145,40.19607],[140.81131,40.19441],[140.81131,40.19353],[140.81132,40.19089],[140.81132,40.19001]]}},{"type":"Feature","properties":{"_color":"#3388ff","_opacity":1,"_weight":3},"geometry":{"type":"LineString","coordinates":[[140.84458,40.24296],[140.84186,40.23647],[140.83727,40.22667],[140.83383,40.22006],[140.83068,40.21302],[140.82796,40.20696],[140.82638,40.20234],[140.82438,40.19705],[140.8218,40.19023],[140.82137,40.18814]]}},{"type":"Feature","properties":{"_color":"#3388ff","_opacity":1,"_weight":3},"geometry":{"type":"LineString","coordinates":[[140.80744,40.18935],[140.80242,40.18561],[140.79897,40.18285],[140.79697,40.1812],[140.79525,40.17955]]}},{"type":"Feature","properties":{"_color":"#3388ff","_opacity":1,"_weight":3},"geometry":{"type":"LineString","coordinates":[[140.79883,40.18076],[140.79669,40.17768]]}},{"type":"Feature","properties":{"_color":"#3388ff","_opacity":1,"_weight":3},"geometry":{"type":"LineString","coordinates":[[140.79898,40.18021],[140.79884,40.1779],[140.79899,40.17625],[140.79942,40.17559],[140.80043,40.17426],[140.80043,40.17338],[140.80043,40.1714],[140.80001,40.16865],[140.79987,40.16722]]}},{"type":"Feature","properties":{"_color":"#3388ff","_opacity":1,"_weight":3},"geometry":{"type":"LineString","coordinates":[[140.80759,40.18208],[140.80731,40.18021],[140.8066,40.17768]]}},{"type":"Feature","properties":{"_color":"#3388ff","_opacity":1,"_weight":3},"geometry":{"type":"LineString","coordinates":[[140.81837,40.18021],[140.81751,40.17647],[140.81609,40.17206],[140.81523,40.16755],[140.81438,40.16402],[140.81409,40.16204],[140.81409,40.16105]]}},{"type":"Feature","properties":{"_color":"#3388ff","_opacity":1,"_weight":3},"geometry":{"type":"LineString","coordinates":[[140.80948,40.17019],[140.81078,40.16755],[140.81136,40.16611],[140.81193,40.1649]]}},{"type":"Feature","properties":{"_color":"#3388ff","_opacity":1,"_weight":3},"geometry":{"type":"LineString","coordinates":[[140.80259,40.17074],[140.80475,40.16799],[140.80648,40.16501],[140.80734,40.1627],[140.80792,40.15929],[140.80807,40.15753]]}},{"type":"Feature","properties":{"_color":"#3388ff","_opacity":1,"_weight":3},"geometry":{"type":"LineString","coordinates":[[140.81682,40.16446],[140.81553,40.16259],[140.81481,40.16061],[140.81481,40.15951],[140.81453,40.15852],[140.81395,40.15764],[140.81223,40.15675],[140.80951,40.15599],[140.80778,40.15499],[140.8075,40.154],[140.80736,40.15235],[140.8075,40.15081],[140.80837,40.1485],[140.8088,40.14608],[140.80881,40.14398]]}},{"type":"Feature","properties":{"_color":"#3388ff","_opacity":1,"_weight":3},"geometry":{"type":"LineString","coordinates":[[140.77765,40.14817],[140.77837,40.14585],[140.77851,40.14398],[140.77852,40.14299]]}},{"type":"Feature","properties":{"_color":"#3388ff","_opacity":1,"_weight":3},"geometry":{"type":"LineString","coordinates":[[140.77536,40.14409],[140.77565,40.14222],[140.77608,40.14079],[140.77666,40.13925]]}},{"type":"Feature","properties":{"_color":"#3388ff","_opacity":1,"_weight":3},"geometry":{"type":"LineString","coordinates":[[140.77479,40.14079],[140.7748,40.13672],[140.77466,40.13198],[140.77396,40.12703],[140.77282,40.12185],[140.77226,40.11645],[140.77212,40.11271],[140.77185,40.10786],[140.77129,40.10291]]}},{"type":"Feature","properties":{"_color":"#3388ff","_opacity":1,"_weight":3},"geometry":{"type":"LineString","coordinates":[[140.77804,40.09939],[140.77948,40.09652],[140.78206,40.0941],[140.7835,40.09267],[140.78393,40.09157],[140.78408,40.09058]]}},{"type":"Feature","properties":{"_color":"#3388ff","_opacity":1,"_weight":3},"geometry":{"type":"LineString","coordinates":[[140.79378,40.12163],[140.7922,40.11822],[140.79106,40.11469],[140.79064,40.11194],[140.79064,40.10996],[140.79022,40.1071],[140.78979,40.10357],[140.7898,40.10027],[140.7898,40.09829]]}},{"type":"Feature","properties":{"_color":"#3388ff","_opacity":1,"_weight":3},"geometry":{"type":"LineString","coordinates":[[140.79708,40.11723],[140.79709,40.11293],[140.79695,40.11018],[140.7961,40.10798],[140.79438,40.10544],[140.79395,40.10423],[140.79381,40.1028],[140.79381,40.10104]]}},{"type":"Feature","properties":{"_color":"#3388ff","_opacity":1,"_weight":3},"geometry":{"type":"LineString","coordinates":[[140.75964,40.11359],[140.7618,40.11095],[140.76309,40.1093],[140.76338,40.10753],[140.76354,40.10346],[140.76398,40.09894],[140.76485,40.09597],[140.76585,40.09311],[140.76644,40.0898],[140.76644,40.0876],[140.76659,40.08573]]}},{"type":"Feature","properties":{"_color":"#3388ff","_opacity":1,"_weight":3},"geometry":{"type":"LineString","coordinates":[[136.82294,36.63122],[136.82963,36.63636],[136.84031,36.64379],[136.84458,36.64858],[136.84614,36.65234],[136.84612,36.65837],[136.8501,36.66384],[136.8518,36.66873],[136.85664,36.67205],[136.86135,36.67525],[136.87558,36.69269],[136.88228,36.69692],[136.88785,36.69864],[136.89471,36.70048]]}},{"type":"Feature","properties":{"_color":"#3388ff","_opacity":1,"_weight":3},"geometry":{"type":"LineString","coordinates":[[136.93844,36.51897],[136.93732,36.51442],[136.9339,36.51009]]}},{"type":"Feature","properties":{"_color":"#3388ff","_opacity":1,"_weight":3},"geometry":{"type":"LineString","coordinates":[[137.0217,36.63345],[137.01899,36.63037],[137.01572,36.62696],[137.01415,36.62354],[137.00674,36.6167],[136.98537,36.58914],[136.97484,36.5741],[136.97029,36.56704],[136.96716,36.55884],[136.96404,36.55179]]}},{"type":"Feature","properties":{"_color":"#3388ff","_opacity":1,"_weight":3},"geometry":{"type":"LineString","coordinates":[[136.98199,36.56638],[136.97971,36.56365],[136.976,36.56205],[136.97344,36.55772],[136.97117,36.55476],[136.96661,36.55248],[136.96091,36.54837],[136.95521,36.54813],[136.95207,36.54812]]}},{"type":"Feature","properties":{"_color":"#3388ff","_opacity":1,"_weight":3},"geometry":{"type":"LineString","coordinates":[[136.95592,36.54597],[136.95279,36.54539],[136.95122,36.54448],[136.94552,36.54242],[136.94182,36.53945],[136.93556,36.53193],[136.9313,36.52532],[136.93017,36.52213],[136.93132,36.51781],[136.92991,36.51235],[136.92706,36.50961],[136.92479,36.50733],[136.92194,36.50346],[136.91598,36.49571],[136.90857,36.49478],[136.90315,36.49408],[136.90031,36.49112],[136.89661,36.49088],[136.89261,36.49177],[136.88891,36.49154],[136.88578,36.48925]]}},{"type":"Feature","properties":{"_color":"#3388ff","_opacity":1,"_weight":3},"geometry":{"type":"LineString","coordinates":[[136.94683,36.5298],[136.94484,36.52786]]}},{"type":"Feature","properties":{"_color":"#3388ff","_opacity":1,"_weight":3},"geometry":{"type":"LineString","coordinates":[[137.02526,36.63982],[137.02227,36.63436]]}},{"type":"Feature","properties":{"_color":"#3388ff","_opacity":1,"_weight":3},"geometry":{"type":"LineString","coordinates":[[137.02155,36.63857],[137.02056,36.63572],[137.01871,36.63321]]}},{"type":"Feature","properties":{"_color":"#3388ff","_opacity":1,"_weight":3},"geometry":{"type":"LineString","coordinates":[[136.89969,36.70618],[136.89727,36.70401],[136.89342,36.70139]]}},{"type":"Feature","properties":{"_color":"#3388ff","_opacity":1,"_weight":3},"geometry":{"type":"LineString","coordinates":[[136.87044,36.69188],[136.87272,36.69257],[136.87572,36.69394]]}},{"type":"Feature","properties":{"_color":"#3388ff","_opacity":1,"_weight":3},"geometry":{"type":"LineString","coordinates":[[136.88227,36.59685],[136.88171,36.5941],[136.88171,36.59287]]}},{"type":"Feature","properties":{"_color":"#3388ff","_opacity":1,"_weight":3},"geometry":{"type":"LineString","coordinates":[[136.87846,36.58965],[136.87616,36.58705]]}},{"type":"Feature","properties":{"_color":"#3388ff","_opacity":1,"_weight":3},"geometry":{"type":"LineString","coordinates":[[137.12502,36.59656],[137.12483,36.59259]]}},{"type":"Feature","properties":{"_color":"#3388ff","_opacity":1,"_weight":3},"geometry":{"type":"LineString","coordinates":[[137.1162,36.61016],[137.11927,36.60497],[137.12291,36.59885]]}},{"type":"Feature","properties":{"_color":"#3388ff","_opacity":1,"_weight":3},"geometry":{"type":"LineString","coordinates":[[137.12483,36.60543],[137.12848,36.60085],[137.12982,36.59764],[137.13078,36.59014]]}},{"type":"Feature","properties":{"_color":"#3388ff","_opacity":1,"_weight":3},"geometry":{"type":"LineString","coordinates":[[137.11562,36.61704],[137.11946,36.61491],[137.12598,36.60834],[137.12924,36.60253]]}},{"type":"Feature","properties":{"_color":"#3388ff","_opacity":1,"_weight":3},"geometry":{"type":"LineString","coordinates":[[137.12234,36.62133],[137.12541,36.61644],[137.12771,36.61216],[137.1304,36.6065],[137.13136,36.60345],[137.13193,36.59978]]}},{"type":"Feature","properties":{"_color":"#3388ff","_opacity":1,"_weight":3},"geometry":{"type":"LineString","coordinates":[[137.11946,36.64334],[137.1185,36.63952],[137.11715,36.63585]]}},{"type":"Feature","properties":{"_color":"#3388ff","_opacity":1,"_weight":3},"geometry":{"type":"LineString","coordinates":[[137.12662,36.61005],[137.12276,36.61435],[137.11658,36.61896],[137.11658,36.62511],[137.11658,36.62911],[137.11928,36.63249],[137.12121,36.63588],[137.12198,36.64326],[137.127,36.64941],[137.13512,36.65434],[137.13859,36.66049],[137.14246,36.6688],[137.14671,36.67188],[137.1525,36.67434],[137.16062,36.67926],[137.18071,36.68665],[137.19424,36.69189],[137.20931,36.7005],[137.22207,36.70819],[137.23407,36.7168],[137.24065,36.72387],[137.24918,36.73801],[137.25848,36.75],[137.26429,36.75922]]}},{"type":"Feature","properties":{"_color":"#3388ff","_opacity":1,"_weight":3},"geometry":{"type":"LineString","coordinates":[[137.20489,36.72218],[137.19484,36.72033]]}},{"type":"Feature","properties":{"_color":"#3388ff","_opacity":1,"_weight":3},"geometry":{"type":"LineString","coordinates":[[137.19136,36.71495],[137.18672,36.71325],[137.18247,36.70925]]}},{"type":"Feature","properties":{"_color":"#3388ff","_opacity":1,"_weight":3},"geometry":{"type":"LineString","coordinates":[[137.1529,36.69448],[137.15154,36.69186]]}},{"type":"Feature","properties":{"_color":"#3388ff","_opacity":1,"_weight":3},"geometry":{"type":"LineString","coordinates":[[137.15193,36.69632],[137.15077,36.6934]]}},{"type":"Feature","properties":{"_color":"#3388ff","_opacity":1,"_weight":3},"geometry":{"type":"LineString","coordinates":[[137.1328,36.68632],[137.13686,36.68632]]}},{"type":"Feature","properties":{"_color":"#3388ff","_opacity":1,"_weight":3},"geometry":{"type":"LineString","coordinates":[[137.14922,36.6891],[137.14343,36.68356],[137.14072,36.68248],[137.13589,36.68186],[137.1301,36.67893],[137.12855,36.67647]]}},{"type":"Feature","properties":{"_color":"#3388ff","_opacity":1,"_weight":3},"geometry":{"type":"LineString","coordinates":[[137.133,36.68539],[137.12991,36.68232],[137.12739,36.67878],[137.12295,36.67493]]}},{"type":"Feature","properties":{"_color":"#3388ff","_opacity":1,"_weight":3},"geometry":{"type":"LineString","coordinates":[[137.13068,36.67647],[137.12778,36.67432],[137.12546,36.67094]]}},{"type":"Feature","properties":{"_color":"#3388ff","_opacity":1,"_weight":3},"geometry":{"type":"LineString","coordinates":[[137.12624,36.68016],[137.12314,36.67724],[137.11928,36.67493]]}},{"type":"Feature","properties":{"_color":"#3388ff","_opacity":1,"_weight":3},"geometry":{"type":"LineString","coordinates":[[137.12971,36.67094],[137.12508,36.66801]]}},{"type":"Feature","properties":{"_color":"#3388ff","_opacity":1,"_weight":3},"geometry":{"type":"LineString","coordinates":[[137.12257,36.67201],[137.11793,36.67093],[137.11329,36.66831],[137.10827,36.66415]]}},{"type":"Feature","properties":{"_color":"#3388ff","_opacity":1,"_weight":3},"geometry":{"type":"LineString","coordinates":[[137.12797,36.66079],[137.12372,36.65448]]}},{"type":"Feature","properties":{"_color":"#3388ff","_opacity":1,"_weight":3},"geometry":{"type":"LineString","coordinates":[[139.94721,37.63536],[139.94663,37.63193]]}},{"type":"Feature","properties":{"_color":"#3388ff","_opacity":1,"_weight":3},"geometry":{"type":"LineString","coordinates":[[139.94081,37.53513],[139.9431,37.53215],[139.94367,37.52872]]}},{"type":"Feature","properties":{"_color":"#3388ff","_opacity":1,"_weight":3},"geometry":{"type":"LineString","coordinates":[[139.93736,37.51637],[139.93764,37.51179],[139.93764,37.50721],[139.93448,37.50104],[139.93162,37.49601],[139.93047,37.48869],[139.93075,37.48434],[139.93561,37.47678],[139.93475,37.47198],[139.9336,37.46786]]}},{"type":"Feature","properties":{"_color":"#3388ff","_opacity":1,"_weight":3},"geometry":{"type":"LineString","coordinates":[[139.9465,37.49553],[139.94621,37.49324]]}},{"type":"Feature","properties":{"_color":"#3388ff","_opacity":1,"_weight":3},"geometry":{"type":"LineString","coordinates":[[139.94449,37.49279],[139.94449,37.49096]]}},{"type":"Feature","properties":{"_color":"#3388ff","_opacity":1,"_weight":3},"geometry":{"type":"LineString","coordinates":[[139.9422,37.48661],[139.94105,37.4841]]}},{"type":"Feature","properties":{"_color":"#3388ff","_opacity":1,"_weight":3},"geometry":{"type":"LineString","coordinates":[[138.24336,37.28138],[138.24153,37.27871],[138.2374,37.2715],[138.23339,37.26439],[138.23121,37.25995],[138.22611,37.25017],[138.22234,37.24444],[138.2204,37.24207],[138.2193,37.24078],[138.21578,37.23476],[138.21081,37.22478]]}},{"type":"Feature","properties":{"_color":"#3388ff","_opacity":1,"_weight":3},"geometry":{"type":"LineString","coordinates":[[138.22249,37.17039],[138.22347,37.16823],[138.22433,37.16607],[138.22433,37.16499]]}},{"type":"Feature","properties":{"_color":"#3388ff","_opacity":1,"_weight":3},"geometry":{"type":"LineString","coordinates":[[138.22921,37.16797],[138.228,37.16402],[138.22582,37.1581],[138.22425,37.15544],[138.22413,37.15337],[138.22439,37.15101],[138.22464,37.14835],[138.22428,37.14667],[138.22355,37.1448],[138.2232,37.14165]]}},{"type":"Feature","properties":{"_color":"#3388ff","_opacity":1,"_weight":3},"geometry":{"type":"LineString","coordinates":[[138.22133,37.15286],[138.22048,37.15128],[138.21987,37.15019]]}},{"type":"Feature","properties":{"_color":"#3388ff","_opacity":1,"_weight":3},"geometry":{"type":"LineString","coordinates":[[138.22613,37.14374],[138.22628,37.14149],[138.22712,37.13881],[138.2281,37.13623],[138.22964,37.13321],[138.23118,37.12952],[138.23202,37.12829],[138.23245,37.12381],[138.23232,37.12089],[138.23233,37.11932],[138.23345,37.11664],[138.2354,37.11373],[138.23652,37.11149],[138.23681,37.10802],[138.23585,37.10442],[138.23448,37.10094],[138.23393,37.09836],[138.23422,37.09477],[138.23395,37.09141],[138.23313,37.0886],[138.23259,37.08422],[138.23107,37.0804],[138.22983,37.07837],[138.22941,37.07725],[138.22956,37.07456],[138.22957,37.07198],[138.22903,37.06884],[138.22904,37.06671],[138.23113,37.06324],[138.2328,37.06157],[138.23336,37.06034],[138.23364,37.05854],[138.23462,37.05676],[138.23685,37.0534],[138.23783,37.05128],[138.23937,37.04859],[138.24202,37.04625],[138.24369,37.04458],[138.24425,37.04324],[138.24467,37.04167],[138.24467,37.03987],[138.24426,37.03774],[138.24385,37.03594],[138.24317,37.03403],[138.24275,37.03201],[138.24206,37.031],[138.24096,37.02931],[138.24069,37.02819],[138.24069,37.02718],[138.24042,37.02595],[138.23931,37.02515],[138.23779,37.02358],[138.2364,37.02267],[138.23543,37.02188],[138.2346,37.02064],[138.23461,37.01919],[138.23516,37.01852],[138.23572,37.01796],[138.23739,37.01797],[138.23891,37.01775],[138.23989,37.01742],[138.24058,37.01709],[138.24378,37.01396],[138.24573,37.01308],[138.24587,37.01218],[138.24685,37.01118],[138.24865,37.01118],[138.25073,37.01153],[138.25239,37.01232]]}},{"type":"Feature","properties":{"_color":"#3388ff","_opacity":1,"_weight":3},"geometry":{"type":"LineString","coordinates":[[138.19709,37.06746],[138.19842,37.0655],[138.19982,37.06321],[138.20198,37.06014],[138.20317,37.05824],[138.20533,37.05511],[138.20749,37.05209],[138.20938,37.04919],[138.2121,37.04522],[138.21329,37.04366],[138.2144,37.04187]]}},{"type":"Feature","properties":{"_color":"#3388ff","_opacity":1,"_weight":3},"geometry":{"type":"LineString","coordinates":[[138.2324,37.05728],[138.2331,37.05616],[138.23366,37.05504],[138.23394,37.05398],[138.23415,37.05286],[138.23443,37.0519],[138.23443,37.05095]]}},{"type":"Feature","properties":{"_color":"#3388ff","_opacity":1,"_weight":3},"geometry":{"type":"LineString","coordinates":[[138.23889,37.04694],[138.24035,37.04605],[138.24174,37.04521],[138.24223,37.04465],[138.24258,37.04354],[138.24286,37.04258],[138.24307,37.04158],[138.24384,37.0408]]}},{"type":"Feature","properties":{"_color":"#3388ff","_opacity":1,"_weight":3},"geometry":{"type":"LineString","coordinates":[[138.23393,37.03564],[138.2356,37.03419],[138.23706,37.03347],[138.23928,37.03242]]}},{"type":"Feature","properties":{"_color":"#3388ff","_opacity":1,"_weight":3},"geometry":{"type":"LineString","coordinates":[[138.23151,37.09361],[138.23062,37.09226],[138.22937,37.09012],[138.22875,37.08832],[138.22876,37.08658],[138.22876,37.08557],[138.22766,37.08422],[138.22696,37.08371],[138.2269,37.08158]]}},{"type":"Feature","properties":{"_color":"#3388ff","_opacity":1,"_weight":3},"geometry":{"type":"LineString","coordinates":[[138.21972,37.1476],[138.21917,37.1467],[138.21896,37.14608]]}},{"type":"Feature","properties":{"_color":"#3388ff","_opacity":1,"_weight":3},"geometry":{"type":"LineString","coordinates":[[138.21842,37.14339],[138.21794,37.14187],[138.21738,37.14041],[138.21683,37.1394],[138.21628,37.13788]]}},{"type":"Feature","properties":{"_color":"#3388ff","_opacity":1,"_weight":3},"geometry":{"type":"LineString","coordinates":[[138.35659,37.10644],[138.35562,37.10526],[138.35541,37.10458],[138.35521,37.10369],[138.35521,37.10256],[138.35507,37.10172],[138.35403,37.10071],[138.35285,37.09964]]}},{"type":"Feature","properties":{"_color":"#3388ff","_opacity":1,"_weight":3},"geometry":{"type":"LineString","coordinates":[[138.37741,37.12397],[138.37644,37.12279],[138.37539,37.12172],[138.37366,37.12047],[138.37178,37.11912],[138.37068,37.11811],[138.36853,37.11574],[138.36651,37.11411],[138.36471,37.11337],[138.36165,37.111],[138.35825,37.10847],[138.35583,37.10655],[138.35388,37.1057],[138.35194,37.10485],[138.35076,37.10395],[138.34895,37.10259],[138.34555,37.10151],[138.34402,37.10134],[138.34222,37.10099],[138.33986,37.10031],[138.33667,37.09861],[138.33354,37.09703],[138.33146,37.09511],[138.33077,37.09326],[138.32967,37.09051],[138.32856,37.08742],[138.32746,37.08511],[138.32538,37.0832],[138.32371,37.08139],[138.32268,37.0801],[138.32171,37.07791],[138.32192,37.07331],[138.32228,37.0709],[138.3223,37.06232]]}},{"type":"Feature","properties":{"_color":"#3388ff","_opacity":1,"_weight":3},"geometry":{"type":"LineString","coordinates":[[138.35217,37.08965],[138.34954,37.08813],[138.34648,37.08649],[138.34433,37.08496],[138.34315,37.08373],[138.34177,37.08131],[138.34108,37.08024],[138.339,37.07883],[138.33705,37.07787],[138.33525,37.07533]]}},{"type":"Feature","properties":{"_color":"#3388ff","_opacity":1,"_weight":3},"geometry":{"type":"LineString","coordinates":[[138.33316,37.08116],[138.33157,37.07857],[138.3299,37.07643],[138.32769,37.07424],[138.32609,37.07238]]}},{"type":"Feature","properties":{"_color":"#3388ff","_opacity":1,"_weight":3},"geometry":{"type":"LineString","coordinates":[[138.34295,37.08361],[138.34059,37.0831],[138.33857,37.08258],[138.33781,37.08202],[138.33691,37.08056],[138.33567,37.07808],[138.33518,37.07634],[138.33484,37.07477]]}},{"type":"Feature","properties":{"_color":"#3388ff","_opacity":1,"_weight":3},"geometry":{"type":"LineString","coordinates":[[138.33491,37.07505],[138.33435,37.07365],[138.33436,37.07213],[138.33409,37.06933],[138.33312,37.06703],[138.33152,37.06556],[138.32965,37.06555],[138.32666,37.06498],[138.3241,37.06351],[138.32237,37.06221],[138.32133,37.06075],[138.32085,37.05805],[138.31975,37.05452],[138.31905,37.05294],[138.31823,37.04828],[138.31733,37.04682],[138.31408,37.04367],[138.30929,37.04011],[138.30521,37.03734],[138.30167,37.03592],[138.30035,37.03519],[138.29383,37.03555],[138.29154,37.03548],[138.28876,37.0348],[138.28495,37.03248],[138.2828,37.03157],[138.27885,37.03105],[138.27767,37.03037],[138.27517,37.02873],[138.27073,37.02882],[138.26858,37.0287],[138.26706,37.02802],[138.26429,37.02576],[138.25612,37.02],[138.25203,37.01762],[138.25009,37.01565]]}},{"type":"Feature","properties":{"_color":"#3388ff","_opacity":1,"_weight":3},"geometry":{"type":"LineString","coordinates":[[138.30899,37.02418],[138.30531,37.02383],[138.3035,37.02349],[138.30024,37.02302],[138.2974,37.02211],[138.29372,37.02198],[138.28956,37.02168],[138.28741,37.02122],[138.28478,37.02003],[138.2818,37.01817],[138.27702,37.01472],[138.27245,37.01111],[138.27079,37.00964]]}},{"type":"Feature","properties":{"_color":"#3388ff","_opacity":1,"_weight":3},"geometry":{"type":"LineString","coordinates":[[138.32589,37.038],[138.32353,37.03614],[138.32006,37.03478],[138.31799,37.03275],[138.31432,37.02942],[138.31314,37.02824]]}},{"type":"Feature","properties":{"_color":"#3388ff","_opacity":1,"_weight":3},"geometry":{"type":"LineString","coordinates":[[138.2553,37.01287],[138.25525,37.0085],[138.25498,37.00491],[138.25471,37.00278]]}},{"type":"Feature","properties":{"_color":"#3388ff","_opacity":1,"_weight":3},"geometry":{"type":"LineString","coordinates":[[138.37773,37.20627],[138.37509,37.20424],[138.37287,37.20333],[138.37037,37.20287],[138.36912,37.20281],[138.36787,37.20191],[138.36697,37.20079],[138.36628,37.19849],[138.36531,37.19697],[138.36323,37.19494],[138.36198,37.19315],[138.36101,37.18956],[138.36046,37.18703],[138.35818,37.1831],[138.35783,37.18198],[138.35784,37.17879],[138.35791,37.1761],[138.35313,37.16997],[138.35251,37.16879],[138.35189,37.16576],[138.3514,37.1633],[138.35106,37.16195],[138.35079,37.15808],[138.35017,37.15707],[138.34836,37.15577],[138.34608,37.15235],[138.34483,37.15038],[138.34435,37.14831],[138.34456,37.14579],[138.34512,37.14299],[138.34513,37.14114],[138.34465,37.13834],[138.34437,37.13581],[138.34438,37.13301]]}},{"type":"Feature","properties":{"_color":"#3388ff","_opacity":1,"_weight":3},"geometry":{"type":"LineString","coordinates":[[139.04959,37.35147],[139.04671,37.34632],[139.03734,37.34206]]}},{"type":"Feature","properties":{"_color":"#3388ff","_opacity":1,"_weight":3},"geometry":{"type":"LineString","coordinates":[[139.03159,37.34159],[139.02978,37.33673],[139.02798,37.33158]]}},{"type":"Feature","properties":{"_color":"#3388ff","_opacity":1,"_weight":3},"geometry":{"type":"LineString","coordinates":[[139.02672,37.33022],[139.02419,37.32651],[139.02095,37.32466],[139.01843,37.32352],[139.01645,37.32052],[139.015,37.31623],[139.01302,37.31251],[139.00978,37.31023],[139.00528,37.30895],[139.00239,37.30896],[139.00131,37.3061],[138.99825,37.3031],[138.99447,37.29954]]}},{"type":"Feature","properties":{"_color":"#3388ff","_opacity":1,"_weight":3},"geometry":{"type":"LineString","coordinates":[[139.02311,37.32866],[139.02113,37.3268],[139.01843,37.32581]]}},{"type":"Feature","properties":{"_color":"#3388ff","_opacity":1,"_weight":3},"geometry":{"type":"LineString","coordinates":[[139.01537,37.32553],[139.01266,37.32039],[139.00942,37.31925],[139.00546,37.31769],[139.00384,37.31526]]}},{"type":"Feature","properties":{"_color":"#3388ff","_opacity":1,"_weight":3},"geometry":{"type":"LineString","coordinates":[[139.0087,37.31825],[139.0069,37.31539],[139.00402,37.31397]]}},{"type":"Feature","properties":{"_color":"#3388ff","_opacity":1,"_weight":3},"geometry":{"type":"LineString","coordinates":[[139.00942,37.31624],[139.00816,37.31353],[139.0042,37.31139]]}},{"type":"Feature","properties":{"_color":"#3388ff","_opacity":1,"_weight":3},"geometry":{"type":"LineString","coordinates":[[139.00077,37.31198],[138.99699,37.30826],[138.99249,37.30241]]}},{"type":"Feature","properties":{"_color":"#3388ff","_opacity":1,"_weight":3},"geometry":{"type":"LineString","coordinates":[[139.01266,37.32798],[139.00582,37.32342],[138.99843,37.31671],[138.99447,37.31343],[138.98222,37.30115],[138.9743,37.29373]]}},{"type":"Feature","properties":{"_color":"#3388ff","_opacity":1,"_weight":3},"geometry":{"type":"LineString","coordinates":[[138.98835,37.29812],[138.98006,37.29672],[138.97646,37.29587],[138.97538,37.29229],[138.97754,37.28656],[138.97827,37.27982],[138.97503,37.27367],[138.97179,37.26996],[138.96891,37.26496],[138.96585,37.26196],[138.96135,37.25467],[138.95614,37.24594],[138.95434,37.24337],[138.95506,37.23907],[138.9574,37.23033],[138.9574,37.22646],[138.95597,37.22389],[138.95183,37.22061],[138.95111,37.21817],[138.95147,37.21301],[138.95219,37.20814],[138.95094,37.20342],[138.94698,37.19928],[138.94087,37.196],[138.93476,37.19201],[138.93152,37.18858],[138.92775,37.18272],[138.92506,37.177],[138.92416,37.17542]]}},{"type":"Feature","properties":{"_color":"#3388ff","_opacity":1,"_weight":3},"geometry":{"type":"LineString","coordinates":[[138.97699,37.33626],[138.97484,37.32953],[138.97231,37.32453],[138.97088,37.31966],[138.97034,37.31608]]}},{"type":"Feature","properties":{"_color":"#3388ff","_opacity":1,"_weight":3},"geometry":{"type":"LineString","coordinates":[[138.96781,37.3158],[138.96655,37.31194],[138.96583,37.30851],[138.9644,37.30421],[138.96133,37.30093]]}},{"type":"Feature","properties":{"_color":"#3388ff","_opacity":1,"_weight":3},"geometry":{"type":"LineString","coordinates":[[138.96926,37.31208],[138.96908,37.30907],[138.96836,37.30707]]}},{"type":"Feature","properties":{"_color":"#3388ff","_opacity":1,"_weight":3},"geometry":{"type":"LineString","coordinates":[[138.97196,37.29975],[138.96764,37.29618],[138.96278,37.29319]]}},{"type":"Feature","properties":{"_color":"#3388ff","_opacity":1,"_weight":3},"geometry":{"type":"LineString","coordinates":[[138.97016,37.29216],[138.9671,37.28702],[138.9635,37.28216],[138.95846,37.2796],[138.95324,37.27718],[138.94532,37.27634]]}},{"type":"Feature","properties":{"_color":"#3388ff","_opacity":1,"_weight":3},"geometry":{"type":"LineString","coordinates":[[138.96332,37.2876],[138.96098,37.28417],[138.95828,37.28131]]}},{"type":"Feature","properties":{"_color":"#3388ff","_opacity":1,"_weight":3},"geometry":{"type":"LineString","coordinates":[[138.98331,37.27694],[138.97809,37.27209],[138.97269,37.26781]]}},{"type":"Feature","properties":{"_color":"#3388ff","_opacity":1,"_weight":3},"geometry":{"type":"LineString","coordinates":[[138.92145,37.20114],[138.92073,37.19813],[138.92019,37.19627]]}},{"type":"Feature","properties":{"_color":"#3388ff","_opacity":1,"_weight":3},"geometry":{"type":"LineString","coordinates":[[138.92127,37.19484],[138.92127,37.19097],[138.92002,37.18725],[138.91894,37.18482]]}},{"type":"Feature","properties":{"_color":"#3388ff","_opacity":1,"_weight":3},"geometry":{"type":"LineString","coordinates":[[138.92272,37.18424],[138.92164,37.18066],[138.92057,37.1778]]}},{"type":"Feature","properties":{"_color":"#3388ff","_opacity":1,"_weight":3},"geometry":{"type":"LineString","coordinates":[[138.92398,37.17535],[138.92111,37.17006],[138.9177,37.16334],[138.91447,37.15876],[138.91124,37.15619],[138.90855,37.15291],[138.90693,37.14962],[138.9064,37.14604],[138.90586,37.14031],[138.90371,37.13416],[138.89977,37.12915],[138.89887,37.12715],[138.89906,37.12114],[138.89798,37.11756],[138.89601,37.11413],[138.89458,37.10926],[138.88866,37.10397],[138.88489,37.10198]]}},{"type":"Feature","properties":{"_color":"#3388ff","_opacity":1,"_weight":3},"geometry":{"type":"LineString","coordinates":[[138.88003,37.10543],[138.87968,37.10371],[138.87932,37.10242]]}},{"type":"Feature","properties":{"_color":"#3388ff","_opacity":1,"_weight":3},"geometry":{"type":"LineString","coordinates":[[138.88148,37.10113],[138.87519,37.09856],[138.86963,37.09499],[138.86601,37.09277],[138.86439,37.0912],[138.86332,37.08662],[138.86027,37.0839],[138.85974,37.07831]]}},{"type":"Feature","properties":{"_color":"#3388ff","_opacity":1,"_weight":3},"geometry":{"type":"LineString","coordinates":[[138.86265,37.0804],[138.86427,37.07825],[138.86481,37.07682]]}},{"type":"Feature","properties":{"_color":"#3388ff","_opacity":1,"_weight":3},"geometry":{"type":"LineString","coordinates":[[138.88472,37.09596],[138.884,37.0921],[138.88221,37.08738],[138.87952,37.08495]]}},{"type":"Feature","properties":{"_color":"#3388ff","_opacity":1,"_weight":3},"geometry":{"type":"LineString","coordinates":[[138.86769,37.07022],[138.86446,37.06865],[138.86339,37.06493],[138.86088,37.06193],[138.85514,37.05979]]}},{"type":"Feature","properties":{"_color":"#3388ff","_opacity":1,"_weight":3},"geometry":{"type":"LineString","coordinates":[[138.87378,37.08367],[138.87235,37.07981],[138.87217,37.07551],[138.86984,37.07251],[138.86788,37.06807],[138.86465,37.06278],[138.86124,37.06179],[138.85748,37.05793],[138.84851,37.05365],[138.84242,37.04965],[138.8419,37.0402],[138.83885,37.03591],[138.8324,37.03048],[138.829,37.02905],[138.82505,37.02677],[138.81843,37.01833],[138.81235,37.01018],[138.80931,37.00618],[138.80699,37.00117],[138.80423,36.99866],[138.80173,36.99322],[138.79851,36.98907],[138.79888,36.98276],[138.8014,36.9776],[138.80267,36.97115],[138.80061,36.96537],[138.79901,36.96208],[138.79956,36.95721]]}},{"type":"Feature","properties":{"_color":"#3388ff","_opacity":1,"_weight":3},"geometry":{"type":"LineString","coordinates":[[138.79788,36.98371],[138.79431,36.97942],[138.79127,36.97642],[138.79038,36.97183],[138.7886,36.96726],[138.78449,36.9601]]}},{"type":"Feature","properties":{"_color":"#3388ff","_opacity":1,"_weight":3},"geometry":{"type":"LineString","coordinates":[[138.79974,36.95377],[138.80029,36.94876],[138.8003,36.94575],[138.803,36.94217]]}},{"type":"Feature","properties":{"_color":"#3388ff","_opacity":1,"_weight":3},"geometry":{"type":"LineString","coordinates":[[138.80533,36.93872],[138.80731,36.93457],[138.81073,36.92883],[138.81092,36.92353],[138.81111,36.92009]]}},{"type":"Feature","properties":{"_color":"#3388ff","_opacity":1,"_weight":3},"geometry":{"type":"LineString","coordinates":[[138.83312,37.03019],[138.83044,37.02705],[138.82578,37.02133],[138.82418,37.01761],[138.81755,37.01275]]}},{"type":"Feature","properties":{"_color":"#3388ff","_opacity":1,"_weight":3},"geometry":{"type":"LineString","coordinates":[[138.81719,37.01117],[138.81397,37.00803],[138.81147,37.00474],[138.81004,37.00173]]}},{"type":"Feature","properties":{"_color":"#3388ff","_opacity":1,"_weight":3},"geometry":{"type":"LineString","coordinates":[[138.84027,37.04679],[138.83974,37.04221],[138.8392,37.03992],[138.8367,37.03763]]}},{"type":"Feature","properties":{"_color":"#3388ff","_opacity":1,"_weight":3},"geometry":{"type":"LineString","coordinates":[[136.02231,35.48218],[136.02444,35.47338],[136.0256,35.4663],[136.02444,35.45845],[136.02232,35.455],[136.02232,35.44998],[136.02136,35.44149],[136.01885,35.43317],[136.01827,35.42815],[136.0204,35.42265],[136.02368,35.41525],[136.02445,35.41117],[136.02696,35.40598],[136.026,35.40111]]}},{"type":"Feature","properties":{"_color":"#3388ff","_opacity":1,"_weight":3},"geometry":{"type":"LineString","coordinates":[[136.02656,35.41186],[136.02849,35.40714],[136.02868,35.40368],[136.02714,35.39991],[136.02637,35.39599],[136.02733,35.39269],[136.03003,35.38765],[136.03312,35.38136],[136.03274,35.37618],[136.03351,35.37225],[136.03389,35.36895],[136.03177,35.36393]]}},{"type":"Feature","properties":{"_color":"#3388ff","_opacity":1,"_weight":3},"geometry":{"type":"LineString","coordinates":[[136.02966,35.36477],[136.02735,35.35739],[136.02253,35.35144],[136.01271,35.34235],[136.00596,35.33687],[135.99749,35.33437],[135.98959,35.32952],[135.984,35.32529],[135.98246,35.32215],[135.98112,35.31681],[135.97939,35.31383]]}},{"type":"Feature","properties":{"_color":"#3388ff","_opacity":1,"_weight":3},"geometry":{"type":"LineString","coordinates":[[136.03997,35.29157],[136.03265,35.28075],[136.02938,35.27793],[136.0236,35.27622],[136.01783,35.27057],[136.00859,35.25881],[135.99916,35.25303],[135.99089,35.24692],[135.98377,35.23798],[135.97378,35.22575],[135.95956,35.20724],[135.95456,35.20222]]}},{"type":"Feature","properties":{"_color":"#3388ff","_opacity":1,"_weight":3},"geometry":{"type":"LineString","coordinates":[[136.0071,35.27328],[136.00171,35.27282],[135.9969,35.27346],[135.99151,35.273],[135.98593,35.26862],[135.9788,35.26439],[135.97015,35.25985],[135.96168,35.25814]]}},{"type":"Feature","properties":{"_color":"#3388ff","_opacity":1,"_weight":3},"geometry":{"type":"LineString","coordinates":[[135.98458,35.26124],[135.97382,35.25635],[135.96901,35.25501],[135.96306,35.25164],[135.95537,35.24844],[135.94807,35.24609],[135.94288,35.24559]]}},{"type":"Feature","properties":{"_color":"#3388ff","_opacity":1,"_weight":3},"geometry":{"type":"LineString","coordinates":[[135.98151,35.24836],[135.97267,35.23927],[135.96709,35.23205]]}},{"type":"Feature","properties":{"_color":"#3388ff","_opacity":1,"_weight":3},"geometry":{"type":"LineString","coordinates":[[135.98055,35.24946],[135.97343,35.24272],[135.96689,35.23614],[135.96459,35.23269]]}},{"type":"Feature","properties":{"_color":"#3388ff","_opacity":1,"_weight":3},"geometry":{"type":"LineString","coordinates":[[135.95852,35.22345],[135.95429,35.21812],[135.9491,35.21263]]}},{"type":"Feature","properties":{"_color":"#3388ff","_opacity":1,"_weight":3},"geometry":{"type":"LineString","coordinates":[[135.96038,35.21862],[135.95538,35.21502],[135.94557,35.21001]]}},{"type":"Feature","properties":{"_color":"#3388ff","_opacity":1,"_weight":3},"geometry":{"type":"LineString","coordinates":[[135.93412,35.20458],[135.92875,35.19658]]}},{"type":"Feature","properties":{"_color":"#3388ff","_opacity":1,"_weight":3},"geometry":{"type":"LineString","coordinates":[[135.94563,35.23894],[135.93842,35.23646],[135.93576,35.23538],[135.93368,35.23243],[135.93311,35.22932],[135.93236,35.22714],[135.92629,35.22311],[135.92477,35.22031],[135.91927,35.21721],[135.91738,35.21504],[135.91662,35.21333],[135.91663,35.21022],[135.91606,35.20711],[135.91095,35.20152],[135.90469,35.19717],[135.89749,35.19019],[135.89371,35.18724],[135.89106,35.18289],[135.88632,35.17823],[135.88367,35.17388],[135.88311,35.16999]]}},{"type":"Feature","properties":{"_color":"#3388ff","_opacity":1,"_weight":3},"geometry":{"type":"LineString","coordinates":[[135.91291,35.18206],[135.91368,35.1786],[135.91523,35.17247],[135.91755,35.16666],[135.92082,35.16398],[135.92083,35.15974],[135.92295,35.15534]]}},{"type":"Feature","properties":{"_color":"#3388ff","_opacity":1,"_weight":3},"geometry":{"type":"LineString","coordinates":[[135.92258,35.15323],[135.92239,35.14852]]}},{"type":"Feature","properties":{"_color":"#3388ff","_opacity":1,"_weight":3},"geometry":{"type":"LineString","coordinates":[[135.92451,35.14759],[135.92523,35.14342]]}},{"type":"Feature","properties":{"_color":"#3388ff","_opacity":1,"_weight":3},"geometry":{"type":"LineString","coordinates":[[135.92286,35.14735],[135.92363,35.14327],[135.92306,35.14028],[135.92268,35.13557],[135.92327,35.13054],[135.9202,35.12709],[135.91501,35.12396]]}},{"type":"Feature","properties":{"_color":"#3388ff","_opacity":1,"_weight":3},"geometry":{"type":"LineString","coordinates":[[135.91991,35.13365],[135.91818,35.12831],[135.91224,35.12313]]}},{"type":"Feature","properties":{"_color":"#3388ff","_opacity":1,"_weight":3},"geometry":{"type":"LineString","coordinates":[[135.91574,35.13506],[135.91268,35.12894]]}},{"type":"Feature","properties":{"_color":"#3388ff","_opacity":1,"_weight":3},"geometry":{"type":"LineString","coordinates":[[135.90946,35.12785],[135.90759,35.12386]]}},{"type":"Feature","properties":{"_color":"#3388ff","_opacity":1,"_weight":3},"geometry":{"type":"LineString","coordinates":[[135.91301,35.12612],[135.90915,35.12131],[135.908,35.11308],[135.90801,35.10888],[135.90454,35.10376],[135.89838,35.09351],[135.88738,35.08172],[135.88431,35.07474]]}},{"type":"Feature","properties":{"_color":"#3388ff","_opacity":1,"_weight":3},"geometry":{"type":"LineString","coordinates":[[135.86628,35.07608],[135.86785,35.06398],[135.86652,35.05377]]}},{"type":"Feature","properties":{"_color":"#3388ff","_opacity":1,"_weight":3},"geometry":{"type":"LineString","coordinates":[[135.86325,35.0566],[135.86058,35.05],[135.85694,35.04686],[135.85368,35.04388],[135.85351,35.03619],[135.85468,35.02754],[135.85316,35.02079]]}},{"type":"Feature","properties":{"_color":"#3388ff","_opacity":1,"_weight":3},"geometry":{"type":"LineString","coordinates":[[135.8545,35.01503],[135.85605,35.01015],[135.86105,35.00512]]}},{"type":"Feature","properties":{"_color":"#3388ff","_opacity":1,"_weight":3},"geometry":{"type":"LineString","coordinates":[[135.87026,35.00134],[135.87929,34.99583]]}},{"type":"Feature","properties":{"_color":"#3388ff","_opacity":1,"_weight":3},"geometry":{"type":"LineString","coordinates":[[135.87929,35.00336],[135.88179,35.00006],[135.88276,34.99456]]}},{"type":"Feature","properties":{"_color":"#3388ff","_opacity":1,"_weight":3},"geometry":{"type":"LineString","coordinates":[[135.88391,34.99462],[135.88584,34.99132],[135.88508,34.98833],[135.8847,34.98613],[135.88623,34.98378]]}},{"type":"Feature","properties":{"_color":"#3388ff","_opacity":1,"_weight":3},"geometry":{"type":"LineString","coordinates":[[135.88616,34.98734],[135.88944,34.97995],[135.8904,34.97727],[135.89003,34.97115],[135.89138,34.96706],[135.89312,34.9636]]}},{"type":"Feature","properties":{"_color":"#3388ff","_opacity":1,"_weight":3},"geometry":{"type":"LineString","coordinates":[[125.24345,24.92812],[125.24686,24.9239]]}},{"type":"Feature","properties":{"_color":"#3388ff","_opacity":1,"_weight":3},"geometry":{"type":"LineString","coordinates":[[125.26287,24.90496],[125.26607,24.90293],[125.26807,24.90274],[125.27228,24.90274]]}},{"type":"Feature","properties":{"_color":"#3388ff","_opacity":1,"_weight":3},"geometry":{"type":"LineString","coordinates":[[125.27998,24.89575],[125.28028,24.89262],[125.28198,24.88702],[125.28318,24.88298],[125.28358,24.88115],[125.28468,24.88041],[125.28668,24.87628],[125.28918,24.87324],[125.29158,24.87131],[125.29227,24.86929],[125.29397,24.86736],[125.29557,24.86589],[125.29737,24.86212],[125.29977,24.8589],[125.30177,24.85651],[125.30307,24.85568],[125.30307,24.85449],[125.30257,24.85367],[125.30397,24.84926],[125.30536,24.84788],[125.30656,24.8454],[125.30886,24.84301]]}},{"type":"Feature","properties":{"_color":"#3388ff","_opacity":1,"_weight":3},"geometry":{"type":"LineString","coordinates":[[125.29549,24.87892],[125.29809,24.8735],[125.30368,24.86458],[125.30478,24.86164]]}},{"type":"Feature","properties":{"_color":"#3388ff","_opacity":1,"_weight":3},"geometry":{"type":"LineString","coordinates":[[125.29315,24.84479],[125.29695,24.84331],[125.30205,24.8411],[125.30455,24.83926],[125.30816,24.8375],[125.31056,24.83557]]}},{"type":"Feature","properties":{"_color":"#3388ff","_opacity":1,"_weight":3},"geometry":{"type":"LineString","coordinates":[[125.29444,24.83781],[125.29954,24.83266],[125.30264,24.82861],[125.30574,24.82558],[125.30753,24.82007],[125.30743,24.81778],[125.30823,24.81236],[125.31062,24.80703]]}},{"type":"Feature","properties":{"_color":"#3388ff","_opacity":1,"_weight":3},"geometry":{"type":"LineString","coordinates":[[125.29803,24.8234],[125.30263,24.81724],[125.30682,24.80998]]}},{"type":"Feature","properties":{"_color":"#3388ff","_opacity":1,"_weight":3},"geometry":{"type":"LineString","coordinates":[[125.28073,24.84307],[125.28243,24.84077],[125.28263,24.83738],[125.28262,24.83261],[125.28532,24.82691],[125.28932,24.82204]]}},{"type":"Feature","properties":{"_color":"#3388ff","_opacity":1,"_weight":3},"geometry":{"type":"LineString","coordinates":[[125.29144,24.83396],[125.29133,24.8313],[125.29063,24.82699],[125.29092,24.82249],[125.29372,24.81716],[125.29732,24.8144],[125.29872,24.80991],[125.30001,24.80715],[125.30051,24.80164],[125.30151,24.79934],[125.3034,24.79769],[125.305,24.79447]]}},{"type":"Feature","properties":{"_color":"#3388ff","_opacity":1,"_weight":3},"geometry":{"type":"LineString","coordinates":[[125.31512,24.8062],[125.31622,24.80078],[125.31711,24.79683]]}},{"type":"Feature","properties":{"_color":"#3388ff","_opacity":1,"_weight":3},"geometry":{"type":"LineString","coordinates":[[125.30661,24.79566],[125.308,24.79153],[125.3101,24.7851]]}},{"type":"Feature","properties":{"_color":"#3388ff","_opacity":1,"_weight":3},"geometry":{"type":"LineString","coordinates":[[125.3132,24.78509],[125.31409,24.78197],[125.31619,24.77949],[125.31749,24.77609]]}},{"type":"Feature","properties":{"_color":"#3388ff","_opacity":1,"_weight":3},"geometry":{"type":"LineString","coordinates":[[125.31932,24.7971],[125.32241,24.79333],[125.32411,24.78901],[125.3263,24.78359],[125.3282,24.7813],[125.33,24.78037]]}},{"type":"Feature","properties":{"_color":"#3388ff","_opacity":1,"_weight":3},"geometry":{"type":"LineString","coordinates":[[125.32109,24.77911],[125.32609,24.77047],[125.32718,24.76432],[125.32887,24.76037],[125.33296,24.7533],[125.33606,24.75099],[125.34086,24.74786]]}},{"type":"Feature","properties":{"_color":"#3388ff","_opacity":1,"_weight":3},"geometry":{"type":"LineString","coordinates":[[125.33886,24.74787],[125.34275,24.74382],[125.34435,24.74042],[125.34934,24.73233]]}},{"type":"Feature","properties":{"_color":"#3388ff","_opacity":1,"_weight":3},"geometry":{"type":"LineString","coordinates":[[125.34614,24.73482],[125.34784,24.73243],[125.34893,24.72894]]}},{"type":"Feature","properties":{"_color":"#3388ff","_opacity":1,"_weight":3},"geometry":{"type":"LineString","coordinates":[[125.34694,24.73482],[125.35213,24.72875],[125.35753,24.7247]]}},{"type":"Feature","properties":{"_color":"#3388ff","_opacity":1,"_weight":3},"geometry":{"type":"LineString","coordinates":[[125.35722,24.78489],[125.36132,24.78351],[125.36342,24.7813],[125.36531,24.7756],[125.36629,24.76588]]}},{"type":"Feature","properties":{"_color":"#3388ff","_opacity":1,"_weight":3},"geometry":{"type":"LineString","coordinates":[[125.35353,24.78903],[125.35582,24.78416],[125.35741,24.77902],[125.35731,24.77673],[125.3591,24.77067],[125.3614,24.76827],[125.36219,24.76589],[125.36659,24.76376],[125.36919,24.7611],[125.37159,24.75944],[125.37508,24.75521],[125.37878,24.75226],[125.38117,24.74987],[125.38227,24.74638]]}},{"type":"Feature","properties":{"_color":"#3388ff","_opacity":1,"_weight":3},"geometry":{"type":"LineString","coordinates":[[125.38357,24.74702],[125.38636,24.7438],[125.38876,24.74251],[125.38986,24.73911],[125.39035,24.73727],[125.39295,24.73405],[125.39414,24.73129]]}},{"type":"Feature","properties":{"_color":"#3388ff","_opacity":1,"_weight":3},"geometry":{"type":"LineString","coordinates":[[125.39147,24.74461],[125.39236,24.74259],[125.39356,24.74029]]}},{"type":"Feature","properties":{"_color":"#3388ff","_opacity":1,"_weight":3},"geometry":{"type":"LineString","coordinates":[[125.39486,24.74102],[125.39685,24.73734],[125.39775,24.73422],[125.40035,24.73265],[125.40204,24.73118]]}},{"type":"Feature","properties":{"_color":"#3388ff","_opacity":1,"_weight":3},"geometry":{"type":"LineString","coordinates":[[125.39975,24.73715],[125.40235,24.73357],[125.40424,24.73117]]}},{"type":"Feature","properties":{"_color":"#3388ff","_opacity":1,"_weight":3},"geometry":{"type":"LineString","coordinates":[[125.32791,24.78726],[125.3304,24.78212],[125.3314,24.77899],[125.3388,24.77347],[125.34319,24.77107],[125.34679,24.76749],[125.34959,24.76573],[125.35188,24.7616],[125.35428,24.75875],[125.35877,24.75452],[125.36087,24.75121],[125.36347,24.74836],[125.36556,24.74624],[125.36806,24.74146],[125.37335,24.7353]]}},{"type":"Feature","properties":{"_color":"#3388ff","_opacity":1,"_weight":3},"geometry":{"type":"LineString","coordinates":[[125.37225,24.73851],[125.37604,24.73318]]}},{"type":"Feature","properties":{"_color":"#3388ff","_opacity":1,"_weight":3},"geometry":{"type":"LineString","coordinates":[[125.37665,24.73437],[125.37894,24.73042],[125.38134,24.7294],[125.38313,24.72701]]}},{"type":"Feature","properties":{"_color":"#3388ff","_opacity":1,"_weight":3},"geometry":{"type":"LineString","coordinates":[[125.38343,24.72665],[125.38753,24.72287],[125.38915,24.7198]]}},{"type":"Feature","properties":{"_color":"#3388ff","_opacity":1,"_weight":3},"geometry":{"type":"LineString","coordinates":[[125.35923,24.72469],[125.36222,24.72083],[125.36604,24.71665]]}},{"type":"Feature","properties":{"_color":"#3388ff","_opacity":1,"_weight":3},"geometry":{"type":"LineString","coordinates":[[125.31342,24.72038],[125.31438,24.71278],[125.31435,24.70421]]}},{"type":"Feature","properties":{"_color":"#3388ff","_opacity":1,"_weight":3},"geometry":{"type":"LineString","coordinates":[[125.29579,24.72585],[125.29804,24.71933],[125.30266,24.71054],[125.30867,24.70381]]}},{"type":"Feature","properties":{"_color":"#3388ff","_opacity":1,"_weight":3},"geometry":{"type":"LineString","coordinates":[[125.31107,24.73243],[125.3115,24.72779],[125.31321,24.72137]]}},{"type":"Feature","properties":{"_color":"#3388ff","_opacity":1,"_weight":3},"geometry":{"type":"LineString","coordinates":[[125.29999,24.73275],[125.30332,24.72939],[125.3059,24.72494],[125.31019,24.71901]]}},{"type":"Feature","properties":{"_color":"#3388ff","_opacity":1,"_weight":3},"geometry":{"type":"LineString","coordinates":[[125.28666,24.7388],[125.28902,24.73435],[125.293,24.73138]]}},{"type":"Feature","properties":{"_color":"#3388ff","_opacity":1,"_weight":3},"geometry":{"type":"LineString","coordinates":[[125.24082,24.73228],[125.24437,24.73168],[125.24781,24.72901],[125.25243,24.72673],[125.25469,24.72357],[125.25566,24.71675]]}},{"type":"Feature","properties":{"_color":"#3388ff","_opacity":1,"_weight":3},"geometry":{"type":"LineString","coordinates":[[125.28334,24.7622],[125.28593,24.76032],[125.29216,24.75952]]}},{"type":"Feature","properties":{"_color":"#3388ff","_opacity":1,"_weight":3},"geometry":{"type":"LineString","coordinates":[[125.25572,24.7974],[125.26196,24.79423],[125.26368,24.79284],[125.26432,24.79028]]}},{"type":"Feature","properties":{"_color":"#3388ff","_opacity":1,"_weight":3},"geometry":{"type":"LineString","coordinates":[[125.25668,24.7892],[125.2598,24.78693]]}},{"type":"Feature","properties":{"_color":"#3388ff","_opacity":1,"_weight":3},"geometry":{"type":"LineString","coordinates":[[125.26498,24.80054],[125.26939,24.79984],[125.27229,24.80013],[125.27649,24.79894],[125.27939,24.79439],[125.2824,24.78806],[125.28487,24.78303]]}},{"type":"Feature","properties":{"_color":"#3388ff","_opacity":1,"_weight":3},"geometry":{"type":"LineString","coordinates":[[125.28338,24.79813],[125.28585,24.79674],[125.28639,24.79566],[125.28714,24.79516]]}},{"type":"Feature","properties":{"_color":"#3388ff","_opacity":1,"_weight":3},"geometry":{"type":"LineString","coordinates":[[125.28983,24.79407],[125.29145,24.79199]]}},{"type":"Feature","properties":{"_color":"#3388ff","_opacity":1,"_weight":3},"geometry":{"type":"LineString","coordinates":[[125.2116,24.82492],[125.21461,24.82097],[125.21827,24.8182],[125.22139,24.81474]]}},{"type":"Feature","properties":{"_color":"#3388ff","_opacity":1,"_weight":3},"geometry":{"type":"LineString","coordinates":[[125.22192,24.81424],[125.22846,24.80931],[125.23675,24.80505],[125.2445,24.80129],[125.2541,24.7978]]}},{"type":"Feature","properties":{"_color":"#3388ff","_opacity":1,"_weight":3},"geometry":{"type":"LineString","coordinates":[[125.24084,24.80189],[125.24665,24.79704],[125.25356,24.79049],[125.26119,24.7815]]}},{"type":"Feature","properties":{"_color":"#3388ff","_opacity":1,"_weight":3},"geometry":{"type":"LineString","coordinates":[[125.18583,24.79162],[125.20111,24.77511],[125.2123,24.76393],[125.22069,24.75355],[125.2308,24.74209],[125.23964,24.73485]]}},{"type":"Feature","properties":{"_color":"#3388ff","_opacity":1,"_weight":3},"geometry":{"type":"LineString","coordinates":[[141.70441,42.87626],[141.70323,42.85297],[141.70564,42.83285],[141.72967,42.78487],[141.74207,42.76275],[141.74527,42.75787],[141.77963,42.7234],[141.7904,42.7122]]}},{"type":"Feature","properties":{"_color":"#3388ff","_opacity":1,"_weight":3},"geometry":{"type":"LineString","coordinates":[[141.88743,43.3263],[141.87892,43.31366],[141.87447,43.30734],[141.87163,43.29843],[141.86718,43.29153],[141.85183,43.27831]]}},{"type":"Feature","properties":{"_color":"#3388ff","_opacity":1,"_weight":3},"geometry":{"type":"LineString","coordinates":[[141.84658,43.28845],[141.81752,43.26718],[141.80502,43.25683],[141.78888,43.23067],[141.77396,43.20392],[141.7671,43.18869],[141.75945,43.16683],[141.75059,43.14527],[141.74455,43.12485],[141.74053,43.10559],[141.73892,43.09984]]}},{"type":"Feature","properties":{"_color":"#3388ff","_opacity":1,"_weight":3},"geometry":{"type":"LineString","coordinates":[[141.74653,43.09948],[141.7409,43.08682],[141.73407,43.07331]]}},{"type":"Feature","properties":{"_color":"#3388ff","_opacity":1,"_weight":3},"geometry":{"type":"LineString","coordinates":[[141.72181,43.067],[141.71458,43.05262],[141.71378,43.0417],[141.70897,43.03594],[141.70737,43.01496],[141.70658,42.9911],[141.71061,42.96494],[141.71383,42.94253],[141.72185,42.92299]]}},{"type":"Feature","properties":{"_color":"#3388ff","_opacity":1,"_weight":3},"geometry":{"type":"LineString","coordinates":[[141.73849,43.05377],[141.73609,43.04773],[141.73408,43.02961],[141.73449,43.01294],[141.7389,42.99857]]}},{"type":"Feature","properties":{"_color":"#3388ff","_opacity":1,"_weight":3},"geometry":{"type":"LineString","coordinates":[[141.76299,43.05034],[141.76138,43.042],[141.76178,43.03165],[141.76339,43.01958]]}},{"type":"Feature","properties":{"_color":"#3388ff","_opacity":1,"_weight":3},"geometry":{"type":"LineString","coordinates":[[141.78065,43.02362],[141.78465,43.0035],[141.78344,42.99344],[141.78585,42.9874],[141.78705,42.98194],[141.79185,42.97418],[141.79506,42.96786],[141.79546,42.96326]]}},{"type":"Feature","properties":{"_color":"#3388ff","_opacity":1,"_weight":3},"geometry":{"type":"LineString","coordinates":[[141.81307,43.09198],[141.81186,43.08738],[141.81065,43.08364],[141.81265,43.07387],[141.81344,43.06352],[141.81102,43.05691],[141.80298,43.04972]]}},{"type":"Feature","properties":{"_color":"#3388ff","_opacity":1,"_weight":3},"geometry":{"type":"LineString","coordinates":[[141.7118,42.9382],[141.71261,42.91147],[141.71903,42.89164],[141.73986,42.86464],[141.75587,42.84425],[141.75947,42.83879],[141.76027,42.82815],[141.76026,42.81665],[141.76506,42.80717],[141.76426,42.79998],[141.76505,42.78504],[141.76825,42.7721],[141.77584,42.76118],[141.77943,42.754],[141.78742,42.7471],[141.78901,42.74164],[141.79341,42.73762]]}},{"type":"Feature","properties":{"_color":"#3388ff","_opacity":1,"_weight":3},"geometry":{"type":"LineString","coordinates":[[141.78878,42.7632],[141.78119,42.77038]]}},{"type":"Feature","properties":{"_color":"#3388ff","_opacity":1,"_weight":3},"geometry":{"type":"LineString","coordinates":[[141.77678,42.76984],[141.77199,42.78306],[141.7676,42.79744],[141.76721,42.81267],[141.76641,42.82072]]}},{"type":"Feature","properties":{"_color":"#3388ff","_opacity":1,"_weight":3},"geometry":{"type":"LineString","coordinates":[[141.74628,42.86858],[141.75429,42.85277],[141.76229,42.84358],[141.76309,42.83668],[141.76789,42.82519],[141.77108,42.81656],[141.77588,42.79903],[141.77907,42.78524],[141.77986,42.78035],[141.78785,42.76972],[141.80023,42.75621]]}},{"type":"Feature","properties":{"_color":"#3388ff","_opacity":1,"_weight":3},"geometry":{"type":"LineString","coordinates":[[141.77335,42.82658],[141.77934,42.80703]]}},{"type":"Feature","properties":{"_color":"#3388ff","_opacity":1,"_weight":3},"geometry":{"type":"LineString","coordinates":[[141.71587,42.89883],[141.71269,42.84363]]}},{"type":"Feature","properties":{"_color":"#3388ff","_opacity":1,"_weight":3},"geometry":{"type":"LineString","coordinates":[[141.72763,42.87656],[141.73204,42.8642]]}},{"type":"Feature","properties":{"_color":"#3388ff","_opacity":1,"_weight":3},"geometry":{"type":"LineString","coordinates":[[141.72364,42.92181],[141.73366,42.904]]}},{"type":"Feature","properties":{"_color":"#3388ff","_opacity":1,"_weight":3},"geometry":{"type":"LineString","coordinates":[[141.73126,42.93044],[141.73446,42.91607]]}},{"type":"Feature","properties":{"_color":"#3388ff","_opacity":1,"_weight":3},"geometry":{"type":"LineString","coordinates":[[141.78805,43.21617],[141.7828,43.20151],[141.78158,43.19288],[141.77554,43.18426],[141.77393,43.1788],[141.77191,43.16873]]}},{"type":"Feature","properties":{"_color":"#3388ff","_opacity":1,"_weight":3},"geometry":{"type":"LineString","coordinates":[[141.78932,43.18388],[141.78813,43.20256],[141.79217,43.21952]]}},{"type":"Feature","properties":{"_color":"#3388ff","_opacity":1,"_weight":3},"geometry":{"type":"LineString","coordinates":[[141.81067,43.21852],[141.80985,43.20904]]}},{"type":"Feature","properties":{"_color":"#3388ff","_opacity":1,"_weight":3},"geometry":{"type":"LineString","coordinates":[[141.80703,43.20501],[141.80622,43.19725]]}},{"type":"Feature","properties":{"_color":"#3388ff","_opacity":1,"_weight":3},"geometry":{"type":"LineString","coordinates":[[141.82082,43.22503],[141.82482,43.20318],[141.8248,43.19053],[141.82036,43.18133],[141.81833,43.16983],[141.81026,43.15489],[141.80623,43.14281],[141.80339,43.12125],[141.80498,43.10803],[141.80658,43.09941]]}},{"type":"Feature","properties":{"_color":"#3388ff","_opacity":1,"_weight":3},"geometry":{"type":"LineString","coordinates":[[141.7945,43.14982],[141.79328,43.13918]]}},{"type":"Feature","properties":{"_color":"#3388ff","_opacity":1,"_weight":3},"geometry":{"type":"LineString","coordinates":[[141.7631,43.15345],[141.75907,43.14022],[141.75906,43.12125],[141.75303,43.09595]]}},{"type":"Feature","properties":{"_color":"#3388ff","_opacity":1,"_weight":3},"geometry":{"type":"LineString","coordinates":[[141.75797,42.6975],[141.77152,42.66682],[141.79228,42.64532],[141.8365,42.62286],[141.85857,42.60458],[141.87096,42.5823],[141.88133,42.55162],[141.90512,42.5186],[141.92624,42.48887],[141.92858,42.45897],[141.91932,42.41722],[141.91038,42.40361]]}},{"type":"Feature","properties":{"_color":"#3388ff","_opacity":1,"_weight":3},"geometry":{"type":"LineString","coordinates":[[141.75198,42.61317],[141.77789,42.59474],[141.78207,42.58017],[141.79244,42.56636],[141.80072,42.56021],[141.81731,42.53795],[141.82871,42.51877],[141.86285,42.47884],[141.88913,42.45179],[141.89533,42.44315],[141.89862,42.43859],[141.90288,42.42842]]}},{"type":"Feature","properties":{"_color":"#3388ff","_opacity":1,"_weight":3},"geometry":{"type":"LineString","coordinates":[[130.97986,32.87288],[130.96569,32.86299],[130.94585,32.85251],[130.93239,32.84378]]}},{"type":"Feature","properties":{"_color":"#3388ff","_opacity":1,"_weight":3},"geometry":{"type":"LineString","coordinates":[[130.93829,32.82732],[130.9259,32.82268],[130.9121,32.81833]]}},{"type":"Feature","properties":{"_color":"#3388ff","_opacity":1,"_weight":3},"geometry":{"type":"LineString","coordinates":[[130.90978,32.81422],[130.90376,32.80663],[130.89632,32.80139],[130.88748,32.79848],[130.88359,32.79762]]}},{"type":"Feature","properties":{"_color":"#3388ff","_opacity":1,"_weight":3},"geometry":{"type":"LineString","coordinates":[[130.92247,32.83942],[130.90902,32.82951],[130.89202,32.82019],[130.88388,32.8167],[130.87539,32.81087],[130.87079,32.80884],[130.86088,32.80593],[130.85593,32.80243],[130.84814,32.79514],[130.83717,32.78609],[130.81913,32.77385]]}},{"type":"Feature","properties":{"_color":"#3388ff","_opacity":1,"_weight":3},"geometry":{"type":"LineString","coordinates":[[130.85115,32.79963],[130.83842,32.79293],[130.82462,32.78564],[130.80694,32.77924]]}},{"type":"Feature","properties":{"_color":"#3388ff","_opacity":1,"_weight":3},"geometry":{"type":"LineString","coordinates":[[130.80199,32.76258],[130.77759,32.75004]]}},{"type":"Feature","properties":{"_color":"#3388ff","_opacity":1,"_weight":3},"geometry":{"type":"LineString","coordinates":[[130.80482,32.76023],[130.79421,32.75177],[130.78749,32.74798],[130.77477,32.74361]]}},{"type":"Feature","properties":{"_color":"#3388ff","_opacity":1,"_weight":3},"geometry":{"type":"LineString","coordinates":[[130.80552,32.75672],[130.79103,32.73043]]}},{"type":"Feature","properties":{"_color":"#3388ff","_opacity":1,"_weight":3},"geometry":{"type":"LineString","coordinates":[[130.81153,32.75671],[130.80481,32.7424]]}},{"type":"Feature","properties":{"_color":"#3388ff","_opacity":1,"_weight":3},"geometry":{"type":"LineString","coordinates":[[130.78679,32.71479],[130.77832,32.6955]]}},{"type":"Feature","properties":{"_color":"#3388ff","_opacity":1,"_weight":3},"geometry":{"type":"LineString","coordinates":[[130.77421,32.69322],[130.77174,32.68766]]}},{"type":"Feature","properties":{"_color":"#3388ff","_opacity":1,"_weight":3},"geometry":{"type":"LineString","coordinates":[[130.7258,32.55358],[130.73991,32.55941],[130.75119,32.56993],[130.77094,32.59038],[130.78082,32.60089],[130.79564,32.60906]]}},{"type":"Feature","properties":{"_color":"#3388ff","_opacity":1,"_weight":3},"geometry":{"type":"LineString","coordinates":[[130.73654,32.55557],[130.68018,32.50005]]}},{"type":"Feature","properties":{"_color":"#3388ff","_opacity":1,"_weight":3},"geometry":{"type":"LineString","coordinates":[[130.66491,32.50852],[130.68675,32.51904],[130.6931,32.52313]]}},{"type":"Feature","properties":{"_color":"#3388ff","_opacity":1,"_weight":3},"geometry":{"type":"LineString","coordinates":[[130.69762,32.52636],[130.7103,32.53688]]}},{"type":"Feature","properties":{"_color":"#3388ff","_opacity":1,"_weight":3},"geometry":{"type":"LineString","coordinates":[[130.76882,32.68334],[130.75964,32.67166],[130.75541,32.65996],[130.75329,32.65353],[130.74694,32.64418],[130.73777,32.6284],[130.72932,32.6132],[130.71874,32.59742],[130.70887,32.5869],[130.69406,32.57872],[130.69125,32.56995],[130.68421,32.55709],[130.68069,32.55124]]}},{"type":"Feature","properties":{"_color":"#3388ff","_opacity":1,"_weight":3},"geometry":{"type":"LineString","coordinates":[[130.67688,32.54367],[130.66351,32.52262],[130.65506,32.51326],[130.63465,32.49221],[130.61143,32.47407],[130.59807,32.45828],[130.5812,32.44248],[130.56221,32.42961],[130.539,32.41556],[130.52917,32.40619],[130.51301,32.39448],[130.49825,32.38335]]}},{"type":"Feature","properties":{"_color":"#3388ff","_opacity":1,"_weight":3},"geometry":{"type":"LineString","coordinates":[[130.52076,32.39239],[130.49831,32.36897]]}},{"type":"Feature","properties":{"_color":"#3388ff","_opacity":1,"_weight":3},"geometry":{"type":"LineString","coordinates":[[130.53641,33.3157],[130.55411,33.31252],[130.56287,33.31049],[130.57163,33.30729],[130.57653,33.3051],[130.58213,33.30161]]}},{"type":"Feature","properties":{"_color":"#3388ff","_opacity":1,"_weight":3},"geometry":{"type":"LineString","coordinates":[[130.5397,33.31088],[130.55655,33.31121]]}},{"type":"Feature","properties":{"_color":"#3388ff","_opacity":1,"_weight":3},"geometry":{"type":"LineString","coordinates":[[130.5734,33.3108],[130.57988,33.30862],[130.58391,33.30761],[130.58918,33.30718]]}},{"type":"Feature","properties":{"_color":"#3388ff","_opacity":1,"_weight":3},"geometry":{"type":"LineString","coordinates":[[130.59356,33.30689],[130.59549,33.30704]]}},{"type":"Feature","properties":{"_color":"#3388ff","_opacity":1,"_weight":3},"geometry":{"type":"LineString","coordinates":[[130.59683,33.30806],[130.60227,33.30792]]}},{"type":"Feature","properties":{"_color":"#3388ff","_opacity":1,"_weight":3},"geometry":{"type":"LineString","coordinates":[[130.60603,33.30852],[130.61496,33.30634]]}},{"type":"Feature","properties":{"_color":"#3388ff","_opacity":1,"_weight":3},"geometry":{"type":"LineString","coordinates":[[130.61824,33.30518],[130.62651,33.30972],[130.63267,33.31324],[130.63549,33.31456],[130.63883,33.31558],[130.64498,33.31676],[130.64849,33.31779],[130.65201,33.31882],[130.65587,33.31955],[130.66711,33.31986]]}},{"type":"Feature","properties":{"_color":"#3388ff","_opacity":1,"_weight":3},"geometry":{"type":"LineString","coordinates":[[130.67312,33.31942],[130.69242,33.32003],[130.69506,33.32105],[130.69753,33.32252],[130.70017,33.32354],[130.7028,33.32427],[130.70947,33.32413]]}},{"type":"Feature","properties":{"_color":"#3388ff","_opacity":1,"_weight":3},"geometry":{"type":"LineString","coordinates":[[130.71369,33.32487],[130.72334,33.32487],[130.72807,33.32444],[130.73437,33.32181],[130.73769,33.31933],[130.7396,33.31743],[130.74134,33.3148]]}},{"type":"Feature","properties":{"_color":"#3388ff","_opacity":1,"_weight":3},"geometry":{"type":"LineString","coordinates":[[130.74014,33.31831],[130.74364,33.31816],[130.74662,33.31685]]}},{"type":"Feature","properties":{"_color":"#3388ff","_opacity":1,"_weight":3},"geometry":{"type":"LineString","coordinates":[[130.7411,33.33029],[130.74777,33.33059]]}},{"type":"Feature","properties":{"_color":"#3388ff","_opacity":1,"_weight":3},"geometry":{"type":"LineString","coordinates":[[130.74758,33.3281],[130.7567,33.32811]]}},{"type":"Feature","properties":{"_color":"#3388ff","_opacity":1,"_weight":3},"geometry":{"type":"LineString","coordinates":[[130.76106,33.32401],[130.76597,33.32402],[130.76984,33.32475]]}},{"type":"Feature","properties":{"_color":"#3388ff","_opacity":1,"_weight":3},"geometry":{"type":"LineString","coordinates":[[130.77266,33.3265],[130.77598,33.32431],[130.77861,33.32416],[130.78353,33.32504]]}},{"type":"Feature","properties":{"_color":"#3388ff","_opacity":1,"_weight":3},"geometry":{"type":"LineString","coordinates":[[130.80054,33.32446],[130.81076,33.32855]]}},{"type":"Feature","properties":{"_color":"#3388ff","_opacity":1,"_weight":3},"geometry":{"type":"LineString","coordinates":[[130.44492,32.13813],[130.40212,32.08181],[130.35194,32.03426]]}},{"type":"Feature","properties":{"_color":"#3388ff","_opacity":1,"_weight":3},"geometry":{"type":"LineString","coordinates":[[130.36818,32.05929],[130.32389,32.03176],[130.28404,32.01175]]}},{"type":"Feature","properties":{"_color":"#3388ff","_opacity":1,"_weight":3},"geometry":{"type":"LineString","coordinates":[[130.48376,33.84176],[130.49101,33.83135],[130.49525,33.82643],[130.5049,33.8143]]}},{"type":"Feature","properties":{"_color":"#3388ff","_opacity":1,"_weight":3},"geometry":{"type":"LineString","coordinates":[[130.49205,33.8221],[130.49553,33.81757],[130.4984,33.81354],[130.50113,33.8095],[130.50552,33.80383]]}},{"type":"Feature","properties":{"_color":"#3388ff","_opacity":1,"_weight":3},"geometry":{"type":"LineString","coordinates":[[130.50658,33.80194],[130.509,33.79917],[130.51187,33.79678]]}},{"type":"Feature","properties":{"_color":"#3388ff","_opacity":1,"_weight":3},"geometry":{"type":"LineString","coordinates":[[130.48325,33.79971],[130.48995,33.79371],[130.49717,33.78856],[130.51006,33.78169],[130.52501,33.7744]]}},{"type":"Feature","properties":{"_color":"#3388ff","_opacity":1,"_weight":3},"geometry":{"type":"LineString","coordinates":[[130.51324,33.79552],[130.51641,33.79225],[130.51808,33.79023],[130.51974,33.78834],[130.52065,33.78632]]}},{"type":"Feature","properties":{"_color":"#3388ff","_opacity":1,"_weight":3},"geometry":{"type":"LineString","coordinates":[[130.52171,33.78481],[130.52201,33.78191],[130.52261,33.77964],[130.52352,33.77687]]}},{"type":"Feature","properties":{"_color":"#3388ff","_opacity":1,"_weight":3},"geometry":{"type":"LineString","coordinates":[[130.52413,33.77548],[130.52609,33.77182],[130.5276,33.76955],[130.52942,33.76754],[130.53139,33.76514],[130.53366,33.76326]]}},{"type":"Feature","properties":{"_color":"#3388ff","_opacity":1,"_weight":3},"geometry":{"type":"LineString","coordinates":[[130.53547,33.76149],[130.53865,33.75746],[130.54046,33.75544],[130.54318,33.75406],[130.5456,33.75268],[130.54711,33.75192],[130.54893,33.7499],[130.55089,33.7465],[130.55301,33.74297],[130.55557,33.73957],[130.55845,33.73654],[130.56101,33.73453],[130.56358,33.73163],[130.56585,33.72861],[130.56812,33.72495],[130.56963,33.72192],[130.57144,33.71852],[130.57461,33.71247]]}},{"type":"Feature","properties":{"_color":"#3388ff","_opacity":1,"_weight":3},"geometry":{"type":"LineString","coordinates":[[130.56238,33.74336],[130.56586,33.73958],[130.56707,33.7382],[130.57145,33.73416],[130.57311,33.73227],[130.57825,33.72774],[130.58687,33.71434],[130.59409,33.70276]]}},{"type":"Feature","properties":{"_color":"#3388ff","_opacity":1,"_weight":3},"geometry":{"type":"LineString","coordinates":[[130.57642,33.71032],[130.57944,33.70629],[130.58216,33.70302]]}},{"type":"Feature","properties":{"_color":"#3388ff","_opacity":1,"_weight":3},"geometry":{"type":"LineString","coordinates":[[130.58533,33.70833],[130.58926,33.70063],[130.59062,33.69861]]}},{"type":"Feature","properties":{"_color":"#3388ff","_opacity":1,"_weight":3},"geometry":{"type":"LineString","coordinates":[[130.58412,33.70087],[130.58669,33.6981],[130.58805,33.69646],[130.58925,33.69419]]}},{"type":"Feature","properties":{"_color":"#3388ff","_opacity":1,"_weight":3},"geometry":{"type":"LineString","coordinates":[[130.59031,33.69268],[130.59167,33.68915],[130.59242,33.68612],[130.59318,33.6841]]}},{"type":"Feature","properties":{"_color":"#3388ff","_opacity":1,"_weight":3},"geometry":{"type":"LineString","coordinates":[[130.59514,33.68108],[130.59755,33.67868],[130.59997,33.6773],[130.60269,33.67616]]}},{"type":"Feature","properties":{"_color":"#3388ff","_opacity":1,"_weight":3},"geometry":{"type":"LineString","coordinates":[[130.59559,33.68259],[130.59906,33.68095],[130.60133,33.67944],[130.60314,33.67742],[130.60495,33.67503],[130.60631,33.67263],[130.60706,33.67074],[130.60827,33.6686],[130.60917,33.66734],[130.60963,33.66696]]}},{"type":"Feature","properties":{"_color":"#3388ff","_opacity":1,"_weight":3},"geometry":{"type":"LineString","coordinates":[[130.6128,33.66646],[130.61567,33.66305],[130.61703,33.66192],[130.61899,33.6599],[130.62321,33.65599],[130.62517,33.65398],[130.62879,33.65095],[130.63091,33.64881],[130.63332,33.64641],[130.63679,33.64301],[130.6386,33.64112],[130.64282,33.63696]]}},{"type":"Feature","properties":{"_color":"#3388ff","_opacity":1,"_weight":3},"geometry":{"type":"LineString","coordinates":[[130.63418,33.64033],[130.63494,33.63718],[130.641,33.62682]]}},{"type":"Feature","properties":{"_color":"#3388ff","_opacity":1,"_weight":3},"geometry":{"type":"LineString","coordinates":[[130.64291,33.62053],[130.64442,33.61763],[130.6508,33.6088]]}},{"type":"Feature","properties":{"_color":"#3388ff","_opacity":1,"_weight":3},"geometry":{"type":"LineString","coordinates":[[130.64057,33.63421],[130.64329,33.63257]]}},{"type":"Feature","properties":{"_color":"#3388ff","_opacity":1,"_weight":3},"geometry":{"type":"LineString","coordinates":[[130.64495,33.63181],[130.64812,33.63068],[130.65084,33.62866],[130.6543,33.62539],[130.65626,33.62274],[130.65897,33.61958]]}},{"type":"Feature","properties":{"_color":"#3388ff","_opacity":1,"_weight":3},"geometry":{"type":"LineString","coordinates":[[130.66162,33.61738],[130.67245,33.60708]]}},{"type":"Feature","properties":{"_color":"#3388ff","_opacity":1,"_weight":3},"geometry":{"type":"LineString","coordinates":[[130.10115,32.74315],[130.10667,32.74433],[130.11288,32.74492],[130.11978,32.74464],[130.12565,32.74378],[130.13048,32.74379],[130.13531,32.74322],[130.14221,32.74119]]}},{"type":"Feature","properties":{"_color":"#3388ff","_opacity":1,"_weight":3},"geometry":{"type":"LineString","coordinates":[[130.0699,32.7604],[130.07645,32.76188],[130.08128,32.76378],[130.08748,32.76612],[130.0968,32.76818],[130.10267,32.76834],[130.10974,32.76952]]}},{"type":"Feature","properties":{"_color":"#3388ff","_opacity":1,"_weight":3},"geometry":{"type":"LineString","coordinates":[[130.10232,32.76776],[130.10888,32.76777],[130.11596,32.76735],[130.11802,32.76735]]}},{"type":"Feature","properties":{"_color":"#3388ff","_opacity":1,"_weight":3},"geometry":{"type":"LineString","coordinates":[[130.08749,32.76365],[130.09404,32.76424],[130.09905,32.76425]]}},{"type":"Feature","properties":{"_color":"#3388ff","_opacity":1,"_weight":3},"geometry":{"type":"LineString","coordinates":[[130.08042,32.76072],[130.08577,32.76073]]}},{"type":"Feature","properties":{"_color":"#3388ff","_opacity":1,"_weight":3},"geometry":{"type":"LineString","coordinates":[[130.09992,32.75872],[130.10579,32.75874]]}},{"type":"Feature","properties":{"_color":"#3388ff","_opacity":1,"_weight":3},"geometry":{"type":"LineString","coordinates":[[130.09958,32.75625],[130.10838,32.75612]]}},{"type":"Feature","properties":{"_color":"#3388ff","_opacity":1,"_weight":3},"geometry":{"type":"LineString","coordinates":[[130.11925,32.75891],[130.12425,32.75892]]}},{"type":"Feature","properties":{"_color":"#3388ff","_opacity":1,"_weight":3},"geometry":{"type":"LineString","coordinates":[[130.08229,32.77426],[130.0873,32.77398],[130.09696,32.77386],[130.10335,32.773],[130.10784,32.77213]]}},{"type":"Feature","properties":{"_color":"#3388ff","_opacity":1,"_weight":3},"geometry":{"type":"LineString","coordinates":[[130.08884,32.78083],[130.09419,32.7804],[130.10109,32.78013],[130.10713,32.77956]]}},{"type":"Feature","properties":{"_color":"#3388ff","_opacity":1,"_weight":3},"geometry":{"type":"LineString","coordinates":[[130.10973,32.77534],[130.11318,32.7752],[130.11732,32.77463]]}},{"type":"Feature","properties":{"_color":"#3388ff","_opacity":1,"_weight":3},"geometry":{"type":"LineString","coordinates":[[130.11646,32.77288],[130.12009,32.77231],[130.12164,32.77202]]}},{"type":"Feature","properties":{"_color":"#3388ff","_opacity":1,"_weight":3},"geometry":{"type":"LineString","coordinates":[[130.12267,32.77435],[130.12699,32.77508],[130.1313,32.77553]]}},{"type":"Feature","properties":{"_color":"#3388ff","_opacity":1,"_weight":3},"geometry":{"type":"LineString","coordinates":[[130.11093,32.78204],[130.11438,32.78205],[130.11818,32.78205]]}},{"type":"Feature","properties":{"_color":"#3388ff","_opacity":1,"_weight":3},"geometry":{"type":"LineString","coordinates":[[130.11766,32.78016],[130.12129,32.78017],[130.12629,32.78018]]}},{"type":"Feature","properties":{"_color":"#3388ff","_opacity":1,"_weight":3},"geometry":{"type":"LineString","coordinates":[[130.11784,32.77769],[130.12543,32.77858]]}},{"type":"Feature","properties":{"_color":"#3388ff","_opacity":1,"_weight":3},"geometry":{"type":"LineString","coordinates":[[130.12266,32.78192],[130.13285,32.78223],[130.14027,32.78312],[130.147,32.78429]]}},{"type":"Feature","properties":{"_color":"#3388ff","_opacity":1,"_weight":3},"geometry":{"type":"LineString","coordinates":[[130.13112,32.78019],[130.13647,32.78049]]}},{"type":"Feature","properties":{"_color":"#3388ff","_opacity":1,"_weight":3},"geometry":{"type":"LineString","coordinates":[[130.14959,32.78226],[130.15425,32.78358]]}},{"type":"Feature","properties":{"_color":"#3388ff","_opacity":1,"_weight":3},"geometry":{"type":"LineString","coordinates":[[130.15321,32.78503],[130.15787,32.78635]]}},{"type":"Feature","properties":{"_color":"#3388ff","_opacity":1,"_weight":3},"geometry":{"type":"LineString","coordinates":[[130.14356,32.77351],[130.14821,32.77629]]}},{"type":"Feature","properties":{"_color":"#3388ff","_opacity":1,"_weight":3},"geometry":{"type":"LineString","coordinates":[[130.14976,32.77804],[130.15563,32.77921]]}},{"type":"Feature","properties":{"_color":"#3388ff","_opacity":1,"_weight":3},"geometry":{"type":"LineString","coordinates":[[130.15856,32.77965],[130.16857,32.78084]]}},{"type":"Feature","properties":{"_color":"#3388ff","_opacity":1,"_weight":3},"geometry":{"type":"LineString","coordinates":[[130.17323,32.78361],[130.17875,32.78391]]}},{"type":"Feature","properties":{"_color":"#3388ff","_opacity":1,"_weight":3},"geometry":{"type":"LineString","coordinates":[[130.17116,32.77982],[130.17617,32.78056]]}},{"type":"Feature","properties":{"_color":"#3388ff","_opacity":1,"_weight":3},"geometry":{"type":"LineString","coordinates":[[130.17945,32.78056],[130.18307,32.7794]]}},{"type":"Feature","properties":{"_color":"#3388ff","_opacity":1,"_weight":3},"geometry":{"type":"LineString","coordinates":[[130.18393,32.7813],[130.18843,32.78088]]}},{"type":"Feature","properties":{"_color":"#3388ff","_opacity":1,"_weight":3},"geometry":{"type":"LineString","coordinates":[[130.15633,32.77383],[130.1634,32.77486],[130.16892,32.77501],[130.17376,32.77502]]}},{"type":"Feature","properties":{"_color":"#3388ff","_opacity":1,"_weight":3},"geometry":{"type":"LineString","coordinates":[[130.17082,32.7772],[130.17496,32.77764],[130.1791,32.7775],[130.18204,32.77722],[130.18497,32.77576]]}},{"type":"Feature","properties":{"_color":"#3388ff","_opacity":1,"_weight":3},"geometry":{"type":"LineString","coordinates":[[130.16357,32.7919],[130.16805,32.79206]]}},{"type":"Feature","properties":{"_color":"#3388ff","_opacity":1,"_weight":3},"geometry":{"type":"LineString","coordinates":[[130.17133,32.7925],[130.18048,32.79324],[130.19791,32.79458],[130.20758,32.79503],[130.22035,32.79373],[130.23296,32.79185],[130.24452,32.79128],[130.24901,32.79041],[130.26074,32.78693],[130.26816,32.78563],[130.27576,32.78432],[130.28301,32.78316],[130.29077,32.78258],[130.30009,32.7823]]}},{"type":"Feature","properties":{"_color":"#3388ff","_opacity":1,"_weight":3},"geometry":{"type":"LineString","coordinates":[[130.20707,32.78585],[130.21328,32.78674],[130.2188,32.78805],[130.22553,32.78937],[130.22916,32.79112]]}},{"type":"Feature","properties":{"_color":"#3388ff","_opacity":1,"_weight":3},"geometry":{"type":"LineString","coordinates":[[130.20672,32.78367],[130.21259,32.78426],[130.21552,32.7847]]}},{"type":"Feature","properties":{"_color":"#3388ff","_opacity":1,"_weight":3},"geometry":{"type":"LineString","coordinates":[[130.21915,32.77946],[130.22364,32.78122],[130.22812,32.78282]]}},{"type":"Feature","properties":{"_color":"#3388ff","_opacity":1,"_weight":3},"geometry":{"type":"LineString","coordinates":[[130.21708,32.77014],[130.2214,32.76986],[130.22726,32.76899]]}},{"type":"Feature","properties":{"_color":"#3388ff","_opacity":1,"_weight":3},"geometry":{"type":"LineString","coordinates":[[130.2145,32.76348],[130.21916,32.76349],[130.22399,32.76349]]}},{"type":"Feature","properties":{"_color":"#3388ff","_opacity":1,"_weight":3},"geometry":{"type":"LineString","coordinates":[[130.24952,32.77178],[130.2597,32.77281],[130.2742,32.77326],[130.28559,32.77414],[130.29249,32.77458]]}},{"type":"Feature","properties":{"_color":"#3388ff","_opacity":1,"_weight":3},"geometry":{"type":"LineString","coordinates":[[130.29094,32.77196],[130.29629,32.77196],[130.30147,32.77196],[130.31199,32.77299]]}},{"type":"Feature","properties":{"_color":"#3388ff","_opacity":1,"_weight":3},"geometry":{"type":"LineString","coordinates":[[130.28404,32.76657],[130.28662,32.76657],[130.29318,32.76686]]}},{"type":"Feature","properties":{"_color":"#3388ff","_opacity":1,"_weight":3},"geometry":{"type":"LineString","coordinates":[[130.31208,32.78707],[130.3195,32.78766],[130.32244,32.7881]]}},{"type":"Feature","properties":{"_color":"#3388ff","_opacity":1,"_weight":3},"geometry":{"type":"LineString","coordinates":[[130.23279,32.75153],[130.24003,32.75081],[130.25159,32.75067]]}},{"type":"Feature","properties":{"_color":"#3388ff","_opacity":1,"_weight":3},"geometry":{"type":"LineString","coordinates":[[130.22761,32.77452],[130.23882,32.77817],[130.24952,32.78212],[130.26195,32.7865]]}},{"type":"Feature","properties":{"_color":"#3388ff","_opacity":1,"_weight":3},"geometry":{"type":"LineString","coordinates":[[130.22916,32.76885],[130.23969,32.77002],[130.24849,32.77134]]}},{"type":"Feature","properties":{"_color":"#3388ff","_opacity":1,"_weight":3},"geometry":{"type":"LineString","coordinates":[[130.24935,32.75737],[130.25936,32.7584],[130.26902,32.75899],[130.28093,32.75972],[130.28455,32.75972]]}},{"type":"Feature","properties":{"_color":"#3388ff","_opacity":1,"_weight":3},"geometry":{"type":"LineString","coordinates":[[130.32764,32.78879],[130.33955,32.7901]]}},{"type":"Feature","properties":{"_color":"#3388ff","_opacity":1,"_weight":3},"geometry":{"type":"LineString","coordinates":[[130.32474,32.74504],[130.3325,32.74505],[130.34527,32.74505]]}},{"type":"Feature","properties":{"_color":"#3388ff","_opacity":1,"_weight":3},"geometry":{"type":"LineString","coordinates":[[130.2811,32.75885],[130.28403,32.7555],[130.28662,32.75245],[130.28972,32.74983],[130.29438,32.74779],[130.30145,32.74634],[130.31042,32.74547],[130.31939,32.74548]]}},{"type":"Feature","properties":{"_color":"#3388ff","_opacity":1,"_weight":3},"geometry":{"type":"LineString","coordinates":[[130.25108,32.74485],[130.2578,32.74442],[130.26677,32.74355],[130.2754,32.74181],[130.28437,32.73847],[130.29368,32.73571],[130.30679,32.73062]]}},{"type":"Feature","properties":{"_color":"#3388ff","_opacity":1,"_weight":3},"geometry":{"type":"LineString","coordinates":[[130.2823,32.73468],[130.28678,32.73047],[130.29385,32.72596],[130.30213,32.72174],[130.31213,32.71811],[130.3242,32.71331],[130.33695,32.70909],[130.34609,32.7056]]}},{"type":"Feature","properties":{"_color":"#3388ff","_opacity":1,"_weight":3},"geometry":{"type":"LineString","coordinates":[[130.26832,32.71968],[130.27677,32.71532],[130.28539,32.71154],[130.29677,32.70732],[130.30591,32.705],[130.31177,32.70413]]}},{"type":"Feature","properties":{"_color":"#3388ff","_opacity":1,"_weight":3},"geometry":{"type":"LineString","coordinates":[[130.31367,32.70602],[130.31867,32.70151],[130.32384,32.69802]]}},{"type":"Feature","properties":{"_color":"#3388ff","_opacity":1,"_weight":3},"geometry":{"type":"LineString","coordinates":[[130.3085,32.71374],[130.31488,32.70763],[130.32005,32.70428],[130.32919,32.70021],[130.33815,32.69745],[130.35004,32.69381],[130.3578,32.69206]]}},{"type":"Feature","properties":{"_color":"#3388ff","_opacity":1,"_weight":3},"geometry":{"type":"LineString","coordinates":[[130.3278,32.69671],[130.33263,32.69482]]}},{"type":"Feature","properties":{"_color":"#3388ff","_opacity":1,"_weight":3},"geometry":{"type":"LineString","coordinates":[[130.29953,32.69539],[130.30659,32.69015]]}},{"type":"Feature","properties":{"_color":"#3388ff","_opacity":1,"_weight":3},"geometry":{"type":"LineString","coordinates":[[130.30849,32.68885],[130.31693,32.68361],[130.32555,32.67983],[130.33331,32.67896],[130.3402,32.67823],[130.34417,32.67809]]}},{"type":"Feature","properties":{"_color":"#3388ff","_opacity":1,"_weight":3},"geometry":{"type":"LineString","coordinates":[[130.32658,32.67735],[130.33158,32.67546],[130.33571,32.67386],[130.34157,32.6727],[130.3483,32.67255]]}},{"type":"Feature","properties":{"_color":"#3388ff","_opacity":1,"_weight":3},"geometry":{"type":"LineString","coordinates":[[130.35125,32.69832],[130.35953,32.69687],[130.36641,32.6954],[130.37382,32.69453],[130.38003,32.69438],[130.38589,32.69336],[130.39227,32.69205],[130.39933,32.69147],[130.40554,32.6919],[130.41227,32.69408],[130.42193,32.69859],[130.42918,32.70048],[130.43504,32.70135],[130.44883,32.70164],[130.45625,32.7028],[130.46798,32.70555],[130.47592,32.70744],[130.48454,32.70831],[130.48937,32.70903]]}},{"type":"Feature","properties":{"_color":"#3388ff","_opacity":1,"_weight":3},"geometry":{"type":"LineString","coordinates":[[130.45347,32.68961],[130.46123,32.68961],[130.47089,32.69004],[130.47899,32.68988],[130.48761,32.68959],[130.49054,32.68958]]}},{"type":"Feature","properties":{"_color":"#3388ff","_opacity":1,"_weight":3},"geometry":{"type":"LineString","coordinates":[[130.3771,32.6954],[130.38382,32.69526],[130.38968,32.69526]]}},{"type":"Feature","properties":{"_color":"#3388ff","_opacity":1,"_weight":3},"geometry":{"type":"LineString","coordinates":[[130.35126,32.70735],[130.35868,32.70516],[130.36366,32.70414],[130.36659,32.70312]]}},{"type":"Feature","properties":{"_color":"#3388ff","_opacity":1,"_weight":3},"geometry":{"type":"LineString","coordinates":[[130.3709,32.70108],[130.37642,32.70108]]}},{"type":"Feature","properties":{"_color":"#3388ff","_opacity":1,"_weight":3},"geometry":{"type":"LineString","coordinates":[[130.38194,32.70312],[130.3878,32.70282],[130.39228,32.70195],[130.3959,32.70122]]}},{"type":"Feature","properties":{"_color":"#3388ff","_opacity":1,"_weight":3},"geometry":{"type":"LineString","coordinates":[[129.89318,32.63756],[129.89731,32.63874],[129.90299,32.63964],[129.90747,32.63966],[129.91247,32.63924],[129.91592,32.63911]]}},{"type":"Feature","properties":{"_color":"#3388ff","_opacity":1,"_weight":3},"geometry":{"type":"LineString","coordinates":[[129.91504,32.6426],[129.91883,32.64319],[129.9221,32.64291],[129.92573,32.64191],[129.92676,32.64147]]}},{"type":"Feature","properties":{"_color":"#3388ff","_opacity":1,"_weight":3},"geometry":{"type":"LineString","coordinates":[[129.91018,32.65219],[129.9162,32.65425],[129.91999,32.65528],[129.92344,32.65558],[129.92706,32.65545],[129.93085,32.65503]]}},{"type":"Feature","properties":{"_color":"#3388ff","_opacity":1,"_weight":3},"geometry":{"type":"LineString","coordinates":[[129.91983,32.65251],[129.92327,32.65311],[129.92723,32.6537]]}},{"type":"Feature","properties":{"_color":"#3388ff","_opacity":1,"_weight":3},"geometry":{"type":"LineString","coordinates":[[129.92277,32.64947],[129.92639,32.64948],[129.92932,32.64993]]}},{"type":"Feature","properties":{"_color":"#3388ff","_opacity":1,"_weight":3},"geometry":{"type":"LineString","coordinates":[[129.92968,32.64541],[129.93399,32.64558],[129.93812,32.64501]]}},{"type":"Feature","properties":{"_color":"#3388ff","_opacity":1,"_weight":3},"geometry":{"type":"LineString","coordinates":[[129.95574,32.63313],[129.95919,32.633],[129.96212,32.633]]}},{"type":"Feature","properties":{"_color":"#3388ff","_opacity":1,"_weight":3},"geometry":{"type":"LineString","coordinates":[[129.97383,32.6361],[129.97951,32.63553],[129.9852,32.63424]]}},{"type":"Feature","properties":{"_color":"#3388ff","_opacity":1,"_weight":3},"geometry":{"type":"LineString","coordinates":[[129.94486,32.63994],[129.94917,32.64053],[129.95382,32.64055]]}},{"type":"Feature","properties":{"_color":"#3388ff","_opacity":1,"_weight":3},"geometry":{"type":"LineString","coordinates":[[129.91445,32.66152],[129.92169,32.66286],[129.92996,32.66434],[129.9353,32.66436],[129.94237,32.6638],[129.94841,32.66237]]}},{"type":"Feature","properties":{"_color":"#3388ff","_opacity":1,"_weight":3},"geometry":{"type":"LineString","coordinates":[[129.95929,32.65571],[129.96411,32.65558],[129.96894,32.65574],[129.97032,32.6556]]}},{"type":"Feature","properties":{"_color":"#3388ff","_opacity":1,"_weight":3},"geometry":{"type":"LineString","coordinates":[[129.95878,32.65396],[129.96429,32.65354],[129.96808,32.65355],[129.97032,32.65356]]}},{"type":"Feature","properties":{"_color":"#3388ff","_opacity":1,"_weight":3},"geometry":{"type":"LineString","coordinates":[[129.93165,32.67308],[129.93819,32.67485],[129.94491,32.67633],[129.95111,32.67708],[129.95939,32.67725]]}},{"type":"Feature","properties":{"_color":"#3388ff","_opacity":1,"_weight":3},"geometry":{"type":"LineString","coordinates":[[129.95768,32.67346],[129.96371,32.67319],[129.97009,32.67278]]}},{"type":"Feature","properties":{"_color":"#3388ff","_opacity":1,"_weight":3},"geometry":{"type":"LineString","coordinates":[[129.95837,32.67157],[129.9663,32.67189],[129.97613,32.67236],[129.98198,32.67339],[129.98818,32.67531],[129.9918,32.67677]]}},{"type":"Feature","properties":{"_color":"#3388ff","_opacity":1,"_weight":3},"geometry":{"type":"LineString","coordinates":[[129.95765,32.68147],[129.96162,32.67988],[129.96524,32.6796],[129.96783,32.67932]]}},{"type":"Feature","properties":{"_color":"#3388ff","_opacity":1,"_weight":3},"geometry":{"type":"LineString","coordinates":[[129.95609,32.68496],[129.95902,32.68366],[129.96127,32.6825]]}},{"type":"Feature","properties":{"_color":"#3388ff","_opacity":1,"_weight":3},"geometry":{"type":"LineString","coordinates":[[129.9646,32.66577],[129.96925,32.66578],[129.97597,32.66566]]}},{"type":"Feature","properties":{"_color":"#3388ff","_opacity":1,"_weight":3},"geometry":{"type":"LineString","coordinates":[[129.9658,32.66694],[129.97063,32.66725]]}},{"type":"Feature","properties":{"_color":"#3388ff","_opacity":1,"_weight":3},"geometry":{"type":"LineString","coordinates":[[129.96426,32.66373],[129.9696,32.66389]]}},{"type":"Feature","properties":{"_color":"#3388ff","_opacity":1,"_weight":3},"geometry":{"type":"LineString","coordinates":[[129.94909,32.66499],[129.95477,32.66545]]}},{"type":"Feature","properties":{"_color":"#3388ff","_opacity":1,"_weight":3},"geometry":{"type":"LineString","coordinates":[[129.9558,32.66676],[129.96098,32.66619]]}},{"type":"Feature","properties":{"_color":"#3388ff","_opacity":1,"_weight":3},"geometry":{"type":"LineString","coordinates":[[129.95066,32.65815],[129.95635,32.6589]]}},{"type":"Feature","properties":{"_color":"#3388ff","_opacity":1,"_weight":3},"geometry":{"type":"LineString","coordinates":[[129.90059,32.63687],[129.90575,32.63761]]}},{"type":"Feature","properties":{"_color":"#3388ff","_opacity":1,"_weight":3},"geometry":{"type":"LineString","coordinates":[[129.89161,32.64207],[129.89695,32.64267]]}},{"type":"Feature","properties":{"_color":"#3388ff","_opacity":1,"_weight":3},"geometry":{"type":"LineString","coordinates":[[129.94906,32.67212],[129.95475,32.67272]]}},{"type":"Feature","properties":{"_color":"#3388ff","_opacity":1,"_weight":3},"geometry":{"type":"LineString","coordinates":[[129.95865,32.69239],[129.96451,32.69299]]}},{"type":"Feature","properties":{"_color":"#3388ff","_opacity":1,"_weight":3},"geometry":{"type":"LineString","coordinates":[[129.95414,32.6998],[129.96052,32.69968]]}},{"type":"Feature","properties":{"_color":"#3388ff","_opacity":1,"_weight":3},"geometry":{"type":"LineString","coordinates":[[129.95931,32.70244],[129.96499,32.70304]]}},{"type":"Feature","properties":{"_color":"#3388ff","_opacity":1,"_weight":3},"geometry":{"type":"LineString","coordinates":[[129.97343,32.7086],[129.97895,32.70803],[129.98464,32.70776]]}},{"type":"Feature","properties":{"_color":"#3388ff","_opacity":1,"_weight":3},"geometry":{"type":"LineString","coordinates":[[129.97395,32.707],[129.97878,32.70716]]}},{"type":"Feature","properties":{"_color":"#3388ff","_opacity":1,"_weight":3},"geometry":{"type":"LineString","coordinates":[[129.97997,32.71022],[129.98567,32.71009]]}},{"type":"Feature","properties":{"_color":"#3388ff","_opacity":1,"_weight":3},"geometry":{"type":"LineString","coordinates":[[129.98225,32.70018],[129.98776,32.70093]]}},{"type":"Feature","properties":{"_color":"#3388ff","_opacity":1,"_weight":3},"geometry":{"type":"LineString","coordinates":[[129.97505,32.68546],[129.98091,32.68606]]}},{"type":"Feature","properties":{"_color":"#3388ff","_opacity":1,"_weight":3},"geometry":{"type":"LineString","coordinates":[[129.97318,32.67643],[129.9799,32.67688],[129.98852,32.67822],[129.99438,32.6794]]}},{"type":"Feature","properties":{"_color":"#3388ff","_opacity":1,"_weight":3},"geometry":{"type":"LineString","coordinates":[[129.99455,32.67795],[129.99972,32.68015],[130.00661,32.68148],[130.01144,32.68164],[130.01747,32.68122],[130.02161,32.6805]]}},{"type":"Feature","properties":{"_color":"#3388ff","_opacity":1,"_weight":3},"geometry":{"type":"LineString","coordinates":[[130.02007,32.67889],[130.02576,32.67833]]}},{"type":"Feature","properties":{"_color":"#3388ff","_opacity":1,"_weight":3},"geometry":{"type":"LineString","coordinates":[[130.01594,32.6767],[130.02232,32.67526]]}},{"type":"Feature","properties":{"_color":"#3388ff","_opacity":1,"_weight":3},"geometry":{"type":"LineString","coordinates":[[130.01591,32.68587],[130.02142,32.68705]]}},{"type":"Feature","properties":{"_color":"#3388ff","_opacity":1,"_weight":3},"geometry":{"type":"LineString","coordinates":[[130.02126,32.68196],[130.02747,32.68154],[130.03471,32.68112]]}},{"type":"Feature","properties":{"_color":"#3388ff","_opacity":1,"_weight":3},"geometry":{"type":"LineString","coordinates":[[130.00515,32.71015],[130.01119,32.71017]]}},{"type":"Feature","properties":{"_color":"#3388ff","_opacity":1,"_weight":3},"geometry":{"type":"LineString","coordinates":[[130.01286,32.73099],[130.01821,32.73115]]}},{"type":"Feature","properties":{"_color":"#3388ff","_opacity":1,"_weight":3},"geometry":{"type":"LineString","coordinates":[[130.02182,32.73524],[130.03527,32.73498]]}},{"type":"Feature","properties":{"_color":"#3388ff","_opacity":1,"_weight":3},"geometry":{"type":"LineString","coordinates":[[130.03959,32.73194],[130.0458,32.73341],[130.05494,32.73343],[130.06149,32.73505],[130.06839,32.73565],[130.07236,32.73566],[130.07564,32.73465],[130.08306,32.73307],[130.08996,32.73279],[130.0941,32.73236],[130.09997,32.73005]]}},{"type":"Feature","properties":{"_color":"#3388ff","_opacity":1,"_weight":3},"geometry":{"type":"LineString","coordinates":[[130.06701,32.73477],[130.07357,32.73261],[130.07909,32.73131],[130.08513,32.73074],[130.08979,32.73002],[130.0948,32.72771],[130.09859,32.72611]]}},{"type":"Feature","properties":{"_color":"#3388ff","_opacity":1,"_weight":3},"geometry":{"type":"LineString","coordinates":[[130.03774,32.7133],[130.04395,32.71288]]}},{"type":"Feature","properties":{"_color":"#3388ff","_opacity":1,"_weight":3},"geometry":{"type":"LineString","coordinates":[[130.05737,32.72791],[130.06358,32.72807]]}},{"type":"Feature","properties":{"_color":"#3388ff","_opacity":1,"_weight":3},"geometry":{"type":"LineString","coordinates":[[130.05929,32.71627],[130.06446,32.7173],[130.06825,32.71876],[130.07187,32.72023],[130.07532,32.72096],[130.0817,32.72113],[130.08808,32.7207]]}},{"type":"Feature","properties":{"_color":"#3388ff","_opacity":1,"_weight":3},"geometry":{"type":"LineString","coordinates":[[130.06688,32.71439],[130.0724,32.71411],[130.07792,32.71282],[130.07948,32.71238]]}},{"type":"Feature","properties":{"_color":"#3388ff","_opacity":1,"_weight":3},"geometry":{"type":"LineString","coordinates":[[130.10689,32.72016],[130.11171,32.72032]]}},{"type":"Feature","properties":{"_color":"#3388ff","_opacity":1,"_weight":3},"geometry":{"type":"LineString","coordinates":[[130.09947,32.72102],[130.1055,32.72132]]}},{"type":"Feature","properties":{"_color":"#3388ff","_opacity":1,"_weight":3},"geometry":{"type":"LineString","coordinates":[[130.09293,32.713],[130.09534,32.71257],[130.09845,32.71214],[130.10207,32.71229],[130.10569,32.71303]]}},{"type":"Feature","properties":{"_color":"#3388ff","_opacity":1,"_weight":3},"geometry":{"type":"LineString","coordinates":[[130.02158,32.69156],[130.02607,32.69143],[130.03141,32.69086],[130.03728,32.68855],[130.04125,32.68594],[130.04609,32.68246],[130.04989,32.68043],[130.05213,32.68015]]}},{"type":"Feature","properties":{"_color":"#3388ff","_opacity":1,"_weight":3},"geometry":{"type":"LineString","coordinates":[[130.02349,32.68895],[130.02814,32.68867],[130.03349,32.68636],[130.03936,32.68317],[130.04402,32.68085],[130.04886,32.67854],[130.05248,32.67811]]}},{"type":"Feature","properties":{"_color":"#3388ff","_opacity":1,"_weight":3},"geometry":{"type":"LineString","coordinates":[[130.03232,32.67398],[130.03921,32.67487],[130.04645,32.67547],[130.05369,32.6752]]}},{"type":"Feature","properties":{"_color":"#3388ff","_opacity":1,"_weight":3},"geometry":{"type":"LineString","coordinates":[[130.03078,32.66961],[130.03664,32.66977]]}},{"type":"Feature","properties":{"_color":"#3388ff","_opacity":1,"_weight":3},"geometry":{"type":"LineString","coordinates":[[130.05868,32.67871],[130.06265,32.67697],[130.06696,32.67611],[130.07179,32.67568]]}},{"type":"Feature","properties":{"_color":"#3388ff","_opacity":1,"_weight":3},"geometry":{"type":"LineString","coordinates":[[130.07369,32.67569],[130.07972,32.67599]]}},{"type":"Feature","properties":{"_color":"#3388ff","_opacity":1,"_weight":3},"geometry":{"type":"LineString","coordinates":[[130.05714,32.67579],[130.06317,32.67406],[130.06869,32.6732],[130.07404,32.67278],[130.07834,32.67351],[130.08317,32.67542],[130.0892,32.67645],[130.09644,32.67647]]}},{"type":"Feature","properties":{"_color":"#3388ff","_opacity":1,"_weight":3},"geometry":{"type":"LineString","coordinates":[[130.0583,32.69749],[130.06433,32.69692],[130.06968,32.69678]]}},{"type":"Feature","properties":{"_color":"#3388ff","_opacity":1,"_weight":3},"geometry":{"type":"LineString","coordinates":[[130.05623,32.69486],[130.06227,32.69473]]}},{"type":"Feature","properties":{"_color":"#3388ff","_opacity":1,"_weight":3},"geometry":{"type":"LineString","coordinates":[[130.09314,32.68796],[130.09883,32.68783],[130.10521,32.68755],[130.11004,32.68741]]}},{"type":"Feature","properties":{"_color":"#3388ff","_opacity":1,"_weight":3},"geometry":{"type":"LineString","coordinates":[[130.10989,32.6765],[130.11506,32.67651]]}},{"type":"Feature","properties":{"_color":"#3388ff","_opacity":1,"_weight":3},"geometry":{"type":"LineString","coordinates":[[130.09972,32.67458],[130.10661,32.67459],[130.1123,32.67417],[130.11558,32.67403]]}},{"type":"Feature","properties":{"_color":"#3388ff","_opacity":1,"_weight":3},"geometry":{"type":"LineString","coordinates":[[130.09728,32.69015],[130.1028,32.68973],[130.10745,32.68959],[130.11142,32.69047],[130.11573,32.69034],[130.119,32.69049]]}},{"type":"Feature","properties":{"_color":"#3388ff","_opacity":1,"_weight":3},"geometry":{"type":"LineString","coordinates":[[130.099,32.6919],[130.10641,32.69192],[130.1121,32.69193],[130.11469,32.69194],[130.11503,32.69194],[130.11658,32.69194]]}},{"type":"Feature","properties":{"_color":"#3388ff","_opacity":1,"_weight":3},"geometry":{"type":"LineString","coordinates":[[130.1057,32.70837],[130.11139,32.7078],[130.11829,32.70723],[130.12398,32.70709],[130.12725,32.70623],[130.13088,32.70463],[130.13398,32.70376]]}},{"type":"Feature","properties":{"_color":"#3388ff","_opacity":1,"_weight":3},"geometry":{"type":"LineString","coordinates":[[130.12364,32.70345],[130.12898,32.70303]]}},{"type":"Feature","properties":{"_color":"#3388ff","_opacity":1,"_weight":3},"geometry":{"type":"LineString","coordinates":[[130.12345,32.71539],[130.12897,32.71351]]}},{"type":"Feature","properties":{"_color":"#3388ff","_opacity":1,"_weight":3},"geometry":{"type":"LineString","coordinates":[[130.1212,32.71801],[130.12672,32.71671],[130.13069,32.7154],[130.13604,32.71309],[130.13742,32.7128]]}},{"type":"Feature","properties":{"_color":"#3388ff","_opacity":1,"_weight":3},"geometry":{"type":"LineString","coordinates":[[130.13982,32.72387],[130.14534,32.72387]]}},{"type":"Feature","properties":{"_color":"#3388ff","_opacity":1,"_weight":3},"geometry":{"type":"LineString","coordinates":[[130.14036,32.70902],[130.14381,32.70815],[130.14657,32.70801],[130.14846,32.70801]]}},{"type":"Feature","properties":{"_color":"#3388ff","_opacity":1,"_weight":3},"geometry":{"type":"LineString","coordinates":[[130.13467,32.70813],[130.13795,32.70625],[130.14019,32.70523]]}},{"type":"Feature","properties":{"_color":"#3388ff","_opacity":1,"_weight":3},"geometry":{"type":"LineString","coordinates":[[130.1364,32.70333],[130.1414,32.70276],[130.14502,32.70277]]}},{"type":"Feature","properties":{"_color":"#3388ff","_opacity":1,"_weight":3},"geometry":{"type":"LineString","coordinates":[[130.13227,32.69532],[130.13606,32.69634],[130.14192,32.69781],[130.1464,32.69884]]}},{"type":"Feature","properties":{"_color":"#3388ff","_opacity":1,"_weight":3},"geometry":{"type":"LineString","coordinates":[[130.14641,32.6952],[130.15141,32.69826]]}},{"type":"Feature","properties":{"_color":"#3388ff","_opacity":1,"_weight":3},"geometry":{"type":"LineString","coordinates":[[130.13971,32.68544],[130.14609,32.68516]]}},{"type":"Feature","properties":{"_color":"#3388ff","_opacity":1,"_weight":3},"geometry":{"type":"LineString","coordinates":[[130.14728,32.69288],[130.15107,32.69449],[130.15434,32.69507],[130.15762,32.69507],[130.15951,32.69508]]}},{"type":"Feature","properties":{"_color":"#3388ff","_opacity":1,"_weight":3},"geometry":{"type":"LineString","coordinates":[[130.15589,32.69842],[130.16142,32.69844]]}},{"type":"Feature","properties":{"_color":"#3388ff","_opacity":1,"_weight":3},"geometry":{"type":"LineString","coordinates":[[130.14657,32.70393],[130.15209,32.70394],[130.15623,32.70453],[130.15881,32.70512],[130.16088,32.706]]}},{"type":"Feature","properties":{"_color":"#3388ff","_opacity":1,"_weight":3},"geometry":{"type":"LineString","coordinates":[[130.19225,32.73298],[130.19812,32.73329]]}},{"type":"Feature","properties":{"_color":"#3388ff","_opacity":1,"_weight":3},"geometry":{"type":"LineString","coordinates":[[130.1757,32.72247],[130.18191,32.72263]]}},{"type":"Feature","properties":{"_color":"#3388ff","_opacity":1,"_weight":3},"geometry":{"type":"LineString","coordinates":[[130.18001,32.72044],[130.18536,32.72088]]}},{"type":"Feature","properties":{"_color":"#3388ff","_opacity":1,"_weight":3},"geometry":{"type":"LineString","coordinates":[[130.19243,32.72424],[130.19725,32.7257]]}},{"type":"Feature","properties":{"_color":"#3388ff","_opacity":1,"_weight":3},"geometry":{"type":"LineString","coordinates":[[130.18863,32.72031],[130.19415,32.72162]]}},{"type":"Feature","properties":{"_color":"#3388ff","_opacity":1,"_weight":3},"geometry":{"type":"LineString","coordinates":[[130.1864,32.71842],[130.19434,32.71829]]}},{"type":"Feature","properties":{"_color":"#3388ff","_opacity":1,"_weight":3},"geometry":{"type":"LineString","coordinates":[[130.16553,32.71765],[130.17225,32.71766],[130.1795,32.71767]]}},{"type":"Feature","properties":{"_color":"#3388ff","_opacity":1,"_weight":3},"geometry":{"type":"LineString","coordinates":[[130.16346,32.71255],[130.17139,32.71373],[130.17829,32.71374],[130.18312,32.71418],[130.18917,32.71537],[130.19106,32.71537]]}},{"type":"Feature","properties":{"_color":"#3388ff","_opacity":1,"_weight":3},"geometry":{"type":"LineString","coordinates":[[130.16571,32.70746],[130.1714,32.70776],[130.17417,32.70879]]}},{"type":"Feature","properties":{"_color":"#3388ff","_opacity":1,"_weight":3},"geometry":{"type":"LineString","coordinates":[[130.15882,32.70206],[130.16348,32.70266],[130.16727,32.70311],[130.16934,32.70311]]}},{"type":"Feature","properties":{"_color":"#3388ff","_opacity":1,"_weight":3},"geometry":{"type":"LineString","coordinates":[[130.21589,32.72821],[130.22296,32.72852],[130.23021,32.7294],[130.23676,32.73057],[130.24625,32.73392],[130.25073,32.73655],[130.25521,32.73976]]}},{"type":"Feature","properties":{"_color":"#3388ff","_opacity":1,"_weight":3},"geometry":{"type":"LineString","coordinates":[[130.2131,32.73437],[130.22311,32.73977],[130.23207,32.7456]]}},{"type":"Feature","properties":{"_color":"#3388ff","_opacity":1,"_weight":3},"geometry":{"type":"LineString","coordinates":[[130.19435,32.70402],[130.20556,32.70273],[130.21366,32.7023],[130.22246,32.70173],[130.23383,32.70305],[130.24435,32.70626],[130.25591,32.71151],[130.26349,32.71691],[130.26781,32.71953]]}},{"type":"Feature","properties":{"_color":"#3388ff","_opacity":1,"_weight":3},"geometry":{"type":"LineString","coordinates":[[130.1739,32.67702],[130.18407,32.67834],[130.19631,32.67967],[130.20079,32.68128],[130.20544,32.68594],[130.20803,32.6893]]}},{"type":"Feature","properties":{"_color":"#3388ff","_opacity":1,"_weight":3},"geometry":{"type":"LineString","coordinates":[[129.87597,32.63211],[129.88458,32.63345],[129.89732,32.63554]]}},{"type":"Feature","properties":{"_color":"#3388ff","_opacity":1,"_weight":3},"geometry":{"type":"LineString","coordinates":[[130.80043,32.16117],[130.80498,32.16215],[130.81007,32.16371],[130.81423,32.16495],[130.81778,32.16613],[130.82002,32.16724],[130.82202,32.16874],[130.82395,32.16985],[130.82518,32.17057],[130.8258,32.17161],[130.82657,32.17363],[130.82711,32.17474],[130.82796,32.17565],[130.82981,32.17696],[130.83197,32.17839],[130.83367,32.18002],[130.83583,32.18165],[130.83707,32.18204],[130.83884,32.18218],[130.84054,32.18211],[130.84131,32.18231],[130.84285,32.18296],[130.84455,32.18387],[130.84679,32.18511],[130.84864,32.18655],[130.84964,32.18791],[130.85018,32.18876],[130.85165,32.18994],[130.85489,32.1915],[130.85744,32.19287],[130.8599,32.19391],[130.86183,32.19437],[130.86392,32.1947],[130.86639,32.19561],[130.86878,32.19665],[130.87024,32.19691],[130.87178,32.19698],[130.87533,32.19718],[130.87865,32.19757],[130.88212,32.19796],[130.88613,32.19848],[130.89238,32.19926],[130.89647,32.19985],[130.90141,32.20063],[130.90688,32.20173],[130.91074,32.20271],[130.91437,32.20395],[130.91823,32.20577],[130.92109,32.20753],[130.92479,32.20988],[130.92842,32.2132],[130.93097,32.21574],[130.93399,32.21894],[130.93739,32.22239],[130.93948,32.22487],[130.94156,32.22662],[130.94357,32.22825],[130.94659,32.23086],[130.95084,32.23457],[130.95362,32.23705],[130.95803,32.24122],[130.96042,32.24337],[130.9639,32.24623],[130.96676,32.24818],[130.97031,32.25007],[130.97433,32.25196],[130.97758,32.2532],[130.9812,32.25456],[130.98522,32.25671],[130.98654,32.25788],[130.98785,32.25905],[130.98917,32.26068],[130.99033,32.26153],[130.99288,32.26309],[130.99721,32.26517]]}},{"type":"Feature","properties":{"_color":"#3388ff","_opacity":1,"_weight":3},"geometry":{"type":"LineString","coordinates":[[130.85874,32.19065],[130.86152,32.19059],[130.86337,32.19059],[130.86515,32.19059]]}},{"type":"Feature","properties":{"_color":"#3388ff","_opacity":1,"_weight":3},"geometry":{"type":"LineString","coordinates":[[130.31338,33.65341],[130.31903,33.64867]]}},{"type":"Feature","properties":{"_color":"#3388ff","_opacity":1,"_weight":3},"geometry":{"type":"LineString","coordinates":[[130.32562,33.63832],[130.33073,33.63465],[130.33492,33.6319],[130.3393,33.62946]]}},{"type":"Feature","properties":{"_color":"#3388ff","_opacity":1,"_weight":3},"geometry":{"type":"LineString","coordinates":[[130.34457,33.63105],[130.34913,33.6283]]}},{"type":"Feature","properties":{"_color":"#3388ff","_opacity":1,"_weight":3},"geometry":{"type":"LineString","coordinates":[[130.33875,33.62605],[130.34477,33.62208],[130.34969,33.61871]]}},{"type":"Feature","properties":{"_color":"#3388ff","_opacity":1,"_weight":3},"geometry":{"type":"LineString","coordinates":[[130.35055,33.62383],[130.35493,33.62047],[130.35821,33.61802]]}},{"type":"Feature","properties":{"_color":"#3388ff","_opacity":1,"_weight":3},"geometry":{"type":"LineString","coordinates":[[130.36007,33.61514],[130.36408,33.61239],[130.36701,33.61027]]}},{"type":"Feature","properties":{"_color":"#3388ff","_opacity":1,"_weight":3},"geometry":{"type":"LineString","coordinates":[[130.37846,33.60137],[130.38538,33.59402],[130.3934,33.5856],[130.39595,33.58315],[130.39795,33.58116],[130.40287,33.57626],[130.40724,33.57198],[130.4127,33.56692],[130.41708,33.56417],[130.42182,33.56141],[130.4271,33.55835],[130.43403,33.55407],[130.43967,33.55024],[130.4435,33.54764],[130.44769,33.54396],[130.45297,33.53937],[130.45606,33.53615],[130.45915,33.53355],[130.46352,33.52988],[130.46752,33.52666],[130.46898,33.52559],[130.4708,33.52344],[130.47207,33.52206],[130.47334,33.5213],[130.47571,33.52069],[130.47735,33.51962],[130.4799,33.51732],[130.4839,33.51379],[130.48663,33.5118],[130.4899,33.50997],[130.493,33.50828],[130.49482,33.50706],[130.49682,33.50537],[130.49755,33.5043],[130.49791,33.50277],[130.49845,33.50077],[130.50027,33.4994],[130.5019,33.49802]]}},{"type":"Feature","properties":{"_color":"#3388ff","_opacity":1,"_weight":3},"geometry":{"type":"LineString","coordinates":[[130.50218,33.50111],[130.50618,33.49697],[130.51,33.4936],[130.51381,33.48962],[130.51745,33.48548],[130.52035,33.48227],[130.52308,33.47905],[130.52471,33.4769]]}},{"type":"Feature","properties":{"_color":"#3388ff","_opacity":1,"_weight":3},"geometry":{"type":"LineString","coordinates":[[130.48362,33.52087],[130.48598,33.51826],[130.48889,33.51551],[130.49199,33.51321],[130.49454,33.51168],[130.4969,33.50969],[130.49981,33.50708]]}},{"type":"Feature","properties":{"_color":"#3388ff","_opacity":1,"_weight":3},"geometry":{"type":"LineString","coordinates":[[130.0938,33.80103],[130.09691,33.79492],[130.09856,33.79186],[130.10094,33.78743],[130.10259,33.78498],[130.10351,33.78407]]}},{"type":"Feature","properties":{"_color":"#3388ff","_opacity":1,"_weight":3},"geometry":{"type":"LineString","coordinates":[[130.09164,33.83213],[130.09549,33.82816],[130.09952,33.82404],[130.10355,33.82007],[130.10629,33.81732],[130.11087,33.81367],[130.11453,33.81077],[130.11819,33.80802],[130.1202,33.8065]]}},{"type":"Feature","properties":{"_color":"#3388ff","_opacity":1,"_weight":3},"geometry":{"type":"LineString","coordinates":[[130.1132,33.83547],[130.11668,33.83119],[130.11961,33.82737],[130.12144,33.82493],[130.12272,33.82325]]}},{"type":"Feature","properties":{"_color":"#3388ff","_opacity":1,"_weight":3},"geometry":{"type":"LineString","coordinates":[[130.082,33.7965],[130.30003,33.67019]]}},{"type":"Feature","properties":{"_color":"#3388ff","_opacity":1,"_weight":3},"geometry":{"type":"LineString","coordinates":[[130.48608,33.79349],[130.48583,33.78577],[130.4866,33.77719]]}},{"type":"Feature","properties":{"_color":"#3388ff","_opacity":1,"_weight":3},"geometry":{"type":"LineString","coordinates":[[130.7503,33.77451],[130.74875,33.7818]]}},{"type":"Feature","properties":{"_color":"#3388ff","_opacity":1,"_weight":3},"geometry":{"type":"LineString","coordinates":[[130.75212,33.78493],[130.74669,33.79296],[130.74566,33.79811],[130.74411,33.80498]]}},{"type":"Feature","properties":{"_color":"#3388ff","_opacity":1,"_weight":3},"geometry":{"type":"LineString","coordinates":[[130.75456,33.79399],[130.755,33.79657],[130.75589,33.80194],[130.75391,33.80841]]}},{"type":"Feature","properties":{"_color":"#3388ff","_opacity":1,"_weight":3},"geometry":{"type":"LineString","coordinates":[[130.75876,33.80896],[130.76031,33.81709],[130.76628,33.82343],[130.76731,33.83588],[130.76784,33.84296],[130.76541,33.85071]]}},{"type":"Feature","properties":{"_color":"#3388ff","_opacity":1,"_weight":3},"geometry":{"type":"LineString","coordinates":[[130.74669,33.84832],[130.73947,33.85819]]}},{"type":"Feature","properties":{"_color":"#3388ff","_opacity":1,"_weight":3},"geometry":{"type":"LineString","coordinates":[[130.75184,33.88523],[130.74772,33.89681],[130.74566,33.9084]]}},{"type":"Feature","properties":{"_color":"#3388ff","_opacity":1,"_weight":3},"geometry":{"type":"LineString","coordinates":[[130.74411,33.90068],[130.73999,33.91398],[130.73689,33.92728]]}},{"type":"Feature","properties":{"_color":"#3388ff","_opacity":1,"_weight":3},"geometry":{"type":"LineString","coordinates":[[130.86931,33.7749],[130.87185,33.79168],[130.87475,33.80622],[130.8779,33.81491],[130.88177,33.82259],[130.88537,33.82901],[130.89568,33.85304],[130.90186,33.87536],[130.90599,33.88609],[130.90702,33.89295]]}},{"type":"Feature","properties":{"_color":"#3388ff","_opacity":1,"_weight":3},"geometry":{"type":"LineString","coordinates":[[130.90702,33.89424],[130.90908,33.98779]]}},{"type":"Feature","properties":{"_color":"#3388ff","_opacity":1,"_weight":3},"geometry":{"type":"LineString","coordinates":[[130.45438,33.87522],[130.43737,33.8855]]}},{"type":"Feature","properties":{"_color":"#3388ff","_opacity":1,"_weight":3},"geometry":{"type":"LineString","coordinates":[[130.43376,33.89622],[130.42551,33.91164]]}},{"type":"Feature","properties":{"_color":"#3388ff","_opacity":1,"_weight":3},"geometry":{"type":"LineString","coordinates":[[130.39406,33.9185],[130.37292,33.93006]]}},{"type":"Feature","properties":{"_color":"#3388ff","_opacity":1,"_weight":3},"geometry":{"type":"LineString","coordinates":[[130.38066,33.94206],[130.36468,33.94463],[130.35179,33.94977]]}},{"type":"Feature","properties":{"_color":"#3388ff","_opacity":1,"_weight":3},"geometry":{"type":"LineString","coordinates":[[130.3456,33.96134],[130.32962,33.97119]]}},{"type":"Feature","properties":{"_color":"#3388ff","_opacity":1,"_weight":3},"geometry":{"type":"LineString","coordinates":[[130.32962,33.94506],[130.30126,33.95491]]}},{"type":"Feature","properties":{"_color":"#3388ff","_opacity":1,"_weight":3},"geometry":{"type":"LineString","coordinates":[[130.32189,33.94634],[130.3059,33.94891],[130.28683,33.94891]]}},{"type":"Feature","properties":{"_color":"#3388ff","_opacity":1,"_weight":3},"geometry":{"type":"LineString","coordinates":[[130.276,34.03503],[130.24868,34.05174]]}},{"type":"Feature","properties":{"_color":"#3388ff","_opacity":1,"_weight":3},"geometry":{"type":"LineString","coordinates":[[130.24198,34.03589],[130.2162,34.04531]]}},{"type":"Feature","properties":{"_color":"#3388ff","_opacity":1,"_weight":3},"geometry":{"type":"LineString","coordinates":[[130.25508,34.02999],[130.24457,34.04476],[130.22741,34.06044],[130.20803,34.07565],[130.1953,34.08764],[130.18866,34.09826]]}},{"type":"Feature","properties":{"_color":"#3388ff","_opacity":1,"_weight":3},"geometry":{"type":"LineString","coordinates":[[130.22852,34.06552],[130.22687,34.078],[130.22024,34.08908],[130.21027,34.09506],[130.19089,34.10565],[130.17262,34.1181],[130.12391,34.16791]]}},{"type":"Feature","properties":{"_color":"#3388ff","_opacity":1,"_weight":3},"geometry":{"type":"LineString","coordinates":[[130.20863,34.11447],[130.18011,34.134],[130.12781,34.18594]]}},{"type":"Feature","properties":{"_color":"#3388ff","_opacity":1,"_weight":3},"geometry":{"type":"LineString","coordinates":[[130.67142,33.57521],[130.68482,33.564],[130.70544,33.55106]]}},{"type":"Feature","properties":{"_color":"#3388ff","_opacity":1,"_weight":3},"geometry":{"type":"LineString","coordinates":[[130.70905,33.55667],[130.72297,33.5433],[130.73792,33.53252],[130.74823,33.52433]]}},{"type":"Feature","properties":{"_color":"#3388ff","_opacity":1,"_weight":3},"geometry":{"type":"LineString","coordinates":[[130.7405,33.55451],[130.75906,33.54028],[130.76731,33.53209],[130.77556,33.52304]]}},{"type":"Feature","properties":{"_color":"#3388ff","_opacity":1,"_weight":3},"geometry":{"type":"LineString","coordinates":[[130.77092,33.50751],[130.79566,33.49026],[130.82557,33.46655],[130.8333,33.45663],[130.84412,33.43809],[130.85959,33.41006]]}},{"type":"Feature","properties":{"_color":"#3388ff","_opacity":1,"_weight":3},"geometry":{"type":"LineString","coordinates":[[130.7869,33.50665],[130.80958,33.47991]]}},{"type":"Feature","properties":{"_color":"#3388ff","_opacity":1,"_weight":3},"geometry":{"type":"LineString","coordinates":[[130.8565,33.4092],[130.86475,33.40316],[130.86939,33.39799]]}},{"type":"Feature","properties":{"_color":"#3388ff","_opacity":1,"_weight":3},"geometry":{"type":"LineString","coordinates":[[130.87403,33.40187],[130.88227,33.39411]]}},{"type":"Feature","properties":{"_color":"#3388ff","_opacity":1,"_weight":3},"geometry":{"type":"LineString","coordinates":[[130.85134,33.41394],[130.84773,33.39885],[130.84,33.38376],[130.82557,33.37212],[130.81525,33.36608],[130.80391,33.36263]]}},{"type":"Feature","properties":{"_color":"#3388ff","_opacity":1,"_weight":3},"geometry":{"type":"LineString","coordinates":[[130.25384,33.54632],[130.30281,33.5239],[130.32704,33.5101],[130.37344,33.48078],[130.40231,33.46482],[130.43221,33.45146],[130.45489,33.44154],[130.47861,33.43421],[130.48686,33.43205]]}},{"type":"Feature","properties":{"_color":"#3388ff","_opacity":1,"_weight":3},"geometry":{"type":"LineString","coordinates":[[130.38478,33.48035],[130.40128,33.47388],[130.41056,33.4687],[130.41674,33.4631]]}},{"type":"Feature","properties":{"_color":"#3388ff","_opacity":1,"_weight":3},"geometry":{"type":"LineString","coordinates":[[130.29456,33.50061],[130.309,33.49113],[130.31982,33.48595]]}},{"type":"Feature","properties":{"_color":"#3388ff","_opacity":1,"_weight":3},"geometry":{"type":"LineString","coordinates":[[130.32601,33.49544],[130.3358,33.49199]]}},{"type":"Feature","properties":{"_color":"#3388ff","_opacity":1,"_weight":3},"geometry":{"type":"LineString","coordinates":[[130.33941,33.48983],[130.34869,33.4838]]}},{"type":"Feature","properties":{"_color":"#3388ff","_opacity":1,"_weight":3},"geometry":{"type":"LineString","coordinates":[[130.32962,33.43464],[130.34457,33.42602],[130.35643,33.42257],[130.36519,33.41998]]}},{"type":"Feature","properties":{"_color":"#3388ff","_opacity":1,"_weight":3},"geometry":{"type":"LineString","coordinates":[[130.44716,33.42903],[130.47552,33.41437],[130.49872,33.40058]]}},{"type":"Feature","properties":{"_color":"#3388ff","_opacity":1,"_weight":3},"geometry":{"type":"LineString","coordinates":[[130.40437,33.41869],[130.42035,33.40791],[130.42757,33.40144]]}},{"type":"Feature","properties":{"_color":"#3388ff","_opacity":1,"_weight":3},"geometry":{"type":"LineString","coordinates":[[130.41107,33.41222],[130.41468,33.40316],[130.41932,33.3954]]}},{"type":"Feature","properties":{"_color":"#3388ff","_opacity":1,"_weight":3},"geometry":{"type":"LineString","coordinates":[[130.41571,33.40661],[130.42963,33.39756],[130.4451,33.39066]]}},{"type":"Feature","properties":{"_color":"#3388ff","_opacity":1,"_weight":3},"geometry":{"type":"LineString","coordinates":[[130.43273,33.67783],[130.4585,33.65282],[130.48222,33.62738],[130.49665,33.611]]}},{"type":"Feature","properties":{"_color":"#3388ff","_opacity":1,"_weight":3},"geometry":{"type":"LineString","coordinates":[[130.49665,33.61057],[130.5116,33.59936],[130.52707,33.58168],[130.53841,33.56572],[130.5446,33.55192],[130.55078,33.54373],[130.55285,33.53209],[130.55594,33.51053],[130.56109,33.50191]]}},{"type":"Feature","properties":{"_color":"#3388ff","_opacity":1,"_weight":3},"geometry":{"type":"LineString","coordinates":[[130.55388,33.52217],[130.56883,33.51226]]}},{"type":"Feature","properties":{"_color":"#3388ff","_opacity":1,"_weight":3},"geometry":{"type":"LineString","coordinates":[[130.17339,33.32999],[130.197,33.33021],[130.20245,33.32912],[130.2162,33.32348]]}},{"type":"Feature","properties":{"_color":"#3388ff","_opacity":1,"_weight":3},"geometry":{"type":"LineString","coordinates":[[130.22113,33.32435],[130.22892,33.32522],[130.23826,33.32543]]}},{"type":"Feature","properties":{"_color":"#3388ff","_opacity":1,"_weight":3},"geometry":{"type":"LineString","coordinates":[[130.19414,33.325],[130.2162,33.31654],[130.22892,33.31025]]}},{"type":"Feature","properties":{"_color":"#3388ff","_opacity":1,"_weight":3},"geometry":{"type":"LineString","coordinates":[[130.20426,33.31437],[130.21335,33.31784]]}},{"type":"Feature","properties":{"_color":"#3388ff","_opacity":1,"_weight":3},"geometry":{"type":"LineString","coordinates":[[130.22632,33.31242],[130.23514,33.31611],[130.24423,33.31806]]}},{"type":"Feature","properties":{"_color":"#3388ff","_opacity":1,"_weight":3},"geometry":{"type":"LineString","coordinates":[[130.27355,33.30809],[130.30546,33.3109],[130.32493,33.31503],[130.34075,33.31589],[130.35295,33.31871]]}},{"type":"Feature","properties":{"_color":"#3388ff","_opacity":1,"_weight":3},"geometry":{"type":"LineString","coordinates":[[130.29041,33.30266],[130.30962,33.30201],[130.32025,33.30049]]}},{"type":"Feature","properties":{"_color":"#3388ff","_opacity":1,"_weight":3},"geometry":{"type":"LineString","coordinates":[[130.31636,33.32934],[130.32986,33.33324]]}},{"type":"Feature","properties":{"_color":"#3388ff","_opacity":1,"_weight":3},"geometry":{"type":"LineString","coordinates":[[130.31948,33.32088],[130.35139,33.32327],[130.37812,33.325],[130.40173,33.32543],[130.41081,33.32522]]}},{"type":"Feature","properties":{"_color":"#3388ff","_opacity":1,"_weight":3},"geometry":{"type":"LineString","coordinates":[[130.38487,33.31871],[130.39576,33.31893]]}},{"type":"Feature","properties":{"_color":"#3388ff","_opacity":1,"_weight":3},"geometry":{"type":"LineString","coordinates":[[130.09528,33.26471],[130.11059,33.27165],[130.13213,33.27859],[130.15937,33.28228],[130.20893,33.28249],[130.25279,33.28054],[130.28133,33.27881],[130.2995,33.27794],[130.31351,33.27859],[130.32467,33.28271],[130.33686,33.29269],[130.3475,33.3031]]}},{"type":"Feature","properties":{"_color":"#3388ff","_opacity":1,"_weight":3},"geometry":{"type":"LineString","coordinates":[[130.41159,33.3224],[130.45726,33.3198],[130.48736,33.31763]]}},{"type":"Feature","properties":{"_color":"#3388ff","_opacity":1,"_weight":3},"geometry":{"type":"LineString","coordinates":[[130.82931,32.60745],[130.84805,32.61249],[130.86185,32.61337],[130.87122,32.61446],[130.88137,32.61731],[130.89205,32.61972],[130.90845,32.62367],[130.91912,32.62784],[130.93058,32.62959],[130.94568,32.63134],[130.95713,32.63266],[130.97509,32.63748]]}},{"type":"Feature","properties":{"_color":"#3388ff","_opacity":1,"_weight":3},"geometry":{"type":"LineString","coordinates":[[130.96676,32.632],[130.98004,32.63397],[131.00061,32.63792],[131.01779,32.64581],[131.02507,32.6491],[131.03913,32.65108],[131.04512,32.65195],[131.07298,32.65985]]}},{"type":"Feature","properties":{"_color":"#3388ff","_opacity":1,"_weight":3},"geometry":{"type":"LineString","coordinates":[[131.10135,32.66752],[131.12322,32.6741],[131.13571,32.68046],[131.14222,32.68572]]}},{"type":"Feature","properties":{"_color":"#3388ff","_opacity":1,"_weight":3},"geometry":{"type":"LineString","coordinates":[[131.10786,32.66708],[131.12009,32.67081]]}},{"type":"Feature","properties":{"_color":"#3388ff","_opacity":1,"_weight":3},"geometry":{"type":"LineString","coordinates":[[131.12166,32.66993],[131.13408,32.67607],[131.14196,32.67914]]}},{"type":"Feature","properties":{"_color":"#3388ff","_opacity":1,"_weight":3},"geometry":{"type":"LineString","coordinates":[[129.94043,31.93022],[129.97127,31.98484],[129.99222,32.00958],[130.01477,32.03027],[130.02801,32.04392],[130.04489,32.06443]]}},{"type":"Feature","properties":{"_color":"#3388ff","_opacity":1,"_weight":3},"geometry":{"type":"LineString","coordinates":[[129.94163,31.60874],[129.96121,31.62161],[129.97484,31.63784],[129.99413,31.65643],[130.02093,31.67363],[130.04018,31.68766],[130.0848,31.72387],[130.1158,31.75516],[130.13601,31.76423]]}},{"type":"Feature","properties":{"_color":"#3388ff","_opacity":1,"_weight":3},"geometry":{"type":"LineString","coordinates":[[129.92533,31.47378],[129.93077,31.48713],[129.93907,31.50501],[129.94331,31.51302],[129.94892,31.52047],[129.95494,31.52793],[129.95843,31.53379],[129.96131,31.53993],[129.96639,31.54712],[129.97333,31.55323],[129.9809,31.5596],[129.98347,31.56547],[129.98451,31.57564],[129.984,31.58635],[129.98471,31.59492],[129.98793,31.60346],[129.9902,31.61094],[129.99182,31.61999],[130.0024,31.63923],[130.01488,31.64835],[130.04791,31.6785]]}},{"type":"Feature","properties":{"_color":"#3388ff","_opacity":1,"_weight":3},"geometry":{"type":"LineString","coordinates":[[129.74961,31.64725],[129.7595,31.6685],[129.77226,31.684],[129.78553,31.69529],[129.79933,31.70172],[129.81182,31.70614],[129.82328,31.70747],[129.82979,31.71544],[129.83838,31.72629],[129.84931,31.73426],[129.85842,31.73249],[129.87118,31.7305],[129.88784,31.73094],[129.90216,31.73426],[129.91517,31.74046],[129.92739,31.74939],[129.93834,31.75773],[129.95292,31.77212],[129.95735,31.7812],[129.96203,31.79117],[129.96906,31.80069],[129.97922,31.80888]]}},{"type":"Feature","properties":{"_color":"#3388ff","_opacity":1,"_weight":3},"geometry":{"type":"LineString","coordinates":[[129.97974,31.8091],[130.0016,31.80689],[130.0141,31.80113],[130.02581,31.7998],[130.03484,31.79622],[130.04268,31.79654],[130.05289,31.79803],[130.07059,31.79936],[130.08673,31.79847]]}},{"type":"Feature","properties":{"_color":"#3388ff","_opacity":1,"_weight":3},"geometry":{"type":"LineString","coordinates":[[130.01384,31.83877],[130.03076,31.8339],[130.05054,31.82527],[130.06564,31.82128],[130.08022,31.81995],[130.09376,31.81907]]}},{"type":"Feature","properties":{"_color":"#3388ff","_opacity":1,"_weight":3},"geometry":{"type":"LineString","coordinates":[[130.22209,31.72381],[130.25456,31.7213],[130.30032,31.72253],[130.36084,31.74254],[130.47893,31.77754]]}},{"type":"Feature","properties":{"_color":"#3388ff","_opacity":1,"_weight":3},"geometry":{"type":"LineString","coordinates":[[130.12466,31.73763],[130.16405,31.73559],[130.18518,31.73134],[130.22061,31.72381]]}},{"type":"Feature","properties":{"_color":"#3388ff","_opacity":1,"_weight":3},"geometry":{"type":"LineString","coordinates":[[130.3821,32.59463],[130.47758,32.6472],[130.55313,32.68961],[130.57133,32.69947],[130.58904,32.70504],[130.60531,32.70826]]}},{"type":"Feature","properties":{"_color":"#3388ff","_opacity":1,"_weight":3},"geometry":{"type":"LineString","coordinates":[[130.6169,32.6832],[130.63929,32.68784],[130.66195,32.69397],[130.68061,32.7011],[130.77137,32.7466]]}},{"type":"Feature","properties":{"_color":"#3388ff","_opacity":1,"_weight":3},"geometry":{"type":"LineString","coordinates":[[130.15865,31.50349],[130.18577,31.53644],[130.20734,31.56087],[130.23086,31.5893],[130.2481,31.61591],[130.25033,31.61883]]}},{"type":"Feature","properties":{"_color":"#3388ff","_opacity":1,"_weight":3},"geometry":{"type":"LineString","coordinates":[[130.25901,31.59735],[130.29811,31.63389]]}},{"type":"Feature","properties":{"_color":"#3388ff","_opacity":1,"_weight":3},"geometry":{"type":"LineString","coordinates":[[130.25972,32.17356],[130.26969,32.17723]]}},{"type":"Feature","properties":{"_color":"#3388ff","_opacity":1,"_weight":3},"geometry":{"type":"LineString","coordinates":[[130.24975,32.17075],[130.26244,32.17867]]}},{"type":"Feature","properties":{"_color":"#3388ff","_opacity":1,"_weight":3},"geometry":{"type":"LineString","coordinates":[[130.2709,32.18317],[130.27486,32.18977],[130.27758,32.19487],[130.28354,32.20084]]}},{"type":"Feature","properties":{"_color":"#3388ff","_opacity":1,"_weight":3},"geometry":{"type":"LineString","coordinates":[[130.2758,32.20016],[130.28402,32.2036]]}},{"type":"Feature","properties":{"_color":"#3388ff","_opacity":1,"_weight":3},"geometry":{"type":"LineString","coordinates":[[130.2961,32.18863],[130.31281,32.19276]]}},{"type":"Feature","properties":{"_color":"#3388ff","_opacity":1,"_weight":3},"geometry":{"type":"LineString","coordinates":[[130.31627,32.19808],[130.3235,32.20088],[130.32971,32.20643],[130.33815,32.21432]]}},{"type":"Feature","properties":{"_color":"#3388ff","_opacity":1,"_weight":3},"geometry":{"type":"LineString","coordinates":[[130.2762,32.17536],[130.28413,32.18431],[130.29059,32.19093],[130.30977,32.20016],[130.31948,32.20403],[130.32545,32.20916]]}},{"type":"Feature","properties":{"_color":"#3388ff","_opacity":1,"_weight":3},"geometry":{"type":"LineString","coordinates":[[130.27591,32.18108],[130.27936,32.18874],[130.28257,32.19554],[130.28903,32.20045]]}},{"type":"Feature","properties":{"_color":"#3388ff","_opacity":1,"_weight":3},"geometry":{"type":"LineString","coordinates":[[130.28385,32.19004],[130.29206,32.1956],[130.3075,32.20332]]}},{"type":"Feature","properties":{"_color":"#3388ff","_opacity":1,"_weight":3},"geometry":{"type":"LineString","coordinates":[[130.30025,32.20328],[130.31593,32.21312],[130.32689,32.21828],[130.33733,32.22597],[130.34505,32.23026],[130.35498,32.24071]]}},{"type":"Feature","properties":{"_color":"#3388ff","_opacity":1,"_weight":3},"geometry":{"type":"LineString","coordinates":[[130.25121,32.17754],[130.26067,32.1812],[130.26488,32.18822],[130.26883,32.19588],[130.27823,32.21056],[130.28914,32.22355],[130.29683,32.23314],[130.2998,32.23782]]}},{"type":"Feature","properties":{"_color":"#3388ff","_opacity":1,"_weight":3},"geometry":{"type":"LineString","coordinates":[[130.25352,32.20743],[130.26246,32.21724],[130.27066,32.22429]]}},{"type":"Feature","properties":{"_color":"#3388ff","_opacity":1,"_weight":3},"geometry":{"type":"LineString","coordinates":[[130.22893,32.18503],[130.23711,32.19525],[130.25299,32.21358],[130.26689,32.22765],[130.27459,32.23385]]}},{"type":"Feature","properties":{"_color":"#3388ff","_opacity":1,"_weight":3},"geometry":{"type":"LineString","coordinates":[[130.24048,32.21583],[130.2544,32.22715],[130.26783,32.23698],[130.28301,32.24662]]}},{"type":"Feature","properties":{"_color":"#3388ff","_opacity":1,"_weight":3},"geometry":{"type":"LineString","coordinates":[[130.282,32.24809],[130.29145,32.25557]]}},{"type":"Feature","properties":{"_color":"#3388ff","_opacity":1,"_weight":3},"geometry":{"type":"LineString","coordinates":[[130.28479,32.24154],[130.29473,32.25029],[130.3064,32.26202]]}},{"type":"Feature","properties":{"_color":"#3388ff","_opacity":1,"_weight":3},"geometry":{"type":"LineString","coordinates":[[130.27887,32.1881],[130.28856,32.19579],[130.29927,32.20158]]}},{"type":"Feature","properties":{"_color":"#3388ff","_opacity":1,"_weight":3},"geometry":{"type":"LineString","coordinates":[[130.33155,32.23293],[130.34098,32.24232]]}},{"type":"Feature","properties":{"_color":"#3388ff","_opacity":1,"_weight":3},"geometry":{"type":"LineString","coordinates":[[130.35657,32.2261],[130.36477,32.23251],[130.36997,32.23953],[130.3752,32.24232]]}},{"type":"Feature","properties":{"_color":"#3388ff","_opacity":1,"_weight":3},"geometry":{"type":"LineString","coordinates":[[130.36777,32.23168],[130.37149,32.23615],[130.37747,32.23915]]}},{"type":"Feature","properties":{"_color":"#3388ff","_opacity":1,"_weight":3},"geometry":{"type":"LineString","coordinates":[[130.37317,32.24697],[130.38517,32.24535],[130.39416,32.24689]]}},{"type":"Feature","properties":{"_color":"#3388ff","_opacity":1,"_weight":3},"geometry":{"type":"LineString","coordinates":[[130.40412,32.25034],[130.41359,32.25528],[130.41706,32.25911],[130.42103,32.2638]]}},{"type":"Feature","properties":{"_color":"#3388ff","_opacity":1,"_weight":3},"geometry":{"type":"LineString","coordinates":[[130.39336,32.25494],[130.40234,32.25711],[130.40732,32.25884]]}},{"type":"Feature","properties":{"_color":"#3388ff","_opacity":1,"_weight":3},"geometry":{"type":"LineString","coordinates":[[130.34369,32.24848],[130.35616,32.25153],[130.3639,32.25263]]}},{"type":"Feature","properties":{"_color":"#3388ff","_opacity":1,"_weight":3},"geometry":{"type":"LineString","coordinates":[[130.35864,32.25472],[130.36963,32.25415]]}},{"type":"Feature","properties":{"_color":"#3388ff","_opacity":1,"_weight":3},"geometry":{"type":"LineString","coordinates":[[130.30488,32.22259],[130.31805,32.23454],[130.33124,32.24226],[130.34044,32.25015],[130.35014,32.2553],[130.3681,32.25986]]}},{"type":"Feature","properties":{"_color":"#3388ff","_opacity":1,"_weight":3},"geometry":{"type":"LineString","coordinates":[[130.31178,32.2379],[130.32251,32.24114],[130.33446,32.24715]]}},{"type":"Feature","properties":{"_color":"#3388ff","_opacity":1,"_weight":3},"geometry":{"type":"LineString","coordinates":[[130.31923,32.246],[130.3342,32.24927],[130.33967,32.25312],[130.34614,32.25697],[130.35362,32.2585],[130.36061,32.25982]]}},{"type":"Feature","properties":{"_color":"#3388ff","_opacity":1,"_weight":3},"geometry":{"type":"LineString","coordinates":[[130.32292,32.25534],[130.33391,32.25541],[130.3379,32.25671],[130.34238,32.25843]]}},{"type":"Feature","properties":{"_color":"#3388ff","_opacity":1,"_weight":3},"geometry":{"type":"LineString","coordinates":[[130.32041,32.2566],[130.3289,32.25792],[130.33913,32.25884],[130.34612,32.26036]]}},{"type":"Feature","properties":{"_color":"#3388ff","_opacity":1,"_weight":3},"geometry":{"type":"LineString","coordinates":[[130.35335,32.2621],[130.36034,32.26215],[130.36384,32.26281]]}},{"type":"Feature","properties":{"_color":"#3388ff","_opacity":1,"_weight":3},"geometry":{"type":"LineString","coordinates":[[130.35183,32.26527],[130.36007,32.26532]]}},{"type":"Feature","properties":{"_color":"#3388ff","_opacity":1,"_weight":3},"geometry":{"type":"LineString","coordinates":[[130.31285,32.268],[130.3216,32.26784],[130.32684,32.26766]]}},{"type":"Feature","properties":{"_color":"#3388ff","_opacity":1,"_weight":3},"geometry":{"type":"LineString","coordinates":[[130.33432,32.26983],[130.34682,32.26757],[130.36281,32.26789],[130.3703,32.26814],[130.38852,32.26995],[130.39973,32.27448],[130.41243,32.28176],[130.42363,32.28713],[130.43134,32.29332],[130.4363,32.30014],[130.4385,32.30672]]}},{"type":"Feature","properties":{"_color":"#3388ff","_opacity":1,"_weight":3},"geometry":{"type":"LineString","coordinates":[[130.43094,32.27721],[130.43759,32.29167],[130.44056,32.29741]]}},{"type":"Feature","properties":{"_color":"#3388ff","_opacity":1,"_weight":3},"geometry":{"type":"LineString","coordinates":[[130.32633,32.26956],[130.34475,32.27943],[130.36045,32.2861],[130.37242,32.28872]]}},{"type":"Feature","properties":{"_color":"#3388ff","_opacity":1,"_weight":3},"geometry":{"type":"LineString","coordinates":[[130.34479,32.27349],[130.35679,32.2723],[130.36727,32.27279]]}},{"type":"Feature","properties":{"_color":"#3388ff","_opacity":1,"_weight":3},"geometry":{"type":"LineString","coordinates":[[130.37052,32.27281],[130.38473,32.27671],[130.39769,32.28252],[130.41161,32.29384]]}},{"type":"Feature","properties":{"_color":"#3388ff","_opacity":1,"_weight":3},"geometry":{"type":"LineString","coordinates":[[130.38597,32.27947],[130.40239,32.28933],[130.41657,32.29938],[130.42654,32.30325],[130.43723,32.31095],[130.44343,32.3182]]}},{"type":"Feature","properties":{"_color":"#3388ff","_opacity":1,"_weight":3},"geometry":{"type":"LineString","coordinates":[[130.40617,32.28363],[130.4124,32.28685]]}},{"type":"Feature","properties":{"_color":"#3388ff","_opacity":1,"_weight":3},"geometry":{"type":"LineString","coordinates":[[130.41813,32.28964],[130.42833,32.29585],[130.43553,32.3031],[130.44146,32.31246],[130.44492,32.32032],[130.44864,32.32395]]}},{"type":"Feature","properties":{"_color":"#3388ff","_opacity":1,"_weight":3},"geometry":{"type":"LineString","coordinates":[[130.38302,32.27183],[130.39448,32.2755]]}},{"type":"Feature","properties":{"_color":"#3388ff","_opacity":1,"_weight":3},"geometry":{"type":"LineString","coordinates":[[130.36904,32.26983],[130.37653,32.27052],[130.38077,32.27181]]}},{"type":"Feature","properties":{"_color":"#3388ff","_opacity":1,"_weight":3},"geometry":{"type":"LineString","coordinates":[[130.35744,32.28799],[130.37864,32.29342],[130.39109,32.29901],[130.40106,32.30288],[130.41449,32.3125],[130.41698,32.314]]}},{"type":"Feature","properties":{"_color":"#3388ff","_opacity":1,"_weight":3},"geometry":{"type":"LineString","coordinates":[[130.42171,32.31615],[130.42967,32.32108],[130.43889,32.32558],[130.44162,32.32857]]}},{"type":"Feature","properties":{"_color":"#3388ff","_opacity":1,"_weight":3},"geometry":{"type":"LineString","coordinates":[[130.40182,32.30056],[130.42151,32.30852],[130.42872,32.31365],[130.43992,32.32008],[130.44964,32.32438]]}},{"type":"Feature","properties":{"_color":"#3388ff","_opacity":1,"_weight":3},"geometry":{"type":"LineString","coordinates":[[130.36491,32.29248],[130.3776,32.29913],[130.39606,32.30434],[130.40999,32.31332],[130.43041,32.32256],[130.4339,32.32407]]}},{"type":"Feature","properties":{"_color":"#3388ff","_opacity":1,"_weight":3},"geometry":{"type":"LineString","coordinates":[[130.4339,32.32492],[130.44162,32.32899],[130.44909,32.33158],[130.45553,32.34052],[130.45923,32.34797],[130.46239,32.36324],[130.46335,32.3694]]}},{"type":"Feature","properties":{"_color":"#3388ff","_opacity":1,"_weight":3},"geometry":{"type":"LineString","coordinates":[[130.42666,32.32445],[130.43636,32.32981],[130.44483,32.33389]]}},{"type":"Feature","properties":{"_color":"#3388ff","_opacity":1,"_weight":3},"geometry":{"type":"LineString","coordinates":[[130.42191,32.32548],[130.4356,32.33256],[130.44556,32.33665]]}},{"type":"Feature","properties":{"_color":"#3388ff","_opacity":1,"_weight":3},"geometry":{"type":"LineString","coordinates":[[130.39692,32.32638],[130.40514,32.33088],[130.4156,32.33519]]}},{"type":"Feature","properties":{"_color":"#3388ff","_opacity":1,"_weight":3},"geometry":{"type":"LineString","coordinates":[[130.24013,34.04244],[130.244,34.03459],[130.25729,34.02491],[130.27335,34.01755],[130.28497,34.00602],[130.2966,33.99634],[130.31931,33.98621],[130.33869,33.97377],[130.3564,33.95625],[130.37689,33.94612],[130.39184,33.93737],[130.39959,33.93461]]}},{"type":"Feature","properties":{"_color":"#3388ff","_opacity":1,"_weight":3},"geometry":{"type":"LineString","coordinates":[[130.27114,34.02078],[130.26007,34.03092]]}},{"type":"Feature","properties":{"_color":"#3388ff","_opacity":1,"_weight":3},"geometry":{"type":"LineString","coordinates":[[130.1903,34.0807],[130.18643,34.08716],[130.18478,34.09224]]}},{"type":"Feature","properties":{"_color":"#3388ff","_opacity":1,"_weight":3},"geometry":{"type":"LineString","coordinates":[[130.1765,34.12457],[130.1682,34.13426]]}},{"type":"Feature","properties":{"_color":"#3388ff","_opacity":1,"_weight":3},"geometry":{"type":"LineString","coordinates":[[130.16211,34.13702],[130.14826,34.14485]]}},{"type":"Feature","properties":{"_color":"#3388ff","_opacity":1,"_weight":3},"geometry":{"type":"LineString","coordinates":[[130.21579,34.07474],[130.21082,34.08906]]}},{"type":"Feature","properties":{"_color":"#3388ff","_opacity":1,"_weight":3},"geometry":{"type":"LineString","coordinates":[[130.79823,33.69679],[130.80562,33.6832]]}},{"type":"Feature","properties":{"_color":"#3388ff","_opacity":1,"_weight":3},"geometry":{"type":"LineString","coordinates":[[130.78923,33.7021],[130.78866,33.70904]]}},{"type":"Feature","properties":{"_color":"#3388ff","_opacity":1,"_weight":3},"geometry":{"type":"LineString","coordinates":[[130.25602,33.35901],[130.2667,33.35765],[130.27882,33.35475],[130.28888,33.35134],[130.30154,33.34716],[130.31137,33.34593],[130.31815,33.34512],[130.32623,33.34375],[130.33202,33.34358],[130.33858,33.34386]]}},{"type":"Feature","properties":{"_color":"#3388ff","_opacity":1,"_weight":3},"geometry":{"type":"LineString","coordinates":[[130.27996,33.35354],[130.28713,33.34813]]}},{"type":"Feature","properties":{"_color":"#3388ff","_opacity":1,"_weight":3},"geometry":{"type":"LineString","coordinates":[[130.25982,33.37311],[130.27507,33.36498],[130.28399,33.36079]]}},{"type":"Feature","properties":{"_color":"#3388ff","_opacity":1,"_weight":3},"geometry":{"type":"LineString","coordinates":[[130.75544,33.86456],[130.75765,33.85422],[130.75987,33.84776],[130.7612,33.84092],[130.75965,33.83427],[130.75721,33.8278],[130.75588,33.82263],[130.75345,33.81875],[130.75079,33.81339],[130.74968,33.80692],[130.75013,33.80267],[130.75411,33.79436],[130.76031,33.77772],[130.7643,33.76626],[130.76873,33.75461],[130.77205,33.74444],[130.78268,33.7265],[130.79708,33.70911],[130.80793,33.69301],[130.81767,33.67894]]}},{"type":"Feature","properties":{"_color":"#3388ff","_opacity":1,"_weight":3},"geometry":{"type":"LineString","coordinates":[[130.75611,33.77717],[130.755,33.78142]]}},{"type":"Feature","properties":{"_color":"#3388ff","_opacity":1,"_weight":3},"geometry":{"type":"LineString","coordinates":[[131.00804,33.24501],[131.01658,33.24381],[131.02433,33.24557],[131.02967,33.24789],[131.03403,33.24909],[131.03875,33.24938],[131.0427,33.2504],[131.05002,33.2493],[131.05635,33.2493],[131.06608,33.25049],[131.07515,33.25003],[131.08465,33.24976],[131.08913,33.24893],[131.09405,33.24629],[131.10039,33.24217],[131.10673,33.23669],[131.11077,33.2345],[131.11558,33.23295],[131.12277,33.23032],[131.12864,33.23002],[131.13503,33.22792]]}},{"type":"Feature","properties":{"_color":"#3388ff","_opacity":1,"_weight":3},"geometry":{"type":"LineString","coordinates":[[130.99184,33.24015],[131.00038,33.23948],[131.00537,33.23993],[131.01053,33.24038],[131.01525,33.24053],[131.01818,33.24023],[131.02744,33.2409],[131.03385,33.24016],[131.04008,33.24143]]}},{"type":"Feature","properties":{"_color":"#3388ff","_opacity":1,"_weight":3},"geometry":{"type":"LineString","coordinates":[[130.99718,33.23652],[131.00332,33.23555],[131.00831,33.2366],[131.01391,33.236],[131.01907,33.23622],[131.02539,33.23443],[131.02913,33.23308],[131.03421,33.23264],[131.0391,33.23114]]}},{"type":"Feature","properties":{"_color":"#3388ff","_opacity":1,"_weight":3},"geometry":{"type":"LineString","coordinates":[[131.02771,33.22942],[131.03474,33.22987],[131.04133,33.22882],[131.05209,33.22623]]}},{"type":"Feature","properties":{"_color":"#3388ff","_opacity":1,"_weight":3},"geometry":{"type":"LineString","coordinates":[[130.99816,33.20634],[131.00466,33.20597],[131.01089,33.20402],[131.01525,33.2029],[131.02112,33.20208],[131.02682,33.202],[131.0318,33.20328],[131.03688,33.20223],[131.04171,33.20143],[131.04794,33.20136],[131.05432,33.20058],[131.05984,33.19834],[131.06389,33.19695],[131.06859,33.19567],[131.08006,33.19055],[131.08575,33.18947],[131.09678,33.18507]]}},{"type":"Feature","properties":{"_color":"#3388ff","_opacity":1,"_weight":3},"geometry":{"type":"LineString","coordinates":[[131.04084,33.19578],[131.05067,33.1955],[131.05504,33.19441],[131.05909,33.19239]]}},{"type":"Feature","properties":{"_color":"#3388ff","_opacity":1,"_weight":3},"geometry":{"type":"LineString","coordinates":[[131.03999,33.19369],[131.04702,33.19324],[131.05187,33.1923],[131.05909,33.18828]]}},{"type":"Feature","properties":{"_color":"#3388ff","_opacity":1,"_weight":3},"geometry":{"type":"LineString","coordinates":[[131.03281,33.18988],[131.04091,33.18921],[131.05106,33.18757],[131.05657,33.18636]]}},{"type":"Feature","properties":{"_color":"#3388ff","_opacity":1,"_weight":3},"geometry":{"type":"LineString","coordinates":[[131.03339,33.18685],[131.04229,33.18558],[131.04808,33.18461],[131.05624,33.1848],[131.05963,33.18416],[131.06236,33.18169],[131.06444,33.18078],[131.07045,33.1806],[131.07825,33.1769],[131.08608,33.17503],[131.09151,33.17451],[131.09667,33.17548],[131.09973,33.17657]]}},{"type":"Feature","properties":{"_color":"#3388ff","_opacity":1,"_weight":3},"geometry":{"type":"LineString","coordinates":[[131.05176,33.23382],[131.05667,33.23574],[131.06301,33.23675],[131.0711,33.23702]]}},{"type":"Feature","properties":{"_color":"#3388ff","_opacity":1,"_weight":3},"geometry":{"type":"LineString","coordinates":[[131.06662,33.23519],[131.0781,33.23528],[131.08302,33.23538],[131.09132,33.23721],[131.09832,33.23775],[131.10455,33.23803]]}},{"type":"Feature","properties":{"_color":"#3388ff","_opacity":1,"_weight":3},"geometry":{"type":"LineString","coordinates":[[131.04848,33.23154],[131.05514,33.23282],[131.06137,33.23318],[131.06465,33.23309]]}},{"type":"Feature","properties":{"_color":"#3388ff","_opacity":1,"_weight":3},"geometry":{"type":"LineString","coordinates":[[131.05656,33.22577],[131.06334,33.22696],[131.07525,33.22742],[131.08487,33.22833],[131.09034,33.22769],[131.09755,33.22477],[131.10378,33.2233],[131.10903,33.22248],[131.11482,33.22266]]}},{"type":"Feature","properties":{"_color":"#3388ff","_opacity":1,"_weight":3},"geometry":{"type":"LineString","coordinates":[[131.06039,33.2084],[131.06378,33.20904],[131.07274,33.21023]]}},{"type":"Feature","properties":{"_color":"#3388ff","_opacity":1,"_weight":3},"geometry":{"type":"LineString","coordinates":[[131.05154,33.20501],[131.05624,33.2062],[131.05995,33.20611],[131.06367,33.20538],[131.06728,33.20575],[131.07219,33.20712],[131.07679,33.20739],[131.07952,33.20657],[131.08203,33.20547],[131.0863,33.20474]]}},{"type":"Feature","properties":{"_color":"#3388ff","_opacity":1,"_weight":3},"geometry":{"type":"LineString","coordinates":[[131.06258,33.20337],[131.0676,33.20136],[131.07438,33.19944],[131.07908,33.19879],[131.08291,33.19852]]}},{"type":"Feature","properties":{"_color":"#3388ff","_opacity":1,"_weight":3},"geometry":{"type":"LineString","coordinates":[[131.064,33.19779],[131.0723,33.19651],[131.08192,33.19239]]}},{"type":"Feature","properties":{"_color":"#3388ff","_opacity":1,"_weight":3},"geometry":{"type":"LineString","coordinates":[[131.05799,33.18517],[131.0664,33.18435],[131.07733,33.18133],[131.0864,33.17913],[131.09351,33.17895],[131.09755,33.18105],[131.10291,33.18178],[131.10608,33.18133],[131.11318,33.17804]]}},{"type":"Feature","properties":{"_color":"#3388ff","_opacity":1,"_weight":3},"geometry":{"type":"LineString","coordinates":[[131.08737,33.17189],[131.09397,33.17352],[131.10356,33.17374],[131.10761,33.17484],[131.11154,33.17657]]}},{"type":"Feature","properties":{"_color":"#3388ff","_opacity":1,"_weight":3},"geometry":{"type":"LineString","coordinates":[[131.09723,33.17054],[131.10345,33.16935],[131.1134,33.16734]]}},{"type":"Feature","properties":{"_color":"#3388ff","_opacity":1,"_weight":3},"geometry":{"type":"LineString","coordinates":[[131.08881,33.19642],[131.09515,33.1923],[131.09865,33.19029],[131.1051,33.18956],[131.10848,33.18828],[131.11351,33.18709],[131.11756,33.18499],[131.12324,33.18352]]}},{"type":"Feature","properties":{"_color":"#3388ff","_opacity":1,"_weight":3},"geometry":{"type":"LineString","coordinates":[[131.10794,33.18297],[131.11504,33.17968],[131.11974,33.17932],[131.1263,33.1795],[131.13122,33.1784]]}},{"type":"Feature","properties":{"_color":"#3388ff","_opacity":1,"_weight":3},"geometry":{"type":"LineString","coordinates":[[131.11504,33.20017],[131.12204,33.20063],[131.1275,33.19962],[131.13144,33.20035],[131.13799,33.19889],[131.14324,33.19733]]}},{"type":"Feature","properties":{"_color":"#3388ff","_opacity":1,"_weight":3},"geometry":{"type":"LineString","coordinates":[[131.10553,33.19514],[131.11286,33.19395],[131.11963,33.19239],[131.12554,33.19066],[131.13439,33.18938],[131.13996,33.1881],[131.14466,33.1859]]}},{"type":"Feature","properties":{"_color":"#3388ff","_opacity":1,"_weight":3},"geometry":{"type":"LineString","coordinates":[[131.12554,33.17365],[131.13461,33.17447],[131.13963,33.17365],[131.14477,33.17154],[131.1533,33.16907],[131.16281,33.16761],[131.16795,33.16642],[131.17199,33.16487],[131.17723,33.16414]]}},{"type":"Feature","properties":{"_color":"#3388ff","_opacity":1,"_weight":3},"geometry":{"type":"LineString","coordinates":[[131.14521,33.15279],[131.15461,33.15344],[131.16477,33.15581],[131.17144,33.15554],[131.18489,33.15581]]}},{"type":"Feature","properties":{"_color":"#3388ff","_opacity":1,"_weight":3},"geometry":{"type":"LineString","coordinates":[[131.15909,33.1527],[131.16488,33.15179],[131.18062,33.15133],[131.18784,33.14841],[131.19374,33.14813],[131.19724,33.14749]]}},{"type":"Feature","properties":{"_color":"#3388ff","_opacity":1,"_weight":3},"geometry":{"type":"LineString","coordinates":[[131.17877,33.14877],[131.18609,33.14658],[131.19101,33.14585],[131.19516,33.1453],[131.20095,33.1453]]}},{"type":"Feature","properties":{"_color":"#3388ff","_opacity":1,"_weight":3},"geometry":{"type":"LineString","coordinates":[[131.13286,33.17794],[131.14007,33.17566],[131.14707,33.17502],[131.15133,33.17292],[131.15384,33.17118]]}},{"type":"Feature","properties":{"_color":"#3388ff","_opacity":1,"_weight":3},"geometry":{"type":"LineString","coordinates":[[131.14882,33.17639],[131.15275,33.17685],[131.15537,33.17593],[131.15931,33.17301]]}},{"type":"Feature","properties":{"_color":"#3388ff","_opacity":1,"_weight":3},"geometry":{"type":"LineString","coordinates":[[131.16139,33.17191],[131.17111,33.16889]]}},{"type":"Feature","properties":{"_color":"#3388ff","_opacity":1,"_weight":3},"geometry":{"type":"LineString","coordinates":[[131.13832,33.18169],[131.14401,33.18197],[131.14827,33.17996],[131.15253,33.17886],[131.16117,33.17886],[131.16958,33.17804],[131.17723,33.17785]]}},{"type":"Feature","properties":{"_color":"#3388ff","_opacity":1,"_weight":3},"geometry":{"type":"LineString","coordinates":[[131.1698,33.17292],[131.17549,33.17063],[131.18215,33.16761],[131.18849,33.16624],[131.1933,33.16624],[131.20063,33.16816]]}},{"type":"Feature","properties":{"_color":"#3388ff","_opacity":1,"_weight":3},"geometry":{"type":"LineString","coordinates":[[131.17767,33.19185],[131.18172,33.19258],[131.19035,33.19486],[131.19472,33.19559],[131.19953,33.19596],[131.20259,33.19651]]}},{"type":"Feature","properties":{"_color":"#3388ff","_opacity":1,"_weight":3},"geometry":{"type":"LineString","coordinates":[[131.17603,33.17602],[131.18095,33.17575],[131.18609,33.17602],[131.19439,33.17438],[131.198,33.17282],[131.20172,33.17173],[131.20751,33.1699]]}},{"type":"Feature","properties":{"_color":"#3388ff","_opacity":1,"_weight":3},"geometry":{"type":"LineString","coordinates":[[131.17243,33.16075],[131.18401,33.1613],[131.19669,33.16103],[131.20981,33.15993],[131.21571,33.15837],[131.22041,33.15645]]}},{"type":"Feature","properties":{"_color":"#3388ff","_opacity":1,"_weight":3},"geometry":{"type":"LineString","coordinates":[[131.19571,33.12317],[131.20314,33.12317],[131.20915,33.12454],[131.21374,33.12801]]}},{"type":"Feature","properties":{"_color":"#3388ff","_opacity":1,"_weight":3},"geometry":{"type":"LineString","coordinates":[[131.2109,33.12362],[131.21418,33.12527],[131.2168,33.12701]]}},{"type":"Feature","properties":{"_color":"#3388ff","_opacity":1,"_weight":3},"geometry":{"type":"LineString","coordinates":[[131.21527,33.13396],[131.22194,33.13597],[131.22631,33.1388],[131.2297,33.13935],[131.23637,33.13825]]}},{"type":"Feature","properties":{"_color":"#3388ff","_opacity":1,"_weight":3},"geometry":{"type":"LineString","coordinates":[[131.24478,33.15892],[131.2485,33.15801],[131.25582,33.15499],[131.26085,33.1538],[131.26599,33.15389],[131.27309,33.1549]]}},{"type":"Feature","properties":{"_color":"#3388ff","_opacity":1,"_weight":3},"geometry":{"type":"LineString","coordinates":[[131.25451,33.1591],[131.25801,33.15801],[131.26337,33.15581]]}},{"type":"Feature","properties":{"_color":"#3388ff","_opacity":1,"_weight":3},"geometry":{"type":"LineString","coordinates":[[131.1933,33.19953],[131.1991,33.20008]]}},{"type":"Feature","properties":{"_color":"#3388ff","_opacity":1,"_weight":3},"geometry":{"type":"LineString","coordinates":[[131.19953,33.20209],[131.20478,33.20209]]}},{"type":"Feature","properties":{"_color":"#3388ff","_opacity":1,"_weight":3},"geometry":{"type":"LineString","coordinates":[[131.21254,33.19879],[131.21724,33.20035],[131.22107,33.20126]]}},{"type":"Feature","properties":{"_color":"#3388ff","_opacity":1,"_weight":3},"geometry":{"type":"LineString","coordinates":[[131.2262,33.20675],[131.2321,33.20849],[131.23549,33.21014]]}},{"type":"Feature","properties":{"_color":"#3388ff","_opacity":1,"_weight":3},"geometry":{"type":"LineString","coordinates":[[131.23068,33.21114],[131.23385,33.2127],[131.24074,33.21434],[131.24347,33.21581]]}},{"type":"Feature","properties":{"_color":"#3388ff","_opacity":1,"_weight":3},"geometry":{"type":"LineString","coordinates":[[131.12422,33.22413],[131.13876,33.21663],[131.14226,33.21507],[131.14521,33.2127],[131.15013,33.20757],[131.15843,33.20026]]}},{"type":"Feature","properties":{"_color":"#3388ff","_opacity":1,"_weight":3},"geometry":{"type":"LineString","coordinates":[[131.14149,33.22806],[131.15297,33.21965],[131.15548,33.21818]]}},{"type":"Feature","properties":{"_color":"#3388ff","_opacity":1,"_weight":3},"geometry":{"type":"LineString","coordinates":[[131.27014,33.23291],[131.27583,33.23639],[131.28381,33.24142]]}},{"type":"Feature","properties":{"_color":"#3388ff","_opacity":1,"_weight":3},"geometry":{"type":"LineString","coordinates":[[131.29255,33.2341],[131.29987,33.23126],[131.3084,33.22925]]}},{"type":"Feature","properties":{"_color":"#3388ff","_opacity":1,"_weight":3},"geometry":{"type":"LineString","coordinates":[[131.27386,33.22779],[131.27965,33.2309],[131.28446,33.23181],[131.2908,33.23145],[131.29441,33.23017],[131.29856,33.22797],[131.30446,33.2277]]}},{"type":"Feature","properties":{"_color":"#3388ff","_opacity":1,"_weight":3},"geometry":{"type":"LineString","coordinates":[[131.27703,33.22605],[131.28173,33.2277],[131.28763,33.2287],[131.29266,33.22779],[131.29561,33.22651],[131.29834,33.22596]]}},{"type":"Feature","properties":{"_color":"#3388ff","_opacity":1,"_weight":3},"geometry":{"type":"LineString","coordinates":[[131.28927,33.22486],[131.29375,33.22559],[131.29714,33.22505]]}},{"type":"Feature","properties":{"_color":"#3388ff","_opacity":1,"_weight":3},"geometry":{"type":"LineString","coordinates":[[131.28206,33.2223],[131.28861,33.2223],[131.29452,33.22111],[131.2979,33.22047]]}},{"type":"Feature","properties":{"_color":"#3388ff","_opacity":1,"_weight":3},"geometry":{"type":"LineString","coordinates":[[131.27386,33.21718],[131.27823,33.22047]]}},{"type":"Feature","properties":{"_color":"#3388ff","_opacity":1,"_weight":3},"geometry":{"type":"LineString","coordinates":[[131.27167,33.21096],[131.27834,33.21242]]}},{"type":"Feature","properties":{"_color":"#3388ff","_opacity":1,"_weight":3},"geometry":{"type":"LineString","coordinates":[[131.24741,33.21745],[131.25243,33.21901],[131.25878,33.21983],[131.26708,33.22212]]}},{"type":"Feature","properties":{"_color":"#3388ff","_opacity":1,"_weight":3},"geometry":{"type":"LineString","coordinates":[[131.2473,33.21078],[131.25659,33.21215],[131.25965,33.21288],[131.2626,33.21462],[131.26654,33.21718]]}},{"type":"Feature","properties":{"_color":"#3388ff","_opacity":1,"_weight":3},"geometry":{"type":"LineString","coordinates":[[131.2508,33.20739],[131.25386,33.20968],[131.25637,33.21005],[131.25834,33.21041],[131.26052,33.21142]]}},{"type":"Feature","properties":{"_color":"#3388ff","_opacity":1,"_weight":3},"geometry":{"type":"LineString","coordinates":[[131.24369,33.20044],[131.24861,33.20282],[131.25233,33.20447],[131.25725,33.20437],[131.26151,33.20437],[131.26588,33.20337],[131.27233,33.20346],[131.27736,33.20428],[131.28009,33.20547],[131.28359,33.20492],[131.2885,33.20355],[131.29157,33.20209]]}},{"type":"Feature","properties":{"_color":"#3388ff","_opacity":1,"_weight":3},"geometry":{"type":"LineString","coordinates":[[131.27605,33.2073],[131.28053,33.20739],[131.28796,33.20794],[131.29157,33.20758],[131.29517,33.20538],[131.30053,33.20136],[131.30578,33.19733],[131.30927,33.19596],[131.3155,33.19541]]}},{"type":"Feature","properties":{"_color":"#3388ff","_opacity":1,"_weight":3},"geometry":{"type":"LineString","coordinates":[[131.24577,33.19944],[131.25145,33.20026]]}},{"type":"Feature","properties":{"_color":"#3388ff","_opacity":1,"_weight":3},"geometry":{"type":"LineString","coordinates":[[131.24894,33.19642],[131.25429,33.19797]]}},{"type":"Feature","properties":{"_color":"#3388ff","_opacity":1,"_weight":3},"geometry":{"type":"LineString","coordinates":[[131.24183,33.19184],[131.24872,33.19367],[131.25386,33.19477],[131.26643,33.19431],[131.27484,33.19358],[131.27921,33.19486],[131.28337,33.19486],[131.28599,33.19395]]}},{"type":"Feature","properties":{"_color":"#3388ff","_opacity":1,"_weight":3},"geometry":{"type":"LineString","coordinates":[[131.23079,33.18389],[131.24161,33.18672],[131.24653,33.18919],[131.2497,33.19093],[131.25353,33.19175],[131.26107,33.19194],[131.2649,33.19102],[131.26697,33.18947],[131.26981,33.18874]]}},{"type":"Feature","properties":{"_color":"#3388ff","_opacity":1,"_weight":3},"geometry":{"type":"LineString","coordinates":[[131.25178,33.18928],[131.25637,33.18992],[131.26205,33.18892],[131.26621,33.18709],[131.27189,33.18608],[131.27451,33.18462],[131.27648,33.1816]]}},{"type":"Feature","properties":{"_color":"#3388ff","_opacity":1,"_weight":3},"geometry":{"type":"LineString","coordinates":[[131.24774,33.18745],[131.25582,33.18563],[131.26391,33.18288],[131.27703,33.18133],[131.28293,33.18105],[131.28774,33.18261],[131.29485,33.18599]]}},{"type":"Feature","properties":{"_color":"#3388ff","_opacity":1,"_weight":3},"geometry":{"type":"LineString","coordinates":[[131.25692,33.18105],[131.26577,33.17867]]}},{"type":"Feature","properties":{"_color":"#3388ff","_opacity":1,"_weight":3},"geometry":{"type":"LineString","coordinates":[[131.2685,33.17767],[131.27572,33.17529],[131.28107,33.17492],[131.28512,33.17584],[131.28938,33.1773]]}},{"type":"Feature","properties":{"_color":"#3388ff","_opacity":1,"_weight":3},"geometry":{"type":"LineString","coordinates":[[131.23604,33.18187],[131.24402,33.17941],[131.24883,33.17849],[131.25364,33.17639],[131.25856,33.1741],[131.26675,33.17172],[131.27156,33.17236]]}},{"type":"Feature","properties":{"_color":"#3388ff","_opacity":1,"_weight":3},"geometry":{"type":"LineString","coordinates":[[131.26216,33.16953],[131.26807,33.16971],[131.27298,33.16843],[131.27823,33.16715],[131.28227,33.16733],[131.28654,33.16944],[131.29091,33.17355],[131.29364,33.17584],[131.2979,33.17712],[131.30272,33.17931]]}},{"type":"Feature","properties":{"_color":"#3388ff","_opacity":1,"_weight":3},"geometry":{"type":"LineString","coordinates":[[131.29769,33.18169],[131.30326,33.18032],[131.30818,33.17803],[131.3131,33.17502]]}},{"type":"Feature","properties":{"_color":"#3388ff","_opacity":1,"_weight":3},"geometry":{"type":"LineString","coordinates":[[131.29627,33.18389],[131.30075,33.18462],[131.30567,33.18462],[131.31299,33.18297]]}},{"type":"Feature","properties":{"_color":"#3388ff","_opacity":1,"_weight":3},"geometry":{"type":"LineString","coordinates":[[131.28096,33.2019],[131.2837,33.1998],[131.28708,33.19834],[131.29211,33.19815],[131.29517,33.19733],[131.30129,33.19367],[131.30523,33.19184],[131.30993,33.19047]]}},{"type":"Feature","properties":{"_color":"#3388ff","_opacity":1,"_weight":3},"geometry":{"type":"LineString","coordinates":[[131.31365,33.19047],[131.31802,33.18837]]}},{"type":"Feature","properties":{"_color":"#3388ff","_opacity":1,"_weight":3},"geometry":{"type":"LineString","coordinates":[[131.29911,33.18992],[131.30392,33.18937],[131.31059,33.18764],[131.31791,33.18389],[131.32075,33.1837],[131.32348,33.18306]]}},{"type":"Feature","properties":{"_color":"#3388ff","_opacity":1,"_weight":3},"geometry":{"type":"LineString","coordinates":[[131.31212,33.17099],[131.31725,33.17355]]}},{"type":"Feature","properties":{"_color":"#3388ff","_opacity":1,"_weight":3},"geometry":{"type":"LineString","coordinates":[[131.29266,33.25147],[131.29736,33.24946],[131.30075,33.24772],[131.30293,33.24708]]}},{"type":"Feature","properties":{"_color":"#3388ff","_opacity":1,"_weight":3},"geometry":{"type":"LineString","coordinates":[[131.31408,33.24992],[131.31977,33.25019],[131.32643,33.25138]]}},{"type":"Feature","properties":{"_color":"#3388ff","_opacity":1,"_weight":3},"geometry":{"type":"LineString","coordinates":[[131.3155,33.26062],[131.32184,33.26107]]}},{"type":"Feature","properties":{"_color":"#3388ff","_opacity":1,"_weight":3},"geometry":{"type":"LineString","coordinates":[[131.29146,33.25879],[131.29659,33.26053],[131.29965,33.26053]]}},{"type":"Feature","properties":{"_color":"#3388ff","_opacity":1,"_weight":3},"geometry":{"type":"LineString","coordinates":[[131.29135,33.25577],[131.29998,33.25851],[131.30512,33.25925],[131.31605,33.26318]]}},{"type":"Feature","properties":{"_color":"#3388ff","_opacity":1,"_weight":3},"geometry":{"type":"LineString","coordinates":[[131.32304,33.26391],[131.3389,33.26638]]}},{"type":"Feature","properties":{"_color":"#3388ff","_opacity":1,"_weight":3},"geometry":{"type":"LineString","coordinates":[[131.33288,33.27114],[131.33737,33.27223],[131.34295,33.27232],[131.34962,33.27114]]}},{"type":"Feature","properties":{"_color":"#3388ff","_opacity":1,"_weight":3},"geometry":{"type":"LineString","coordinates":[[131.29592,33.27991],[131.29865,33.28266],[131.29942,33.28595],[131.30182,33.28888]]}},{"type":"Feature","properties":{"_color":"#3388ff","_opacity":1,"_weight":3},"geometry":{"type":"LineString","coordinates":[[131.2899,33.29473],[131.29143,33.29775],[131.29449,33.29957],[131.29865,33.30049]]}},{"type":"Feature","properties":{"_color":"#3388ff","_opacity":1,"_weight":3},"geometry":{"type":"LineString","coordinates":[[131.29023,33.30406],[131.29438,33.30616],[131.2981,33.30643],[131.30215,33.30643],[131.30499,33.3079],[131.30904,33.31]]}},{"type":"Feature","properties":{"_color":"#3388ff","_opacity":1,"_weight":3},"geometry":{"type":"LineString","coordinates":[[131.31046,33.30131],[131.31648,33.30232],[131.32326,33.30268]]}},{"type":"Feature","properties":{"_color":"#3388ff","_opacity":1,"_weight":3},"geometry":{"type":"LineString","coordinates":[[131.33124,33.28778],[131.33627,33.28632]]}},{"type":"Feature","properties":{"_color":"#3388ff","_opacity":1,"_weight":3},"geometry":{"type":"LineString","coordinates":[[131.34448,33.28421],[131.35104,33.28394],[131.35585,33.28275],[131.3599,33.28055],[131.36427,33.2779]]}},{"type":"Feature","properties":{"_color":"#3388ff","_opacity":1,"_weight":3},"geometry":{"type":"LineString","coordinates":[[131.36187,33.28193],[131.36526,33.28101],[131.36832,33.28101],[131.37401,33.28211]]}},{"type":"Feature","properties":{"_color":"#3388ff","_opacity":1,"_weight":3},"geometry":{"type":"LineString","coordinates":[[131.3506,33.2876],[131.35574,33.28632],[131.36045,33.28586],[131.3669,33.2875],[131.37324,33.28769]]}},{"type":"Feature","properties":{"_color":"#3388ff","_opacity":1,"_weight":3},"geometry":{"type":"LineString","coordinates":[[131.3412,33.29125],[131.34623,33.29272],[131.3517,33.29281],[131.35607,33.29299],[131.36406,33.29409],[131.37051,33.29427]]}},{"type":"Feature","properties":{"_color":"#3388ff","_opacity":1,"_weight":3},"geometry":{"type":"LineString","coordinates":[[131.3202,33.3004],[131.3237,33.30058],[131.32807,33.30186],[131.33649,33.30104],[131.34415,33.30104],[131.34841,33.30022],[131.3517,33.29875],[131.35848,33.2983],[131.36712,33.29573],[131.37652,33.29573]]}},{"type":"Feature","properties":{"_color":"#3388ff","_opacity":1,"_weight":3},"geometry":{"type":"LineString","coordinates":[[131.30817,33.30424],[131.31538,33.30607],[131.33113,33.30808],[131.33704,33.30854],[131.3401,33.30735],[131.34316,33.30543],[131.34765,33.30406],[131.35356,33.3025],[131.36241,33.30232],[131.36734,33.30113],[131.3704,33.30049]]}},{"type":"Feature","properties":{"_color":"#3388ff","_opacity":1,"_weight":3},"geometry":{"type":"LineString","coordinates":[[131.20021,33.30643],[131.20798,33.3057],[131.21279,33.30524]]}},{"type":"Feature","properties":{"_color":"#3388ff","_opacity":1,"_weight":3},"geometry":{"type":"LineString","coordinates":[[131.15635,33.32518],[131.16565,33.32216],[131.17112,33.32079],[131.1767,33.3197],[131.18118,33.31988],[131.18884,33.32152],[131.19737,33.32189],[131.21574,33.32189],[131.24976,33.3218]]}},{"type":"Feature","properties":{"_color":"#3388ff","_opacity":1,"_weight":3},"geometry":{"type":"LineString","coordinates":[[131.24702,33.32555],[131.25599,33.32838],[131.26212,33.32939],[131.26595,33.32857],[131.27065,33.32747],[131.28312,33.32793],[131.29274,33.3282],[131.29821,33.32701],[131.30313,33.32473],[131.31046,33.3229],[131.31724,33.32216],[131.32687,33.31988],[131.33223,33.31988],[131.33584,33.3207],[131.34196,33.32372],[131.34896,33.32536],[131.35706,33.32601],[131.36559,33.32555],[131.37543,33.32436],[131.3821,33.32372],[131.38823,33.32427],[131.39665,33.32555]]}},{"type":"Feature","properties":{"_color":"#3388ff","_opacity":1,"_weight":3},"geometry":{"type":"LineString","coordinates":[[131.2642,33.33625],[131.27907,33.33469]]}},{"type":"Feature","properties":{"_color":"#3388ff","_opacity":1,"_weight":3},"geometry":{"type":"LineString","coordinates":[[131.29832,33.31695],[131.31079,33.31659],[131.32315,33.31787]]}},{"type":"Feature","properties":{"_color":"#3388ff","_opacity":1,"_weight":3},"geometry":{"type":"LineString","coordinates":[[131.31746,33.3122],[131.32512,33.31421],[131.33102,33.31585]]}},{"type":"Feature","properties":{"_color":"#3388ff","_opacity":1,"_weight":3},"geometry":{"type":"LineString","coordinates":[[131.33212,33.31851],[131.33977,33.31686],[131.34426,33.3154]]}},{"type":"Feature","properties":{"_color":"#3388ff","_opacity":1,"_weight":3},"geometry":{"type":"LineString","coordinates":[[131.35027,33.30607],[131.35399,33.30817],[131.3576,33.30863],[131.3657,33.30808],[131.37237,33.30826],[131.37532,33.30936],[131.38035,33.31174],[131.38363,33.31201],[131.38823,33.31137],[131.39326,33.31329],[131.3984,33.31403]]}},{"type":"Feature","properties":{"_color":"#3388ff","_opacity":1,"_weight":3},"geometry":{"type":"LineString","coordinates":[[131.42618,33.31476],[131.43176,33.31851]]}},{"type":"Feature","properties":{"_color":"#3388ff","_opacity":1,"_weight":3},"geometry":{"type":"LineString","coordinates":[[131.35924,33.34347],[131.36559,33.34548],[131.37292,33.34603],[131.37959,33.34777],[131.38691,33.34786],[131.39151,33.34731]]}},{"type":"Feature","properties":{"_color":"#3388ff","_opacity":1,"_weight":3},"geometry":{"type":"LineString","coordinates":[[131.40037,33.32546],[131.41109,33.32857],[131.41765,33.33076],[131.42498,33.3357]]}},{"type":"Feature","properties":{"_color":"#3388ff","_opacity":1,"_weight":3},"geometry":{"type":"LineString","coordinates":[[131.41076,33.32235],[131.41656,33.32372],[131.42137,33.32619],[131.42618,33.32738],[131.43132,33.32683],[131.43548,33.32655],[131.43756,33.32582]]}},{"type":"Feature","properties":{"_color":"#3388ff","_opacity":1,"_weight":3},"geometry":{"type":"LineString","coordinates":[[131.41656,33.32088],[131.42071,33.32198],[131.42618,33.32235],[131.43493,33.32216],[131.44084,33.32344],[131.44653,33.32482]]}},{"type":"Feature","properties":{"_color":"#3388ff","_opacity":1,"_weight":3},"geometry":{"type":"LineString","coordinates":[[131.42924,33.32884],[131.43351,33.33167]]}},{"type":"Feature","properties":{"_color":"#3388ff","_opacity":1,"_weight":3},"geometry":{"type":"LineString","coordinates":[[131.44466,33.32802],[131.45582,33.33295]]}},{"type":"Feature","properties":{"_color":"#3388ff","_opacity":1,"_weight":3},"geometry":{"type":"LineString","coordinates":[[131.45484,33.32317],[131.46063,33.32162],[131.46501,33.32116],[131.4696,33.31924],[131.47573,33.31732]]}},{"type":"Feature","properties":{"_color":"#3388ff","_opacity":1,"_weight":3},"geometry":{"type":"LineString","coordinates":[[131.45363,33.31951],[131.45812,33.3175],[131.46293,33.31613],[131.47124,33.31604],[131.47617,33.31704],[131.48349,33.31924],[131.4917,33.32024]]}},{"type":"Feature","properties":{"_color":"#3388ff","_opacity":1,"_weight":3},"geometry":{"type":"LineString","coordinates":[[131.45134,33.33588],[131.45943,33.33671],[131.46621,33.33625],[131.47179,33.33762],[131.47671,33.33753],[131.48612,33.33543],[131.49334,33.33515]]}},{"type":"Feature","properties":{"_color":"#3388ff","_opacity":1,"_weight":3},"geometry":{"type":"LineString","coordinates":[[131.44423,33.33917],[131.45287,33.33972],[131.45845,33.33963]]}},{"type":"Feature","properties":{"_color":"#3388ff","_opacity":1,"_weight":3},"geometry":{"type":"LineString","coordinates":[[131.45506,33.33817],[131.45943,33.33863],[131.46348,33.33817]]}},{"type":"Feature","properties":{"_color":"#3388ff","_opacity":1,"_weight":3},"geometry":{"type":"LineString","coordinates":[[131.43274,33.3346],[131.4381,33.33835],[131.44149,33.34009],[131.44653,33.34137],[131.44871,33.34265],[131.4556,33.34274]]}},{"type":"Feature","properties":{"_color":"#3388ff","_opacity":1,"_weight":3},"geometry":{"type":"LineString","coordinates":[[131.44532,33.34311],[131.45024,33.34484],[131.45626,33.34603],[131.4602,33.3464]]}},{"type":"Feature","properties":{"_color":"#3388ff","_opacity":1,"_weight":3},"geometry":{"type":"LineString","coordinates":[[131.41699,33.33963],[131.42356,33.33936],[131.42957,33.34073]]}},{"type":"Feature","properties":{"_color":"#3388ff","_opacity":1,"_weight":3},"geometry":{"type":"LineString","coordinates":[[131.42585,33.33579],[131.42815,33.33744],[131.43121,33.34091],[131.43318,33.34237],[131.43756,33.34274],[131.44226,33.34475],[131.44674,33.34768],[131.45156,33.3496],[131.4591,33.3517],[131.46588,33.35381],[131.47223,33.35463]]}},{"type":"Feature","properties":{"_color":"#3388ff","_opacity":1,"_weight":3},"geometry":{"type":"LineString","coordinates":[[131.47234,33.34951],[131.47595,33.34996],[131.48076,33.34969],[131.48929,33.3475],[131.4929,33.34695],[131.49574,33.34658]]}},{"type":"Feature","properties":{"_color":"#3388ff","_opacity":1,"_weight":3},"geometry":{"type":"LineString","coordinates":[[131.41502,33.3539],[131.41863,33.3571],[131.4217,33.35856],[131.4264,33.35865],[131.43318,33.36103]]}},{"type":"Feature","properties":{"_color":"#3388ff","_opacity":1,"_weight":3},"geometry":{"type":"LineString","coordinates":[[131.40977,33.3443],[131.41754,33.3443],[131.42181,33.34539],[131.42487,33.34722],[131.42706,33.34896],[131.42924,33.35015]]}},{"type":"Feature","properties":{"_color":"#3388ff","_opacity":1,"_weight":3},"geometry":{"type":"LineString","coordinates":[[131.42629,33.34768],[131.42968,33.34951],[131.43307,33.34969],[131.44182,33.35234],[131.44576,33.35381],[131.45101,33.35801],[131.45385,33.35984],[131.46009,33.36259],[131.46402,33.36332],[131.47015,33.36405],[131.47376,33.36542],[131.47606,33.36597]]}},{"type":"Feature","properties":{"_color":"#3388ff","_opacity":1,"_weight":3},"geometry":{"type":"LineString","coordinates":[[131.44532,33.36204],[131.44926,33.3646],[131.45418,33.36652],[131.45801,33.36743],[131.46402,33.37155],[131.47081,33.37392],[131.47627,33.3742],[131.48185,33.37475],[131.49093,33.37319],[131.49662,33.37374],[131.5022,33.3742],[131.51062,33.37356],[131.51576,33.37237],[131.5197,33.36972],[131.52298,33.36725]]}},{"type":"Feature","properties":{"_color":"#3388ff","_opacity":1,"_weight":3},"geometry":{"type":"LineString","coordinates":[[131.42804,33.36944],[131.43274,33.37228],[131.44073,33.37429],[131.44926,33.37676],[131.45735,33.38088],[131.46381,33.38334],[131.46829,33.38371],[131.47234,33.38664],[131.48448,33.39011],[131.49203,33.39112],[131.50023,33.39112],[131.50329,33.39167],[131.51171,33.39148]]}},{"type":"Feature","properties":{"_color":"#3388ff","_opacity":1,"_weight":3},"geometry":{"type":"LineString","coordinates":[[131.47168,33.37877],[131.4812,33.37923],[131.4906,33.37841],[131.4976,33.37895],[131.50482,33.38078],[131.50909,33.38206],[131.52123,33.38152],[131.52593,33.38051],[131.53435,33.37649],[131.54299,33.37457]]}},{"type":"Feature","properties":{"_color":"#3388ff","_opacity":1,"_weight":3},"geometry":{"type":"LineString","coordinates":[[131.46337,33.41572],[131.46938,33.41691],[131.47398,33.41718],[131.48459,33.42093],[131.49345,33.42431],[131.49793,33.42431],[131.5022,33.42285],[131.50668,33.42038],[131.5139,33.41947],[131.5186,33.41819],[131.5221,33.41672],[131.52615,33.41572],[131.52954,33.41462],[131.53763,33.41371]]}},{"type":"Feature","properties":{"_color":"#3388ff","_opacity":1,"_weight":3},"geometry":{"type":"LineString","coordinates":[[131.4672,33.40923],[131.47026,33.41041],[131.47452,33.41041],[131.47846,33.41087],[131.48842,33.41105],[131.49487,33.41316],[131.49902,33.41453],[131.50449,33.4149],[131.50909,33.41663]]}},{"type":"Feature","properties":{"_color":"#3388ff","_opacity":1,"_weight":3},"geometry":{"type":"LineString","coordinates":[[131.50373,33.41215],[131.50941,33.41398],[131.51445,33.41563],[131.51893,33.41563],[131.52265,33.41544]]}},{"type":"Feature","properties":{"_color":"#3388ff","_opacity":1,"_weight":3},"geometry":{"type":"LineString","coordinates":[[131.49607,33.40877],[131.50373,33.40877]]}},{"type":"Feature","properties":{"_color":"#3388ff","_opacity":1,"_weight":3},"geometry":{"type":"LineString","coordinates":[[131.46796,33.40072],[131.47518,33.40173],[131.48131,33.40337],[131.4894,33.4041],[131.49465,33.4063],[131.49881,33.40676]]}},{"type":"Feature","properties":{"_color":"#3388ff","_opacity":1,"_weight":3},"geometry":{"type":"LineString","coordinates":[[131.47813,33.39651],[131.48032,33.3967],[131.48962,33.39624],[131.49607,33.39825],[131.50362,33.39953],[131.51018,33.39871],[131.51707,33.39743],[131.52549,33.39715],[131.53337,33.39807],[131.54004,33.40026],[131.54693,33.40209]]}},{"type":"Feature","properties":{"_color":"#3388ff","_opacity":1,"_weight":3},"geometry":{"type":"LineString","coordinates":[[131.49618,33.39596],[131.50384,33.39606],[131.51007,33.39642]]}},{"type":"Feature","properties":{"_color":"#3388ff","_opacity":1,"_weight":3},"geometry":{"type":"LineString","coordinates":[[131.50428,33.39395],[131.50887,33.39368],[131.51412,33.39542],[131.51806,33.39551],[131.52145,33.3945],[131.52735,33.39514],[131.53063,33.39404],[131.53238,33.39386]]}},{"type":"Feature","properties":{"_color":"#3388ff","_opacity":1,"_weight":3},"geometry":{"type":"LineString","coordinates":[[131.53446,33.39569],[131.53906,33.39661],[131.54912,33.39633],[131.55743,33.39395],[131.56093,33.3935],[131.56498,33.39368],[131.56935,33.39258],[131.57592,33.39304]]}},{"type":"Feature","properties":{"_color":"#3388ff","_opacity":1,"_weight":3},"geometry":{"type":"LineString","coordinates":[[131.52506,33.36981],[131.53282,33.37054],[131.53632,33.37054]]}},{"type":"Feature","properties":{"_color":"#3388ff","_opacity":1,"_weight":3},"geometry":{"type":"LineString","coordinates":[[131.53085,33.37329],[131.53654,33.37264],[131.54256,33.37329],[131.54715,33.37411],[131.55393,33.37585],[131.55776,33.37612]]}},{"type":"Feature","properties":{"_color":"#3388ff","_opacity":1,"_weight":3},"geometry":{"type":"LineString","coordinates":[[131.55207,33.36633],[131.55568,33.36624],[131.5617,33.36826],[131.56684,33.36935],[131.57351,33.36917],[131.57799,33.3688]]}},{"type":"Feature","properties":{"_color":"#3388ff","_opacity":1,"_weight":3},"geometry":{"type":"LineString","coordinates":[[131.56104,33.36752],[131.56509,33.36542],[131.5711,33.36377],[131.57712,33.36259]]}},{"type":"Feature","properties":{"_color":"#3388ff","_opacity":1,"_weight":3},"geometry":{"type":"LineString","coordinates":[[131.5489,33.36615],[131.55141,33.36442],[131.55677,33.36259],[131.56104,33.36176],[131.56542,33.36176],[131.57034,33.35975]]}},{"type":"Feature","properties":{"_color":"#3388ff","_opacity":1,"_weight":3},"geometry":{"type":"LineString","coordinates":[[131.55688,33.36076],[131.55995,33.35929],[131.56323,33.35856],[131.56454,33.35765]]}},{"type":"Feature","properties":{"_color":"#3388ff","_opacity":1,"_weight":3},"geometry":{"type":"LineString","coordinates":[[131.54256,33.36057],[131.54518,33.35893],[131.54868,33.3582],[131.55229,33.35609]]}},{"type":"Feature","properties":{"_color":"#3388ff","_opacity":1,"_weight":3},"geometry":{"type":"LineString","coordinates":[[131.5524,33.35463],[131.5571,33.35435],[131.56323,33.35289],[131.56957,33.35289],[131.57406,33.35134],[131.58062,33.34859]]}},{"type":"Feature","properties":{"_color":"#3388ff","_opacity":1,"_weight":3},"geometry":{"type":"LineString","coordinates":[[131.5757,33.36496],[131.58084,33.36359],[131.58576,33.36259],[131.59046,33.36176],[131.59812,33.35765]]}},{"type":"Feature","properties":{"_color":"#3388ff","_opacity":1,"_weight":3},"geometry":{"type":"LineString","coordinates":[[131.13962,33.20258],[131.13666,33.20318],[131.13459,33.20364],[131.13098,33.2052],[131.12902,33.20556],[131.12475,33.20611],[131.12191,33.20703],[131.11678,33.2094],[131.11163,33.21033],[131.10716,33.21114],[131.10006,33.21416],[131.09645,33.21617],[131.0935,33.21809],[131.08968,33.21983],[131.08596,33.22047],[131.07941,33.22111],[131.07558,33.22202],[131.07165,33.22376],[131.06739,33.22431],[131.06324,33.22385],[131.05887,33.22239],[131.05493,33.22147],[131.05049,33.22046],[131.04545,33.21981]]}},{"type":"Feature","properties":{"_color":"#3388ff","_opacity":1,"_weight":3},"geometry":{"type":"LineString","coordinates":[[131.85621,34.04275],[131.88501,34.04129],[131.90124,34.04335],[131.91103,34.04613],[131.92362,34.04867],[131.95272,34.05841],[131.96168,34.06119],[131.9698,34.06677],[131.98631,34.07513],[131.99616,34.08288],[132.00538,34.08783],[132.01608,34.09129],[132.0256,34.09129]]}},{"type":"Feature","properties":{"_color":"#3388ff","_opacity":1,"_weight":3},"geometry":{"type":"LineString","coordinates":[[132.03006,34.09139],[132.04081,34.09708],[132.0489,34.10242]]}},{"type":"Feature","properties":{"_color":"#3388ff","_opacity":1,"_weight":3},"geometry":{"type":"LineString","coordinates":[[132.00913,34.09197],[132.02992,34.10323],[132.03495,34.11066],[132.04343,34.1191],[132.06024,34.13446],[132.072,34.14376],[132.08096,34.15214]]}},{"type":"Feature","properties":{"_color":"#3388ff","_opacity":1,"_weight":3},"geometry":{"type":"LineString","coordinates":[[131.87464,34.02661],[131.89264,34.02058],[131.91118,34.01218]]}},{"type":"Feature","properties":{"_color":"#3388ff","_opacity":1,"_weight":3},"geometry":{"type":"LineString","coordinates":[[132.08825,34.1008],[132.09299,34.10393],[132.09913,34.1102],[132.10443,34.11368],[132.10904,34.11693]]}},{"type":"Feature","properties":{"_color":"#3388ff","_opacity":1,"_weight":3},"geometry":{"type":"LineString","coordinates":[[132.04569,34.09673],[132.0563,34.10126],[132.06887,34.11018],[132.08063,34.11715],[132.09574,34.12598],[132.11338,34.13388],[132.12318,34.14365],[132.13607,34.15599],[132.13862,34.15847],[132.14239,34.16021],[132.14838,34.16195],[132.15634,34.16798],[132.16485,34.17749],[132.17225,34.18456],[132.18145,34.19407],[132.19764,34.21505],[132.22024,34.24148]]}},{"type":"Feature","properties":{"_color":"#3388ff","_opacity":1,"_weight":3},"geometry":{"type":"LineString","coordinates":[[132.09257,34.10115],[132.10691,34.1087],[132.11713,34.11484],[132.13081,34.1203],[132.14553,34.12938],[132.15366,34.13799],[132.16402,34.14473],[132.17326,34.15474],[132.17691,34.1643]]}},{"type":"Feature","properties":{"_color":"#3388ff","_opacity":1,"_weight":3},"geometry":{"type":"LineString","coordinates":[[132.16934,34.14915],[132.18969,34.16728],[132.19707,34.17662],[132.20492,34.1878]]}},{"type":"Feature","properties":{"_color":"#3388ff","_opacity":1,"_weight":3},"geometry":{"type":"LineString","coordinates":[[132.2271,34.24654],[132.23718,34.25422],[132.25174,34.26282],[132.26154,34.26863],[132.26966,34.27374]]}},{"type":"Feature","properties":{"_color":"#3388ff","_opacity":1,"_weight":3},"geometry":{"type":"LineString","coordinates":[[132.28843,34.2954],[132.30887,34.31169],[132.32259,34.32449],[132.331,34.3352]]}},{"type":"Feature","properties":{"_color":"#3388ff","_opacity":1,"_weight":3},"geometry":{"type":"LineString","coordinates":[[132.34414,34.33494],[132.36542,34.34492],[132.38445,34.35468]]}},{"type":"Feature","properties":{"_color":"#3388ff","_opacity":1,"_weight":3},"geometry":{"type":"LineString","coordinates":[[132.32796,34.35644],[132.33637,34.37345],[132.34171,34.39047],[132.35013,34.41004],[132.35799,34.42496],[132.36528,34.438],[132.37901,34.45664],[132.38827,34.47411],[132.40088,34.49065],[132.41461,34.50648]]}},{"type":"Feature","properties":{"_color":"#3388ff","_opacity":1,"_weight":3},"geometry":{"type":"LineString","coordinates":[[132.39708,34.38311],[132.40772,34.39079],[132.41192,34.39685]]}},{"type":"Feature","properties":{"_color":"#3388ff","_opacity":1,"_weight":3},"geometry":{"type":"LineString","coordinates":[[132.41107,34.38985],[132.41639,34.40497],[132.42338,34.42195],[132.43259,34.43426],[132.44098,34.45031],[132.44601,34.45937],[132.45047,34.46332],[132.45382,34.46564]]}},{"type":"Feature","properties":{"_color":"#3388ff","_opacity":1,"_weight":3},"geometry":{"type":"LineString","coordinates":[[132.47084,34.46876],[132.48507,34.48162],[132.49484,34.4878],[132.50098,34.4928],[132.50349,34.49638]]}},{"type":"Feature","properties":{"_color":"#3388ff","_opacity":1,"_weight":3},"geometry":{"type":"LineString","coordinates":[[132.42618,34.39425],[132.43235,34.40543],[132.43796,34.41219]]}},{"type":"Feature","properties":{"_color":"#3388ff","_opacity":1,"_weight":3},"geometry":{"type":"LineString","coordinates":[[132.13276,34.15267],[132.13722,34.15499],[132.1389,34.15568]]}},{"type":"Feature","properties":{"_color":"#3388ff","_opacity":1,"_weight":3},"geometry":{"type":"LineString","coordinates":[[132.14057,34.15951],[132.14545,34.16369]]}},{"type":"Feature","properties":{"_color":"#3388ff","_opacity":1,"_weight":3},"geometry":{"type":"LineString","coordinates":[[131.97296,34.07323],[131.98397,34.07644],[131.98991,34.07818]]}},{"type":"Feature","properties":{"_color":"#3388ff","_opacity":1,"_weight":3},"geometry":{"type":"LineString","coordinates":[[131.18139,33.94266],[131.17018,33.95165],[131.16212,33.96187]]}},{"type":"Feature","properties":{"_color":"#3388ff","_opacity":1,"_weight":3},"geometry":{"type":"LineString","coordinates":[[131.13418,33.99932],[131.12784,34.00954],[131.12267,34.01342],[131.11835,34.0195]]}},{"type":"Feature","properties":{"_color":"#3388ff","_opacity":1,"_weight":3},"geometry":{"type":"LineString","coordinates":[[131.12926,34.01635],[131.11947,34.02973],[131.11371,34.03727]]}},{"type":"Feature","properties":{"_color":"#3388ff","_opacity":1,"_weight":3},"geometry":{"type":"LineString","coordinates":[[131.11687,34.03728],[131.10623,34.04432],[131.0953,34.05258],[131.08897,34.06182],[131.08521,34.07496]]}},{"type":"Feature","properties":{"_color":"#3388ff","_opacity":1,"_weight":3},"geometry":{"type":"LineString","coordinates":[[131.11567,34.05918],[131.09985,34.07133],[131.09439,34.07644]]}},{"type":"Feature","properties":{"_color":"#3388ff","_opacity":1,"_weight":3},"geometry":{"type":"LineString","coordinates":[[131.09527,34.06841],[131.08634,34.07838]]}},{"type":"Feature","properties":{"_color":"#3388ff","_opacity":1,"_weight":3},"geometry":{"type":"LineString","coordinates":[[131.08462,34.08129],[131.07598,34.09029],[131.06907,34.09953],[131.06475,34.10683]]}},{"type":"Feature","properties":{"_color":"#3388ff","_opacity":1,"_weight":3},"geometry":{"type":"LineString","coordinates":[[131.08486,34.09931],[131.07222,34.10538],[131.06474,34.11097],[131.04777,34.12653],[131.04057,34.13528],[131.02619,34.14524],[131.00662,34.16566],[130.9931,34.18025],[130.98217,34.19022],[130.9698,34.2014],[130.95254,34.21476],[130.93558,34.22496],[130.92696,34.23006],[130.92379,34.23274]]}},{"type":"Feature","properties":{"_color":"#3388ff","_opacity":1,"_weight":3},"geometry":{"type":"LineString","coordinates":[[130.8979,34.25704],[130.86542,34.27623],[130.84125,34.2964],[130.81825,34.31317],[130.78692,34.33187],[130.76996,34.34207],[130.75242,34.353],[130.73978,34.35736],[130.72887,34.35929]]}},{"type":"Feature","properties":{"_color":"#3388ff","_opacity":1,"_weight":3},"geometry":{"type":"LineString","coordinates":[[130.72686,34.35637],[130.70847,34.36316],[130.68635,34.37335],[130.66882,34.3816],[130.65244,34.38815],[130.63145,34.40297]]}},{"type":"Feature","properties":{"_color":"#3388ff","_opacity":1,"_weight":3},"geometry":{"type":"LineString","coordinates":[[130.71737,34.36293],[130.69926,34.37362],[130.6777,34.38673],[130.65069,34.4013],[130.62999,34.41198],[130.60068,34.42484],[130.57281,34.43576],[130.55758,34.44401],[130.54434,34.45519],[130.536,34.46321]]}},{"type":"Feature","properties":{"_color":"#3388ff","_opacity":1,"_weight":3},"geometry":{"type":"LineString","coordinates":[[130.63834,34.40201],[130.60155,34.42265]]}},{"type":"Feature","properties":{"_color":"#3388ff","_opacity":1,"_weight":3},"geometry":{"type":"LineString","coordinates":[[130.60214,34.41632],[130.57915,34.42432],[130.55905,34.42892],[130.54842,34.43061]]}},{"type":"Feature","properties":{"_color":"#3388ff","_opacity":1,"_weight":3},"geometry":{"type":"LineString","coordinates":[[130.54121,34.4435],[130.5205,34.46197],[130.50238,34.47923]]}},{"type":"Feature","properties":{"_color":"#3388ff","_opacity":1,"_weight":3},"geometry":{"type":"LineString","coordinates":[[130.57137,34.43916],[130.54519,34.46152]]}},{"type":"Feature","properties":{"_color":"#3388ff","_opacity":1,"_weight":3},"geometry":{"type":"LineString","coordinates":[[130.61474,34.429],[130.57881,34.44745]]}},{"type":"Feature","properties":{"_color":"#3388ff","_opacity":1,"_weight":3},"geometry":{"type":"LineString","coordinates":[[130.68459,34.38771],[130.66274,34.40083],[130.64922,34.41225],[130.63569,34.42781],[130.62505,34.43608],[130.60838,34.44457]]}},{"type":"Feature","properties":{"_color":"#3388ff","_opacity":1,"_weight":3},"geometry":{"type":"LineString","coordinates":[[130.63168,34.42635],[130.61789,34.43266],[130.60926,34.43946],[130.59573,34.45356],[130.59084,34.45867]]}},{"type":"Feature","properties":{"_color":"#3388ff","_opacity":1,"_weight":3},"geometry":{"type":"LineString","coordinates":[[130.58918,34.43456],[130.56559,34.45352],[130.54373,34.47248]]}},{"type":"Feature","properties":{"_color":"#3388ff","_opacity":1,"_weight":3},"geometry":{"type":"LineString","coordinates":[[130.55381,34.4591],[130.52334,34.47415],[130.49719,34.48774],[130.47363,34.49769],[130.45926,34.504]]}},{"type":"Feature","properties":{"_color":"#3388ff","_opacity":1,"_weight":3},"geometry":{"type":"LineString","coordinates":[[130.56814,34.46959],[130.53853,34.48562],[130.51727,34.49386],[130.50061,34.50017]]}},{"type":"Feature","properties":{"_color":"#3388ff","_opacity":1,"_weight":3},"geometry":{"type":"LineString","coordinates":[[130.57266,34.501],[130.5402,34.50704],[130.52412,34.51165],[130.51004,34.51747]]}},{"type":"Feature","properties":{"_color":"#3388ff","_opacity":1,"_weight":3},"geometry":{"type":"LineString","coordinates":[[130.53249,34.49291],[130.50861,34.51454],[130.49394,34.5245],[130.47612,34.53446]]}},{"type":"Feature","properties":{"_color":"#3388ff","_opacity":1,"_weight":3},"geometry":{"type":"LineString","coordinates":[[130.39228,34.54505],[130.42073,34.5317],[130.44544,34.522]]}},{"type":"Feature","properties":{"_color":"#3388ff","_opacity":1,"_weight":3},"geometry":{"type":"LineString","coordinates":[[130.50521,34.49311],[130.47646,34.51157],[130.4572,34.52347],[130.43623,34.53196],[130.39744,34.54846],[130.37588,34.56085],[130.36034,34.57592],[130.34882,34.59222],[130.33903,34.60462]]}},{"type":"Feature","properties":{"_color":"#3388ff","_opacity":1,"_weight":3},"geometry":{"type":"LineString","coordinates":[[130.53299,34.52213],[130.52179,34.52649],[130.51202,34.53062],[130.50111,34.53157],[130.49134,34.53253],[130.48416,34.53398],[130.47152,34.5403],[130.46462,34.54442],[130.45225,34.55634],[130.4393,34.56873],[130.42175,34.58502],[130.41283,34.59523],[130.40678,34.60228]]}},{"type":"Feature","properties":{"_color":"#3388ff","_opacity":1,"_weight":3},"geometry":{"type":"LineString","coordinates":[[130.38154,34.59251],[130.34876,34.61559],[130.32949,34.63163],[130.31798,34.64305],[130.30676,34.65667]]}},{"type":"Feature","properties":{"_color":"#3388ff","_opacity":1,"_weight":3},"geometry":{"type":"LineString","coordinates":[[130.34424,34.58539],[130.33387,34.60023],[130.32437,34.61093],[130.30913,34.62332],[130.29332,34.63279],[130.2755,34.6425],[130.25309,34.64905],[130.24218,34.65122]]}},{"type":"Feature","properties":{"_color":"#3388ff","_opacity":1,"_weight":3},"geometry":{"type":"LineString","coordinates":[[131.16875,33.94678],[131.16184,33.95675]]}},{"type":"Feature","properties":{"_color":"#3388ff","_opacity":1,"_weight":3},"geometry":{"type":"LineString","coordinates":[[131.34327,33.9424],[131.33868,33.93759],[131.33006,33.93229],[131.32547,33.9294]]}},{"type":"Feature","properties":{"_color":"#3388ff","_opacity":1,"_weight":3},"geometry":{"type":"LineString","coordinates":[[131.31973,33.92315],[131.31686,33.92026],[131.31341,33.91642]]}},{"type":"Feature","properties":{"_color":"#3388ff","_opacity":1,"_weight":3},"geometry":{"type":"LineString","coordinates":[[131.29563,33.92985],[131.29446,33.92213],[131.29274,33.91733],[131.29102,33.91349]]}},{"type":"Feature","properties":{"_color":"#3388ff","_opacity":1,"_weight":3},"geometry":{"type":"LineString","coordinates":[[131.28528,33.91779],[131.28298,33.91347],[131.27896,33.90914]]}},{"type":"Feature","properties":{"_color":"#3388ff","_opacity":1,"_weight":3},"geometry":{"type":"LineString","coordinates":[[131.28357,33.87891],[131.28013,33.8717],[131.27611,33.86449]]}},{"type":"Feature","properties":{"_color":"#3388ff","_opacity":1,"_weight":3},"geometry":{"type":"LineString","coordinates":[[131.26292,33.85485],[131.26063,33.851],[131.25948,33.8486]]}},{"type":"Feature","properties":{"_color":"#3388ff","_opacity":1,"_weight":3},"geometry":{"type":"LineString","coordinates":[[131.26637,33.83854],[131.26867,33.8347],[131.26982,33.83087]]}},{"type":"Feature","properties":{"_color":"#3388ff","_opacity":1,"_weight":3},"geometry":{"type":"LineString","coordinates":[[131.27326,33.82367],[131.279,33.81361],[131.28245,33.80353],[131.28474,33.7949],[131.28647,33.7877],[131.28819,33.7781],[131.29106,33.76803],[131.29679,33.7594],[131.29794,33.75749]]}},{"type":"Feature","properties":{"_color":"#3388ff","_opacity":1,"_weight":3},"geometry":{"type":"LineString","coordinates":[[131.30081,33.75413],[131.30482,33.75078],[131.3094,33.74791]]}},{"type":"Feature","properties":{"_color":"#3388ff","_opacity":1,"_weight":3},"geometry":{"type":"LineString","coordinates":[[131.52528,33.92821],[131.52066,33.92052],[131.5103,33.90804],[131.49879,33.89555],[131.48959,33.88643],[131.48269,33.87922]]}},{"type":"Feature","properties":{"_color":"#3388ff","_opacity":1,"_weight":3},"geometry":{"type":"LineString","coordinates":[[131.49134,33.89987],[131.48731,33.89218],[131.47868,33.8821],[131.46834,33.87345],[131.46087,33.8672],[131.4534,33.86095],[131.44651,33.85663],[131.44134,33.85374]]}},{"type":"Feature","properties":{"_color":"#3388ff","_opacity":1,"_weight":3},"geometry":{"type":"LineString","coordinates":[[131.4833,33.89422],[131.47841,33.88774],[131.47151,33.88197]]}},{"type":"Feature","properties":{"_color":"#3388ff","_opacity":1,"_weight":3},"geometry":{"type":"LineString","coordinates":[[131.46978,33.88101],[131.46404,33.87789],[131.45772,33.87452],[131.45227,33.87139],[131.4471,33.86779]]}},{"type":"Feature","properties":{"_color":"#3388ff","_opacity":1,"_weight":3},"geometry":{"type":"LineString","coordinates":[[131.56891,33.92666],[131.56487,33.9209],[131.55997,33.9149],[131.55623,33.91178],[131.54617,33.90673],[131.53899,33.90361]]}},{"type":"Feature","properties":{"_color":"#3388ff","_opacity":1,"_weight":3},"geometry":{"type":"LineString","coordinates":[[131.43961,33.85002],[131.4376,33.84402],[131.43501,33.83969]]}},{"type":"Feature","properties":{"_color":"#3388ff","_opacity":1,"_weight":3},"geometry":{"type":"LineString","coordinates":[[131.40374,33.83365],[131.40317,33.82957],[131.4023,33.82477],[131.40258,33.82021],[131.402,33.81493],[131.39999,33.80821]]}},{"type":"Feature","properties":{"_color":"#3388ff","_opacity":1,"_weight":3},"geometry":{"type":"LineString","coordinates":[[131.39224,33.79619],[131.39109,33.79307],[131.38994,33.78995]]}},{"type":"Feature","properties":{"_color":"#3388ff","_opacity":1,"_weight":3},"geometry":{"type":"LineString","coordinates":[[131.43329,33.84089],[131.4307,33.83657],[131.42783,33.83273],[131.42496,33.82936],[131.4218,33.82672],[131.41807,33.82455]]}},{"type":"Feature","properties":{"_color":"#3388ff","_opacity":1,"_weight":3},"geometry":{"type":"LineString","coordinates":[[131.44133,33.84882],[131.44133,33.84546],[131.44103,33.83946]]}},{"type":"Feature","properties":{"_color":"#3388ff","_opacity":1,"_weight":3},"geometry":{"type":"LineString","coordinates":[[131.44619,33.83995],[131.44074,33.83586],[131.43586,33.83129],[131.43126,33.82817],[131.4238,33.82384],[131.41778,33.81999],[131.41146,33.81422]]}},{"type":"Feature","properties":{"_color":"#3388ff","_opacity":1,"_weight":3},"geometry":{"type":"LineString","coordinates":[[131.41289,33.8123],[131.40888,33.80726],[131.40572,33.80149],[131.40256,33.79861],[131.39912,33.79596],[131.39682,33.79428],[131.39395,33.79044],[131.39166,33.78611],[131.38907,33.78227]]}},{"type":"Feature","properties":{"_color":"#3388ff","_opacity":1,"_weight":3},"geometry":{"type":"LineString","coordinates":[[131.38449,33.77866],[131.37932,33.77313],[131.37445,33.76736],[131.37129,33.76376]]}},{"type":"Feature","properties":{"_color":"#3388ff","_opacity":1,"_weight":3},"geometry":{"type":"LineString","coordinates":[[131.45768,33.85052],[131.45624,33.84572],[131.45537,33.84188],[131.45594,33.83828],[131.45737,33.8342],[131.45793,33.83036],[131.45764,33.8258],[131.4562,33.82196],[131.45447,33.81739],[131.45303,33.81115]]}},{"type":"Feature","properties":{"_color":"#3388ff","_opacity":1,"_weight":3},"geometry":{"type":"LineString","coordinates":[[131.43151,33.79961],[131.43007,33.79265],[131.42691,33.78568],[131.42289,33.77968],[131.41801,33.77271]]}},{"type":"Feature","properties":{"_color":"#3388ff","_opacity":1,"_weight":3},"geometry":{"type":"LineString","coordinates":[[131.44499,33.80418],[131.44613,33.79915],[131.44727,33.79291]]}},{"type":"Feature","properties":{"_color":"#3388ff","_opacity":1,"_weight":3},"geometry":{"type":"LineString","coordinates":[[131.45618,33.81092],[131.45617,33.80468],[131.45703,33.80204],[131.45903,33.79652],[131.46074,33.7922],[131.4613,33.7862],[131.46043,33.77852]]}},{"type":"Feature","properties":{"_color":"#3388ff","_opacity":1,"_weight":3},"geometry":{"type":"LineString","coordinates":[[131.45728,33.7802],[131.45498,33.77731],[131.45297,33.77371],[131.45182,33.76939],[131.45123,33.76243]]}},{"type":"Feature","properties":{"_color":"#3388ff","_opacity":1,"_weight":3},"geometry":{"type":"LineString","coordinates":[[131.44779,33.75619],[131.44549,33.75186],[131.44319,33.7497],[131.43975,33.74682]]}},{"type":"Feature","properties":{"_color":"#3388ff","_opacity":1,"_weight":3},"geometry":{"type":"LineString","coordinates":[[131.39387,33.69035],[131.39186,33.68602],[131.38957,33.6841],[131.38241,33.67929],[131.38098,33.67569],[131.37954,33.67304]]}},{"type":"Feature","properties":{"_color":"#3388ff","_opacity":1,"_weight":3},"geometry":{"type":"LineString","coordinates":[[131.40877,33.70525],[131.4059,33.70141],[131.40218,33.69684],[131.39845,33.69179]]}},{"type":"Feature","properties":{"_color":"#3388ff","_opacity":1,"_weight":3},"geometry":{"type":"LineString","coordinates":[[131.46499,33.7646],[131.46183,33.7598]]}},{"type":"Feature","properties":{"_color":"#3388ff","_opacity":1,"_weight":3},"geometry":{"type":"LineString","coordinates":[[131.45954,33.75788],[131.4581,33.75572],[131.45609,33.75308]]}},{"type":"Feature","properties":{"_color":"#3388ff","_opacity":1,"_weight":3},"geometry":{"type":"LineString","coordinates":[[131.45408,33.75115],[131.45121,33.74827]]}},{"type":"Feature","properties":{"_color":"#3388ff","_opacity":1,"_weight":3},"geometry":{"type":"LineString","coordinates":[[131.47388,33.77109],[131.47101,33.76677],[131.46699,33.76101],[131.46326,33.75692],[131.45981,33.75308],[131.45522,33.74707]]}},{"type":"Feature","properties":{"_color":"#3388ff","_opacity":1,"_weight":3},"geometry":{"type":"LineString","coordinates":[[131.48478,33.77422],[131.48448,33.76798],[131.48504,33.7615],[131.48704,33.75598],[131.48874,33.75023],[131.49074,33.74519]]}},{"type":"Feature","properties":{"_color":"#3388ff","_opacity":1,"_weight":3},"geometry":{"type":"LineString","coordinates":[[131.53064,33.78073],[131.52634,33.77665],[131.52346,33.77353],[131.52174,33.77065],[131.51915,33.76633],[131.51599,33.7632],[131.51254,33.76056],[131.51025,33.7584],[131.50823,33.7548],[131.50622,33.75048],[131.5042,33.744],[131.50218,33.73895],[131.49931,33.73343],[131.495,33.72959],[131.48841,33.7255],[131.48153,33.71974],[131.47493,33.71253]]}},{"type":"Feature","properties":{"_color":"#3388ff","_opacity":1,"_weight":3},"geometry":{"type":"LineString","coordinates":[[131.53863,33.76658],[131.53604,33.76273],[131.52973,33.76009],[131.52343,33.75769],[131.51941,33.75505],[131.5151,33.75096],[131.5128,33.74808]]}},{"type":"Feature","properties":{"_color":"#3388ff","_opacity":1,"_weight":3},"geometry":{"type":"LineString","coordinates":[[131.53094,33.78409],[131.5252,33.77977],[131.5229,33.77689]]}},{"type":"Feature","properties":{"_color":"#3388ff","_opacity":1,"_weight":3},"geometry":{"type":"LineString","coordinates":[[131.49169,33.79007],[131.48366,33.78694],[131.47792,33.78382],[131.47419,33.78093],[131.47103,33.77613]]}},{"type":"Feature","properties":{"_color":"#3388ff","_opacity":1,"_weight":3},"geometry":{"type":"LineString","coordinates":[[131.46903,33.78213],[131.46558,33.77661],[131.46386,33.77348]]}},{"type":"Feature","properties":{"_color":"#3388ff","_opacity":1,"_weight":3},"geometry":{"type":"LineString","coordinates":[[131.49516,33.80567],[131.49057,33.80255],[131.48769,33.79895],[131.48453,33.79606],[131.47851,33.79126]]}},{"type":"Feature","properties":{"_color":"#3388ff","_opacity":1,"_weight":3},"geometry":{"type":"LineString","coordinates":[[131.50699,33.84216],[131.50383,33.83736],[131.50095,33.8316],[131.49778,33.82463],[131.4972,33.82127],[131.49633,33.81647],[131.49489,33.81359],[131.49144,33.80999],[131.48541,33.8059]]}},{"type":"Feature","properties":{"_color":"#3388ff","_opacity":1,"_weight":3},"geometry":{"type":"LineString","coordinates":[[131.56027,33.81842],[131.5551,33.81434],[131.55193,33.81098],[131.5479,33.80522],[131.54301,33.7985],[131.53583,33.79057],[131.52951,33.78529],[131.52205,33.78073],[131.51401,33.77712]]}},{"type":"Feature","properties":{"_color":"#3388ff","_opacity":1,"_weight":3},"geometry":{"type":"LineString","coordinates":[[131.56036,33.85154],[131.5612,33.84314],[131.56261,33.83426],[131.56201,33.82466],[131.56056,33.82034]]}},{"type":"Feature","properties":{"_color":"#3388ff","_opacity":1,"_weight":3},"geometry":{"type":"LineString","coordinates":[[131.52947,33.88561],[131.52946,33.88105],[131.52773,33.87553],[131.52226,33.86977],[131.51622,33.86376],[131.51334,33.85872],[131.51132,33.85392]]}},{"type":"Feature","properties":{"_color":"#3388ff","_opacity":1,"_weight":3},"geometry":{"type":"LineString","coordinates":[[131.54413,33.89257],[131.5421,33.88609],[131.53921,33.87865],[131.5392,33.87265],[131.53917,33.86473],[131.53945,33.86137],[131.5383,33.85801],[131.53685,33.85369],[131.53684,33.84985],[131.53826,33.84601],[131.5371,33.84025],[131.5348,33.83545],[131.53307,33.83185],[131.53277,33.82825]]}},{"type":"Feature","properties":{"_color":"#3388ff","_opacity":1,"_weight":3},"geometry":{"type":"LineString","coordinates":[[131.55013,33.8861],[131.54668,33.88249],[131.54667,33.87866],[131.54549,33.86594],[131.54461,33.86138],[131.54316,33.85562],[131.54201,33.85177],[131.54256,33.8453],[131.53939,33.83881]]}},{"type":"Feature","properties":{"_color":"#3388ff","_opacity":1,"_weight":3},"geometry":{"type":"LineString","coordinates":[[131.55671,33.8777],[131.55382,33.8705],[131.55035,33.8621],[131.54862,33.85874],[131.54804,33.85442]]}},{"type":"Feature","properties":{"_color":"#3388ff","_opacity":1,"_weight":3},"geometry":{"type":"LineString","coordinates":[[131.5837,33.88538],[131.57938,33.87962],[131.57363,33.87458],[131.56758,33.86786],[131.56298,33.86354],[131.55952,33.8573],[131.55203,33.84626],[131.54714,33.83954],[131.5411,33.83474],[131.5342,33.82825],[131.52559,33.82489],[131.51957,33.82273],[131.51153,33.81768],[131.50003,33.80615],[131.49228,33.80015],[131.48568,33.79366],[131.47965,33.78934],[131.47276,33.78357],[131.46845,33.77829],[131.46472,33.77108],[131.45898,33.76652],[131.4541,33.76195],[131.44893,33.75235],[131.44491,33.7473],[131.44118,33.74106],[131.4363,33.73337],[131.43056,33.72712],[131.42483,33.72304],[131.42053,33.72111],[131.41795,33.71703],[131.41479,33.71054],[131.41106,33.70573]]}},{"type":"Feature","properties":{"_color":"#3388ff","_opacity":1,"_weight":3},"geometry":{"type":"LineString","coordinates":[[131.61027,33.93529],[131.61026,33.93145],[131.60823,33.92665],[131.6039,33.91921],[131.59958,33.91369],[131.59439,33.90842],[131.58835,33.90242],[131.58316,33.89594],[131.57999,33.89042],[131.57825,33.8849],[131.57795,33.8813]]}},{"type":"Feature","properties":{"_color":"#3388ff","_opacity":1,"_weight":3},"geometry":{"type":"LineString","coordinates":[[131.60536,33.92689],[131.60161,33.92041],[131.59498,33.91274]]}},{"type":"Feature","properties":{"_color":"#3388ff","_opacity":1,"_weight":3},"geometry":{"type":"LineString","coordinates":[[131.59709,33.94393],[131.59736,33.93865],[131.59677,33.93314]]}},{"type":"Feature","properties":{"_color":"#3388ff","_opacity":1,"_weight":3},"geometry":{"type":"LineString","coordinates":[[131.59821,33.93265],[131.59474,33.9269],[131.59185,33.92114],[131.58897,33.91754],[131.58838,33.91394],[131.58664,33.90842],[131.58261,33.90242],[131.57943,33.89642]]}},{"type":"Feature","properties":{"_color":"#3388ff","_opacity":1,"_weight":3},"geometry":{"type":"LineString","coordinates":[[131.62418,33.96936],[131.62416,33.96408],[131.62384,33.95616],[131.62239,33.95185],[131.61921,33.94513],[131.61602,33.93817],[131.61399,33.93241],[131.61081,33.92521],[131.6085,33.92065]]}},{"type":"Feature","properties":{"_color":"#3388ff","_opacity":1,"_weight":3},"geometry":{"type":"LineString","coordinates":[[131.60639,33.97489],[131.60522,33.96937],[131.60117,33.96121],[131.59799,33.95473],[131.59625,33.94945],[131.5948,33.94393],[131.59392,33.93841]]}},{"type":"Feature","properties":{"_color":"#3388ff","_opacity":1,"_weight":3},"geometry":{"type":"LineString","coordinates":[[131.63813,34.01303],[131.6338,34.00728],[131.62803,33.99984],[131.62456,33.99456],[131.62022,33.98784],[131.61589,33.98113]]}},{"type":"Feature","properties":{"_color":"#3388ff","_opacity":1,"_weight":3},"geometry":{"type":"LineString","coordinates":[[131.77134,34.45374],[131.78337,34.46679],[131.79683,34.47414]]}},{"type":"Feature","properties":{"_color":"#3388ff","_opacity":1,"_weight":3},"geometry":{"type":"LineString","coordinates":[[131.77965,34.46987],[131.79225,34.47675]]}},{"type":"Feature","properties":{"_color":"#3388ff","_opacity":1,"_weight":3},"geometry":{"type":"LineString","coordinates":[[131.80457,34.47723],[131.81144,34.48766],[131.83035,34.52276],[131.83808,34.53911]]}},{"type":"Feature","properties":{"_color":"#3388ff","_opacity":1,"_weight":3},"geometry":{"type":"LineString","coordinates":[[131.8418,34.54314],[131.85527,34.55499],[131.86529,34.56471],[131.88248,34.57395],[131.89078,34.5858],[131.90167,34.59409]]}},{"type":"Feature","properties":{"_color":"#3388ff","_opacity":1,"_weight":3},"geometry":{"type":"LineString","coordinates":[[131.87617,34.5685],[131.89508,34.57964]]}},{"type":"Feature","properties":{"_color":"#3388ff","_opacity":1,"_weight":3},"geometry":{"type":"LineString","coordinates":[[131.90539,34.59361],[131.91799,34.60688],[131.93747,34.62606],[131.94779,34.64192],[131.9664,34.65755],[131.97872,34.66654],[131.99018,34.67317],[131.99362,34.67743]]}},{"type":"Feature","properties":{"_color":"#3388ff","_opacity":1,"_weight":3},"geometry":{"type":"LineString","coordinates":[[131.92602,34.63269],[131.94177,34.63506]]}},{"type":"Feature","properties":{"_color":"#3388ff","_opacity":1,"_weight":3},"geometry":{"type":"LineString","coordinates":[[131.95981,34.65021],[131.99591,34.6708],[132.01424,34.67932],[132.02426,34.68736],[132.0489,34.69943],[132.06551,34.70558]]}},{"type":"Feature","properties":{"_color":"#3388ff","_opacity":1,"_weight":3},"geometry":{"type":"LineString","coordinates":[[131.95953,34.60877],[131.99677,34.63885],[132.03286,34.66749],[132.04747,34.68642],[132.08413,34.72261],[132.0953,34.73373],[132.10704,34.74413],[132.12022,34.75832]]}},{"type":"Feature","properties":{"_color":"#3388ff","_opacity":1,"_weight":3},"geometry":{"type":"LineString","coordinates":[[132.08184,34.74389],[132.11019,34.75524],[132.12853,34.76541]]}},{"type":"Feature","properties":{"_color":"#3388ff","_opacity":1,"_weight":3},"geometry":{"type":"LineString","coordinates":[[132.11249,34.74271],[132.12022,34.74555],[132.13053,34.74744]]}},{"type":"Feature","properties":{"_color":"#3388ff","_opacity":1,"_weight":3},"geometry":{"type":"LineString","coordinates":[[132.12624,34.75052],[132.14686,34.75666],[132.17092,34.76966],[132.18667,34.77699],[132.1967,34.78077]]}},{"type":"Feature","properties":{"_color":"#3388ff","_opacity":1,"_weight":3},"geometry":{"type":"LineString","coordinates":[[131.87904,34.54457],[131.87933,34.54528]]}},{"type":"Feature","properties":{"_color":"#3388ff","_opacity":1,"_weight":3},"geometry":{"type":"LineString","coordinates":[[131.87904,34.54457],[131.89623,34.55713]]}},{"type":"Feature","properties":{"_color":"#3388ff","_opacity":1,"_weight":3},"geometry":{"type":"LineString","coordinates":[[131.50439,34.24229],[131.52787,34.25418],[131.53962,34.26489],[131.5485,34.27321]]}},{"type":"Feature","properties":{"_color":"#3388ff","_opacity":1,"_weight":3},"geometry":{"type":"LineString","coordinates":[[131.49722,34.25442],[131.51212,34.25918],[131.54076,34.27369],[131.55709,34.2851],[131.56912,34.2977],[131.5843,34.31196],[131.59347,34.32361],[131.59833,34.32907]]}},{"type":"Feature","properties":{"_color":"#3388ff","_opacity":1,"_weight":3},"geometry":{"type":"LineString","coordinates":[[131.53417,34.31339],[131.55967,34.31814],[131.58659,34.3248],[131.60836,34.33216],[131.62039,34.33905],[131.64015,34.35497]]}},{"type":"Feature","properties":{"_color":"#3388ff","_opacity":1,"_weight":3},"geometry":{"type":"LineString","coordinates":[[131.63901,34.35117],[131.6539,34.35759],[131.66908,34.36376],[131.67882,34.36709]]}},{"type":"Feature","properties":{"_color":"#3388ff","_opacity":1,"_weight":3},"geometry":{"type":"LineString","coordinates":[[131.51584,34.23848],[131.523,34.24895]]}},{"type":"Feature","properties":{"_color":"#3388ff","_opacity":1,"_weight":3},"geometry":{"type":"LineString","coordinates":[[131.63901,34.34594],[131.65075,34.34737]]}},{"type":"Feature","properties":{"_color":"#3388ff","_opacity":1,"_weight":3},"geometry":{"type":"LineString","coordinates":[[131.70432,34.38799],[131.71406,34.39867],[131.72379,34.40532]]}},{"type":"Feature","properties":{"_color":"#3388ff","_opacity":1,"_weight":3},"geometry":{"type":"LineString","coordinates":[[131.76562,34.36376],[131.79855,34.38989],[131.8103,34.40081],[131.82233,34.40888]]}},{"type":"Feature","properties":{"_color":"#3388ff","_opacity":1,"_weight":3},"geometry":{"type":"LineString","coordinates":[[131.72637,34.34357],[131.74098,34.35307],[131.76934,34.37706]]}},{"type":"Feature","properties":{"_color":"#3388ff","_opacity":1,"_weight":3},"geometry":{"type":"LineString","coordinates":[[131.5147,34.19613],[131.52186,34.20589],[131.54535,34.22421],[131.56797,34.23801],[131.58516,34.24515],[131.60607,34.25823],[131.61524,34.2656],[131.63471,34.27511],[131.66364,34.28962],[131.68685,34.3065],[131.71348,34.32599],[131.72523,34.33502]]}},{"type":"Feature","properties":{"_color":"#3388ff","_opacity":1,"_weight":3},"geometry":{"type":"LineString","coordinates":[[131.55193,34.21136],[131.56568,34.22374],[131.57657,34.2304]]}},{"type":"Feature","properties":{"_color":"#3388ff","_opacity":1,"_weight":3},"geometry":{"type":"LineString","coordinates":[[131.4577,34.1747],[131.47259,34.1828]]}},{"type":"Feature","properties":{"_color":"#3388ff","_opacity":1,"_weight":3},"geometry":{"type":"LineString","coordinates":[[131.47947,34.18899],[131.49321,34.19779],[131.51069,34.20946]]}},{"type":"Feature","properties":{"_color":"#3388ff","_opacity":1,"_weight":3},"geometry":{"type":"LineString","coordinates":[[131.50037,34.19732],[131.51183,34.20708]]}},{"type":"Feature","properties":{"_color":"#3388ff","_opacity":1,"_weight":3},"geometry":{"type":"LineString","coordinates":[[131.43364,34.15589],[131.42648,34.14518],[131.41674,34.1347],[131.40929,34.12564],[131.39583,34.11445],[131.38638,34.09777],[131.3775,34.08037],[131.36117,34.06011],[131.34828,34.04557],[131.33998,34.0303],[131.33768,34.02291],[131.33683,34.01886]]}},{"type":"Feature","properties":{"_color":"#3388ff","_opacity":1,"_weight":3},"geometry":{"type":"LineString","coordinates":[[131.33396,34.01552],[131.32508,34.00025],[131.31763,33.98641],[131.31162,33.96637],[131.29787,33.953],[131.29271,33.94035]]}},{"type":"Feature","properties":{"_color":"#3388ff","_opacity":1,"_weight":3},"geometry":{"type":"LineString","coordinates":[[131.35688,34.06226],[131.36346,34.06679]]}},{"type":"Feature","properties":{"_color":"#3388ff","_opacity":1,"_weight":3},"geometry":{"type":"LineString","coordinates":[[131.39039,34.11087],[131.38523,34.11564]]}},{"type":"Feature","properties":{"_color":"#3388ff","_opacity":1,"_weight":3},"geometry":{"type":"LineString","coordinates":[[132.02771,34.41078],[132.0489,34.42313],[132.05893,34.42859],[132.06752,34.43974],[132.09015,34.4528],[132.10676,34.4694],[132.11793,34.47818],[132.14028,34.49075],[132.15374,34.49621]]}},{"type":"Feature","properties":{"_color":"#3388ff","_opacity":1,"_weight":3},"geometry":{"type":"LineString","coordinates":[[132.11908,34.47154],[132.13197,34.47913]]}},{"type":"Feature","properties":{"_color":"#3388ff","_opacity":1,"_weight":3},"geometry":{"type":"LineString","coordinates":[[132.13512,34.47462],[132.14601,34.48055],[132.15317,34.48553]]}},{"type":"Feature","properties":{"_color":"#3388ff","_opacity":1,"_weight":3},"geometry":{"type":"LineString","coordinates":[[132.15918,34.49312],[132.16978,34.50071],[132.18038,34.51162],[132.19928,34.52514]]}},{"type":"Feature","properties":{"_color":"#3388ff","_opacity":1,"_weight":3},"geometry":{"type":"LineString","coordinates":[[132.18696,34.51873],[132.20358,34.5313],[132.21761,34.53889],[132.22792,34.54623],[132.23594,34.55239],[132.24654,34.56045],[132.25456,34.56614],[132.26659,34.57135]]}},{"type":"Feature","properties":{"_color":"#3388ff","_opacity":1,"_weight":3},"geometry":{"type":"LineString","coordinates":[[132.26144,34.57514],[132.2706,34.57964],[132.27948,34.58675],[132.30011,34.59907],[132.31815,34.61186],[132.33219,34.62062],[132.34536,34.6282],[132.37659,34.65164],[132.38718,34.65921],[132.39979,34.66631]]}},{"type":"Feature","properties":{"_color":"#3388ff","_opacity":1,"_weight":3},"geometry":{"type":"LineString","coordinates":[[132.38862,34.66276],[132.41554,34.68311],[132.43244,34.70015],[132.44075,34.7089],[132.45851,34.72853],[132.4734,34.73894],[132.48199,34.74839],[132.49746,34.75785]]}},{"type":"Feature","properties":{"_color":"#3388ff","_opacity":1,"_weight":3},"geometry":{"type":"LineString","coordinates":[[132.43273,34.69731],[132.44734,34.71103],[132.46252,34.71789]]}},{"type":"Feature","properties":{"_color":"#3388ff","_opacity":1,"_weight":3},"geometry":{"type":"LineString","coordinates":[[132.45221,34.71742],[132.46911,34.72901]]}},{"type":"Feature","properties":{"_color":"#3388ff","_opacity":1,"_weight":3},"geometry":{"type":"LineString","coordinates":[[132.43703,34.69684],[132.44504,34.70228],[132.45106,34.70819]]}},{"type":"Feature","properties":{"_color":"#3388ff","_opacity":1,"_weight":3},"geometry":{"type":"LineString","coordinates":[[132.19183,34.52561],[132.19785,34.53225],[132.20472,34.54979],[132.2136,34.55808],[132.21904,34.56638],[132.22563,34.5768],[132.23508,34.58675],[132.24683,34.59528],[132.2537,34.60096],[132.25743,34.60523],[132.26631,34.61233],[132.27089,34.61873]]}},{"type":"Feature","properties":{"_color":"#3388ff","_opacity":1,"_weight":3},"geometry":{"type":"LineString","coordinates":[[133.24557,34.4763],[133.25731,34.47986],[133.26218,34.4846]]}},{"type":"Feature","properties":{"_color":"#3388ff","_opacity":1,"_weight":3},"geometry":{"type":"LineString","coordinates":[[133.24958,34.48128],[133.25474,34.48413],[133.26877,34.49077],[133.28252,34.49907],[133.29484,34.50832],[133.30601,34.51733],[133.31346,34.52444],[133.31918,34.52729],[133.32434,34.53013]]}},{"type":"Feature","properties":{"_color":"#3388ff","_opacity":1,"_weight":3},"geometry":{"type":"LineString","coordinates":[[133.27421,34.48982],[133.2808,34.49812]]}},{"type":"Feature","properties":{"_color":"#3388ff","_opacity":1,"_weight":3},"geometry":{"type":"LineString","coordinates":[[133.34783,34.5536],[133.35699,34.55691],[133.36272,34.56213],[133.36616,34.56616]]}},{"type":"Feature","properties":{"_color":"#3388ff","_opacity":1,"_weight":3},"geometry":{"type":"LineString","coordinates":[[133.37389,34.58866],[133.38334,34.59601]]}},{"type":"Feature","properties":{"_color":"#3388ff","_opacity":1,"_weight":3},"geometry":{"type":"LineString","coordinates":[[133.3822,34.5934],[133.39137,34.60051]]}},{"type":"Feature","properties":{"_color":"#3388ff","_opacity":1,"_weight":3},"geometry":{"type":"LineString","coordinates":[[133.38249,34.58795],[133.39137,34.59696],[133.39566,34.60217]]}},{"type":"Feature","properties":{"_color":"#3388ff","_opacity":1,"_weight":3},"geometry":{"type":"LineString","coordinates":[[133.39824,34.60572],[133.40483,34.61401],[133.42831,34.63271],[133.43863,34.641],[133.44349,34.64668],[133.45925,34.65781],[133.46612,34.66254],[133.47128,34.66396],[133.47557,34.6668]]}},{"type":"Feature","properties":{"_color":"#3388ff","_opacity":1,"_weight":3},"geometry":{"type":"LineString","coordinates":[[133.33078,34.54483],[133.33723,34.54886]]}},{"type":"Feature","properties":{"_color":"#3388ff","_opacity":1,"_weight":3},"geometry":{"type":"LineString","coordinates":[[133.3272,34.5395],[133.32993,34.54115]]}},{"type":"Feature","properties":{"_color":"#3388ff","_opacity":1,"_weight":3},"geometry":{"type":"LineString","coordinates":[[133.3262,34.5363],[133.33136,34.5395]]}},{"type":"Feature","properties":{"_color":"#3388ff","_opacity":1,"_weight":3},"geometry":{"type":"LineString","coordinates":[[133.32978,34.53511],[133.33207,34.53665]]}},{"type":"Feature","properties":{"_color":"#3388ff","_opacity":1,"_weight":3},"geometry":{"type":"LineString","coordinates":[[133.3474,34.54151],[133.35284,34.54637]]}},{"type":"Feature","properties":{"_color":"#3388ff","_opacity":1,"_weight":3},"geometry":{"type":"LineString","coordinates":[[133.35656,34.55111],[133.35957,34.5536]]}},{"type":"Feature","properties":{"_color":"#3388ff","_opacity":1,"_weight":3},"geometry":{"type":"LineString","coordinates":[[133.35656,34.55383],[133.35843,34.55537]]}},{"type":"Feature","properties":{"_color":"#3388ff","_opacity":1,"_weight":3},"geometry":{"type":"LineString","coordinates":[[133.35771,34.55312],[133.35914,34.55443]]}},{"type":"Feature","properties":{"_color":"#3388ff","_opacity":1,"_weight":3},"geometry":{"type":"LineString","coordinates":[[131.87507,34.03068],[131.88632,34.03457],[131.89291,34.03845],[131.90444,34.04279]]}},{"type":"Feature","properties":{"_color":"#3388ff","_opacity":1,"_weight":3},"geometry":{"type":"LineString","coordinates":[[132.23536,34.0848],[132.24069,34.09295],[132.24826,34.10273],[132.25835,34.11158],[132.26564,34.11646],[132.27096,34.12251],[132.27741,34.12833],[132.28441,34.13345],[132.28695,34.14021]]}},{"type":"Feature","properties":{"_color":"#3388ff","_opacity":1,"_weight":3},"geometry":{"type":"LineString","coordinates":[[132.27352,34.13976],[132.26935,34.15096],[132.26434,34.1603]]}},{"type":"Feature","properties":{"_color":"#3388ff","_opacity":1,"_weight":3},"geometry":{"type":"LineString","coordinates":[[132.30289,34.13878],[132.31019,34.15183],[132.3172,34.16231],[132.32421,34.16976]]}},{"type":"Feature","properties":{"_color":"#3388ff","_opacity":1,"_weight":3},"geometry":{"type":"LineString","coordinates":[[132.32949,34.15272],[132.33565,34.15761]]}},{"type":"Feature","properties":{"_color":"#3388ff","_opacity":1,"_weight":3},"geometry":{"type":"LineString","coordinates":[[132.3415,34.14827],[132.35129,34.15012]]}},{"type":"Feature","properties":{"_color":"#3388ff","_opacity":1,"_weight":3},"geometry":{"type":"LineString","coordinates":[[132.30835,34.08445],[132.30336,34.10171],[132.30114,34.1108],[132.29752,34.11804],[132.29586,34.12597],[132.29505,34.13716],[132.29619,34.14649],[132.29844,34.15324]]}},{"type":"Feature","properties":{"_color":"#3388ff","_opacity":1,"_weight":3},"geometry":{"type":"LineString","coordinates":[[132.30505,34.1073],[132.31344,34.10869],[132.32603,34.10913]]}},{"type":"Feature","properties":{"_color":"#3388ff","_opacity":1,"_weight":3},"geometry":{"type":"LineString","coordinates":[[132.31306,34.06602],[132.31895,34.0723],[132.32346,34.08885],[132.32545,34.09887],[132.32519,34.10773]]}},{"type":"Feature","properties":{"_color":"#3388ff","_opacity":1,"_weight":3},"geometry":{"type":"LineString","coordinates":[[132.34366,34.11586],[132.35683,34.12447],[132.36299,34.12795],[132.37362,34.1305],[132.38174,34.13492],[132.38651,34.13817],[132.39546,34.14095],[132.4089,34.14583]]}},{"type":"Feature","properties":{"_color":"#3388ff","_opacity":1,"_weight":3},"geometry":{"type":"LineString","coordinates":[[132.4035,34.10947],[132.40995,34.11761],[132.415,34.1218],[132.41696,34.12343]]}},{"type":"Feature","properties":{"_color":"#3388ff","_opacity":1,"_weight":3},"geometry":{"type":"LineString","coordinates":[[132.35849,34.11863],[132.36827,34.11162],[132.37385,34.10858]]}},{"type":"Feature","properties":{"_color":"#3388ff","_opacity":1,"_weight":3},"geometry":{"type":"LineString","coordinates":[[132.3761,34.11114],[132.3828,34.1074],[132.38867,34.10553]]}},{"type":"Feature","properties":{"_color":"#3388ff","_opacity":1,"_weight":3},"geometry":{"type":"LineString","coordinates":[[132.23125,33.99947],[132.24471,34.01554],[132.25256,34.02299],[132.25732,34.02671],[132.26487,34.02949],[132.26992,34.03392],[132.28197,34.04345],[132.28841,34.04857],[132.29457,34.05066],[132.30241,34.05508],[132.30913,34.0567],[132.31669,34.05925],[132.3237,34.06763],[132.3335,34.07484],[132.34582,34.08019],[132.35674,34.08809],[132.36599,34.09391],[132.3741,34.09669],[132.38306,34.09877],[132.39257,34.10179],[132.40517,34.1048]]}},{"type":"Feature","properties":{"_color":"#3388ff","_opacity":1,"_weight":3},"geometry":{"type":"LineString","coordinates":[[132.24202,34.06381],[132.26103,34.05958],[132.26802,34.05817]]}},{"type":"Feature","properties":{"_color":"#3388ff","_opacity":1,"_weight":3},"geometry":{"type":"LineString","coordinates":[[132.29456,34.04763],[132.3091,34.04364],[132.31608,34.04176]]}},{"type":"Feature","properties":{"_color":"#3388ff","_opacity":1,"_weight":3},"geometry":{"type":"LineString","coordinates":[[132.36055,34.03936],[132.35723,34.05568],[132.35474,34.06618],[132.35363,34.07341]]}},{"type":"Feature","properties":{"_color":"#3388ff","_opacity":1,"_weight":3},"geometry":{"type":"LineString","coordinates":[[132.19706,33.97225],[132.21723,33.98504],[132.22843,33.99295],[132.23628,33.9983]]}},{"type":"Feature","properties":{"_color":"#3388ff","_opacity":1,"_weight":3},"geometry":{"type":"LineString","coordinates":[[132.21923,34.00439],[132.23267,34.00926]]}},{"type":"Feature","properties":{"_color":"#3388ff","_opacity":1,"_weight":3},"geometry":{"type":"LineString","coordinates":[[132.17512,34.03687],[132.19192,34.04711],[132.20369,34.05758]]}},{"type":"Feature","properties":{"_color":"#3388ff","_opacity":1,"_weight":3},"geometry":{"type":"LineString","coordinates":[[132.38548,34.17944],[132.38692,34.1939],[132.385,34.21162]]}},{"type":"Feature","properties":{"_color":"#3388ff","_opacity":1,"_weight":3},"geometry":{"type":"LineString","coordinates":[[132.38082,34.22049],[132.37609,34.22866]]}},{"type":"Feature","properties":{"_color":"#3388ff","_opacity":1,"_weight":3},"geometry":{"type":"LineString","coordinates":[[132.3248,34.18258],[132.33573,34.19398],[132.34162,34.1991]]}},{"type":"Feature","properties":{"_color":"#3388ff","_opacity":1,"_weight":3},"geometry":{"type":"LineString","coordinates":[[132.33407,34.19795],[132.33604,34.20378],[132.3394,34.20773]]}},{"type":"Feature","properties":{"_color":"#3388ff","_opacity":1,"_weight":3},"geometry":{"type":"LineString","coordinates":[[132.33884,34.20843],[132.34195,34.21869],[132.34337,34.22964],[132.34479,34.2392]]}},{"type":"Feature","properties":{"_color":"#3388ff","_opacity":1,"_weight":3},"geometry":{"type":"LineString","coordinates":[[132.35703,34.21097],[132.35313,34.2175],[132.34811,34.22241],[132.34392,34.22498]]}},{"type":"Feature","properties":{"_color":"#3388ff","_opacity":1,"_weight":3},"geometry":{"type":"LineString","coordinates":[[132.35093,34.23243],[132.34506,34.23617]]}},{"type":"Feature","properties":{"_color":"#3388ff","_opacity":1,"_weight":3},"geometry":{"type":"LineString","coordinates":[[132.34004,34.24014],[132.34564,34.2441]]}},{"type":"Feature","properties":{"_color":"#3388ff","_opacity":1,"_weight":3},"geometry":{"type":"LineString","coordinates":[[132.34647,34.24176],[132.34901,34.25109],[132.34988,34.26274]]}},{"type":"Feature","properties":{"_color":"#3388ff","_opacity":1,"_weight":3},"geometry":{"type":"LineString","coordinates":[[132.35159,34.27836],[132.35835,34.29677]]}},{"type":"Feature","properties":{"_color":"#3388ff","_opacity":1,"_weight":3},"geometry":{"type":"LineString","coordinates":[[132.36033,34.30959],[132.36706,34.31634]]}},{"type":"Feature","properties":{"_color":"#3388ff","_opacity":1,"_weight":3},"geometry":{"type":"LineString","coordinates":[[132.38046,34.30629],[132.38551,34.31234]]}},{"type":"Feature","properties":{"_color":"#3388ff","_opacity":1,"_weight":3},"geometry":{"type":"LineString","coordinates":[[132.3947,34.29414],[132.39221,34.30767],[132.3914,34.317]]}},{"type":"Feature","properties":{"_color":"#3388ff","_opacity":1,"_weight":3},"geometry":{"type":"LineString","coordinates":[[132.37546,34.31959],[132.37186,34.33265],[132.36824,34.34105]]}},{"type":"Feature","properties":{"_color":"#3388ff","_opacity":1,"_weight":3},"geometry":{"type":"LineString","coordinates":[[134.02371,35.43629],[134.02739,35.44176],[134.03619,35.44997]]}},{"type":"Feature","properties":{"_color":"#3388ff","_opacity":1,"_weight":3},"geometry":{"type":"LineString","coordinates":[[134.03897,35.45043],[134.04455,35.45416],[134.04867,35.45581]]}},{"type":"Feature","properties":{"_color":"#3388ff","_opacity":1,"_weight":3},"geometry":{"type":"LineString","coordinates":[[134.048,35.4476],[134.05993,35.44824],[134.06461,35.44988],[134.06806,35.45216],[134.07296,35.45407]]}},{"type":"Feature","properties":{"_color":"#3388ff","_opacity":1,"_weight":3},"geometry":{"type":"LineString","coordinates":[[134.07809,35.45444],[134.09514,35.45863],[134.10405,35.46301]]}},{"type":"Feature","properties":{"_color":"#3388ff","_opacity":1,"_weight":3},"geometry":{"type":"LineString","coordinates":[[134.10272,35.45426],[134.10874,35.45827],[134.12155,35.46137],[134.13492,35.46064],[134.14351,35.4621]]}},{"type":"Feature","properties":{"_color":"#3388ff","_opacity":1,"_weight":3},"geometry":{"type":"LineString","coordinates":[[134.14785,35.45626],[134.15443,35.46046],[134.16278,35.46474]]}},{"type":"Feature","properties":{"_color":"#3388ff","_opacity":1,"_weight":3},"geometry":{"type":"LineString","coordinates":[[134.09659,35.44669],[134.10406,35.4528]]}},{"type":"Feature","properties":{"_color":"#3388ff","_opacity":1,"_weight":3},"geometry":{"type":"LineString","coordinates":[[134.10651,35.4714],[134.12188,35.47705],[134.12824,35.47997],[134.13481,35.48206],[134.14116,35.48206],[134.15075,35.48133],[134.15565,35.48161],[134.16289,35.48124],[134.18072,35.4807],[134.18953,35.48097]]}},{"type":"Feature","properties":{"_color":"#3388ff","_opacity":1,"_weight":3},"geometry":{"type":"LineString","coordinates":[[134.17694,35.44806],[134.18674,35.45508],[134.19198,35.45818],[134.19644,35.46009]]}},{"type":"Feature","properties":{"_color":"#3388ff","_opacity":1,"_weight":3},"geometry":{"type":"LineString","coordinates":[[134.25026,35.49145],[134.26363,35.4971],[134.27233,35.50266],[134.28224,35.50813],[134.29049,35.51086],[134.29773,35.51205]]}},{"type":"Feature","properties":{"_color":"#3388ff","_opacity":1,"_weight":3},"geometry":{"type":"LineString","coordinates":[[134.28458,35.52307],[134.29428,35.51697],[134.30609,35.51032],[134.31713,35.50266],[134.32571,35.49583]]}},{"type":"Feature","properties":{"_color":"#3388ff","_opacity":1,"_weight":3},"geometry":{"type":"LineString","coordinates":[[134.30877,35.52918],[134.32158,35.52025],[134.3286,35.51633],[134.34053,35.51178],[134.34855,35.50704],[134.35379,35.50267],[134.3588,35.49519],[134.36293,35.48854],[134.36694,35.48353],[134.37051,35.48043]]}},{"type":"Feature","properties":{"_color":"#3388ff","_opacity":1,"_weight":3},"geometry":{"type":"LineString","coordinates":[[134.36928,35.46794],[134.3714,35.458],[134.37552,35.45034],[134.38165,35.44396],[134.38455,35.44204]]}},{"type":"Feature","properties":{"_color":"#3388ff","_opacity":1,"_weight":3},"geometry":{"type":"LineString","coordinates":[[132.96932,35.51439],[132.97662,35.51772],[132.98827,35.51931],[133.0051,35.51958],[133.02878,35.51831],[133.0397,35.51904],[133.04616,35.51986],[133.05051,35.51991],[133.05909,35.51904],[133.07023,35.51959],[133.07313,35.52013],[133.08483,35.52082],[133.09135,35.52287],[133.09603,35.52487]]}},{"type":"Feature","properties":{"_color":"#3388ff","_opacity":1,"_weight":3},"geometry":{"type":"LineString","coordinates":[[133.08945,35.52096],[133.09803,35.52323]]}},{"type":"Feature","properties":{"_color":"#3388ff","_opacity":1,"_weight":3},"geometry":{"type":"LineString","coordinates":[[133.08923,35.52036],[133.09285,35.52036],[133.10199,35.523]]}},{"type":"Feature","properties":{"_color":"#3388ff","_opacity":1,"_weight":3},"geometry":{"type":"LineString","coordinates":[[133.09374,35.51918],[133.10049,35.51941],[133.10416,35.52059],[133.1065,35.52232]]}},{"type":"Feature","properties":{"_color":"#3388ff","_opacity":1,"_weight":3},"geometry":{"type":"LineString","coordinates":[[133.10216,35.51904],[133.10673,35.51886],[133.1128,35.52045],[133.11631,35.52178],[133.11965,35.52465],[133.12378,35.52651],[133.12846,35.52911],[133.13163,35.53153],[133.13537,35.53585],[133.14043,35.53981],[133.14584,35.54296],[133.14924,35.54564],[133.15213,35.5487],[133.15364,35.55111]]}},{"type":"Feature","properties":{"_color":"#3388ff","_opacity":1,"_weight":3},"geometry":{"type":"LineString","coordinates":[[133.12706,35.52674],[133.13041,35.52879],[133.13486,35.53016],[133.1362,35.53125]]}},{"type":"Feature","properties":{"_color":"#3388ff","_opacity":1,"_weight":3},"geometry":{"type":"LineString","coordinates":[[133.13163,35.52756],[133.13525,35.52797],[133.14322,35.5297],[133.15693,35.5323],[133.16512,35.5343],[133.17208,35.53745],[133.17927,35.53904],[133.18858,35.54073],[133.19081,35.54123],[133.19276,35.54232]]}},{"type":"Feature","properties":{"_color":"#3388ff","_opacity":1,"_weight":3},"geometry":{"type":"LineString","coordinates":[[133.29475,35.25282],[133.30277,35.24275],[133.33174,35.21308],[133.34995,35.19512]]}},{"type":"Feature","properties":{"_color":"#3388ff","_opacity":1,"_weight":3},"geometry":{"type":"LineString","coordinates":[[133.34992,35.19085],[133.3633,35.16866],[133.3711,35.15791]]}},{"type":"Feature","properties":{"_color":"#3388ff","_opacity":1,"_weight":3},"geometry":{"type":"LineString","coordinates":[[133.88106,35.11734],[133.92345,35.11637],[133.96801,35.11243],[133.991,35.11017]]}},{"type":"Feature","properties":{"_color":"#3388ff","_opacity":1,"_weight":3},"geometry":{"type":"LineString","coordinates":[[134.04197,35.1151],[134.08069,35.12706],[134.11729,35.13604],[134.15604,35.14621],[134.1941,35.15281],[134.22427,35.15584]]}},{"type":"Feature","properties":{"_color":"#3388ff","_opacity":1,"_weight":3},"geometry":{"type":"LineString","coordinates":[[134.13909,35.13314],[134.15563,35.12787]]}},{"type":"Feature","properties":{"_color":"#3388ff","_opacity":1,"_weight":3},"geometry":{"type":"LineString","coordinates":[[134.26384,35.14271],[134.27964,35.14274],[134.29043,35.13921],[134.30554,35.13037],[134.31562,35.12271],[134.32425,35.11858],[134.33863,35.11151],[134.35012,35.10858],[134.36378,35.10386],[134.37743,35.09797],[134.39037,35.09148],[134.40259,35.0844],[134.4148,35.07968],[134.43706,35.07261]]}},{"type":"Feature","properties":{"_color":"#3388ff","_opacity":1,"_weight":3},"geometry":{"type":"LineString","coordinates":[[134.34135,35.09838],[134.35285,35.09308],[134.36507,35.09013],[134.37369,35.08719],[134.38303,35.08247],[134.38878,35.07657],[134.39884,35.07126],[134.41321,35.06477],[134.42039,35.063],[134.43547,35.0571],[134.44696,35.05002],[134.45773,35.04293],[134.46562,35.0388],[134.47926,35.03348],[134.50437,35.02226],[134.53809,35.00807]]}},{"type":"Feature","properties":{"_color":"#3388ff","_opacity":1,"_weight":3},"geometry":{"type":"LineString","coordinates":[[134.53948,35.00541],[134.54522,35.00364]]}},{"type":"Feature","properties":{"_color":"#3388ff","_opacity":1,"_weight":3},"geometry":{"type":"LineString","coordinates":[[134.54315,34.99537],[134.55964,34.993]]}},{"type":"Feature","properties":{"_color":"#3388ff","_opacity":1,"_weight":3},"geometry":{"type":"LineString","coordinates":[[134.55474,34.99718],[134.57912,34.99185],[134.59203,34.98889],[134.61138,34.98355],[134.63145,34.97821],[134.65153,34.97524],[134.67589,34.96811],[134.69381,34.96277],[134.70742,34.95861],[134.7196,34.95622],[134.72461,34.95385],[134.7289,34.94971]]}},{"type":"Feature","properties":{"_color":"#3388ff","_opacity":1,"_weight":3},"geometry":{"type":"LineString","coordinates":[[134.55258,34.99068],[134.56548,34.98063],[134.58197,34.97058],[134.60203,34.95933],[134.61564,34.95164],[134.63211,34.94098],[134.64858,34.93151],[134.66218,34.92322],[134.66719,34.9179],[134.66933,34.91553]]}},{"type":"Feature","properties":{"_color":"#3388ff","_opacity":1,"_weight":3},"geometry":{"type":"LineString","coordinates":[[134.67218,34.90843],[134.68076,34.90133]]}},{"type":"Feature","properties":{"_color":"#3388ff","_opacity":1,"_weight":3},"geometry":{"type":"LineString","coordinates":[[134.68007,34.9096],[134.69509,34.90013],[134.70797,34.8936],[134.72514,34.88766]]}},{"type":"Feature","properties":{"_color":"#3388ff","_opacity":1,"_weight":3},"geometry":{"type":"LineString","coordinates":[[134.68365,34.90842],[134.7087,34.89774],[134.72873,34.89002]]}},{"type":"Feature","properties":{"_color":"#3388ff","_opacity":1,"_weight":3},"geometry":{"type":"LineString","coordinates":[[132.68862,34.34352],[132.69754,34.34915],[132.71809,34.36024],[132.72778,34.36587]]}},{"type":"Feature","properties":{"_color":"#3388ff","_opacity":1,"_weight":3},"geometry":{"type":"LineString","coordinates":[[133.09298,34.52229],[133.10694,34.53417],[133.11934,34.54315],[133.13795,34.55887],[133.14958,34.57009],[133.16431,34.59029],[133.17478,34.60376]]}},{"type":"Feature","properties":{"_color":"#3388ff","_opacity":1,"_weight":3},"geometry":{"type":"LineString","coordinates":[[133.00111,34.71482],[133.01234,34.72228],[133.02591,34.73284],[133.03793,34.74117]]}},{"type":"Feature","properties":{"_color":"#3388ff","_opacity":1,"_weight":3},"geometry":{"type":"LineString","coordinates":[[131.46893,34.49559],[131.49955,34.51104],[131.51128,34.51679],[131.53427,34.52548],[131.55412,34.54038],[131.57282,34.55467],[131.58395,34.56295]]}},{"type":"Feature","properties":{"_color":"#3388ff","_opacity":1,"_weight":3},"geometry":{"type":"LineString","coordinates":[[130.91917,34.30867],[130.92848,34.30223],[130.94243,34.29676],[130.95891,34.29499]]}},{"type":"Feature","properties":{"_color":"#3388ff","_opacity":1,"_weight":3},"geometry":{"type":"LineString","coordinates":[[130.96162,34.29516],[130.9717,34.28856],[130.98004,34.28341]]}},{"type":"Feature","properties":{"_color":"#3388ff","_opacity":1,"_weight":3},"geometry":{"type":"LineString","coordinates":[[131.82007,34.06511],[131.8221,34.06702],[131.82592,34.06959],[131.82887,34.07314],[131.83327,34.0785],[131.83544,34.08069]]}},{"type":"Feature","properties":{"_color":"#3388ff","_opacity":1,"_weight":3},"geometry":{"type":"LineString","coordinates":[[131.82986,34.06664],[131.83235,34.07281],[131.83531,34.07812],[131.83938,34.08484],[131.84424,34.08938],[131.84792,34.09342],[131.85193,34.09747],[131.85692,34.1043],[131.86021,34.10862],[131.86415,34.11381],[131.87052,34.12042],[131.8721,34.1219]]}},{"type":"Feature","properties":{"_color":"#3388ff","_opacity":1,"_weight":3},"geometry":{"type":"LineString","coordinates":[[134.04381,35.40478],[134.09734,35.40063],[134.12555,35.40182],[134.15159,35.40715]]}},{"type":"Feature","properties":{"_color":"#3388ff","_opacity":1,"_weight":3},"geometry":{"type":"LineString","coordinates":[[131.52632,33.35798],[131.53274,33.3567],[131.53916,33.35507]]}},{"type":"Feature","properties":{"_color":"#3388ff","_opacity":1,"_weight":3},"geometry":{"type":"LineString","coordinates":[[131.5297,33.35406],[131.53731,33.35234],[131.54438,33.35026],[131.54982,33.34743],[131.55309,33.34643],[131.56288,33.34643],[131.57147,33.3457]]}},{"type":"Feature","properties":{"_color":"#3388ff","_opacity":1,"_weight":3},"geometry":{"type":"LineString","coordinates":[[131.51707,33.35616],[131.52132,33.35516],[131.52436,33.35334],[131.5297,33.34934],[131.53949,33.34579],[131.55102,33.34379]]}},{"type":"Feature","properties":{"_color":"#3388ff","_opacity":1,"_weight":3},"geometry":{"type":"LineString","coordinates":[[131.51207,33.3527],[131.51696,33.35225],[131.52164,33.35052],[131.5298,33.34524],[131.53557,33.34315],[131.54406,33.34161],[131.54961,33.33942]]}},{"type":"Feature","properties":{"_color":"#3388ff","_opacity":1,"_weight":3},"geometry":{"type":"LineString","coordinates":[[131.51838,33.34588],[131.52273,33.34479],[131.52893,33.34224],[131.53709,33.33979],[131.54591,33.33706]]}},{"type":"Feature","properties":{"_color":"#3388ff","_opacity":1,"_weight":3},"geometry":{"type":"LineString","coordinates":[[131.51363,33.34419],[131.51915,33.34287]]}},{"type":"Feature","properties":{"_color":"#3388ff","_opacity":1,"_weight":3},"geometry":{"type":"LineString","coordinates":[[131.51065,33.34143],[131.51773,33.33852],[131.52752,33.33661],[131.54101,33.33642]]}},{"type":"Feature","properties":{"_color":"#3388ff","_opacity":1,"_weight":3},"geometry":{"type":"LineString","coordinates":[[131.50924,33.33452],[131.51348,33.33379],[131.51707,33.33252]]}},{"type":"Feature","properties":{"_color":"#3388ff","_opacity":1,"_weight":3},"geometry":{"type":"LineString","coordinates":[[131.51967,33.3332],[131.52807,33.33339],[131.53582,33.33311]]}},{"type":"Feature","properties":{"_color":"#3388ff","_opacity":1,"_weight":3},"geometry":{"type":"LineString","coordinates":[[131.52436,33.32942],[131.53086,33.32928]]}},{"type":"Feature","properties":{"_color":"#3388ff","_opacity":1,"_weight":3},"geometry":{"type":"LineString","coordinates":[[131.53683,33.33028],[131.53943,33.33028]]}},{"type":"Feature","properties":{"_color":"#3388ff","_opacity":1,"_weight":3},"geometry":{"type":"LineString","coordinates":[[131.5467,33.33499],[131.54908,33.3349]]}},{"type":"Feature","properties":{"_color":"#3388ff","_opacity":1,"_weight":3},"geometry":{"type":"LineString","coordinates":[[131.5409,33.33106],[131.54961,33.33288],[131.55874,33.33342],[131.56865,33.33297]]}},{"type":"Feature","properties":{"_color":"#3388ff","_opacity":1,"_weight":3},"geometry":{"type":"LineString","coordinates":[[131.55135,33.3367],[131.56175,33.33794],[131.56712,33.33843]]}},{"type":"Feature","properties":{"_color":"#3388ff","_opacity":1,"_weight":3},"geometry":{"type":"LineString","coordinates":[[131.55363,33.33933],[131.56277,33.3397],[131.56723,33.33933]]}},{"type":"Feature","properties":{"_color":"#3388ff","_opacity":1,"_weight":3},"geometry":{"type":"LineString","coordinates":[[131.56375,33.34206],[131.57746,33.34043]]}},{"type":"Feature","properties":{"_color":"#3388ff","_opacity":1,"_weight":3},"geometry":{"type":"LineString","coordinates":[[131.57952,33.34206],[131.58835,33.34197]]}},{"type":"Feature","properties":{"_color":"#3388ff","_opacity":1,"_weight":3},"geometry":{"type":"LineString","coordinates":[[131.58169,33.33695],[131.58672,33.33463],[131.59312,33.33291],[131.60385,33.33001]]}},{"type":"Feature","properties":{"_color":"#3388ff","_opacity":1,"_weight":3},"geometry":{"type":"LineString","coordinates":[[131.58336,33.33164],[131.59702,33.32847]]}},{"type":"Feature","properties":{"_color":"#3388ff","_opacity":1,"_weight":3},"geometry":{"type":"LineString","coordinates":[[131.57202,33.33268],[131.58018,33.32914],[131.58845,33.32796]]}},{"type":"Feature","properties":{"_color":"#3388ff","_opacity":1,"_weight":3},"geometry":{"type":"LineString","coordinates":[[131.55113,33.34161],[131.55722,33.34224],[131.5631,33.34379],[131.56951,33.34461],[131.57452,33.34361],[131.58225,33.34097],[131.58845,33.33915]]}},{"type":"Feature","properties":{"_color":"#3388ff","_opacity":1,"_weight":3},"geometry":{"type":"LineString","coordinates":[[131.59073,33.34152],[131.60106,33.34132],[131.61286,33.3407],[131.61839,33.33926],[131.6225,33.33688]]}},{"type":"Feature","properties":{"_color":"#3388ff","_opacity":1,"_weight":3},"geometry":{"type":"LineString","coordinates":[[131.61058,33.33644],[131.62059,33.33652],[131.63044,33.33653],[131.63774,33.33537],[131.64583,33.33171],[131.64938,33.32922]]}},{"type":"Feature","properties":{"_color":"#3388ff","_opacity":1,"_weight":3},"geometry":{"type":"LineString","coordinates":[[131.61674,33.33288],[131.62076,33.33179]]}},{"type":"Feature","properties":{"_color":"#3388ff","_opacity":1,"_weight":3},"geometry":{"type":"LineString","coordinates":[[131.63174,33.33009],[131.63807,33.32808]]}},{"type":"Feature","properties":{"_color":"#3388ff","_opacity":1,"_weight":3},"geometry":{"type":"LineString","coordinates":[[131.61391,33.32735],[131.61944,33.32603],[131.62358,33.32403]]}},{"type":"Feature","properties":{"_color":"#3388ff","_opacity":1,"_weight":3},"geometry":{"type":"LineString","coordinates":[[131.5075,33.32879],[131.51261,33.32861],[131.51675,33.32755],[131.52175,33.32515],[131.52817,33.32415],[131.53241,33.32451],[131.53753,33.3257],[131.5446,33.32651],[131.55559,33.32697]]}},{"type":"Feature","properties":{"_color":"#3388ff","_opacity":1,"_weight":3},"geometry":{"type":"LineString","coordinates":[[131.53067,33.32259],[131.54036,33.32278],[131.55243,33.32369],[131.56438,33.32412],[131.57539,33.32278],[131.58268,33.32078],[131.58986,33.31878],[131.59791,33.31814],[131.60237,33.31696],[131.60683,33.31469]]}},{"type":"Feature","properties":{"_color":"#3388ff","_opacity":1,"_weight":3},"geometry":{"type":"LineString","coordinates":[[131.59574,33.31641],[131.60498,33.31523],[131.61184,33.31296],[131.62185,33.30714],[131.63501,33.30051]]}},{"type":"Feature","properties":{"_color":"#3388ff","_opacity":1,"_weight":3},"geometry":{"type":"LineString","coordinates":[[131.53509,33.31913],[131.54084,33.31904],[131.54659,33.31923],[131.55093,33.32067],[131.55765,33.3214],[131.56644,33.32185]]}},{"type":"Feature","properties":{"_color":"#3388ff","_opacity":1,"_weight":3},"geometry":{"type":"LineString","coordinates":[[131.55015,33.31678],[131.55755,33.3156],[131.56625,33.31542]]}},{"type":"Feature","properties":{"_color":"#3388ff","_opacity":1,"_weight":3},"geometry":{"type":"LineString","coordinates":[[131.6315,33.33131],[131.6396,33.33018],[131.64429,33.329],[131.65062,33.32863],[131.65924,33.32809],[131.66339,33.32735],[131.67146,33.32416],[131.67844,33.31961]]}},{"type":"Feature","properties":{"_color":"#3388ff","_opacity":1,"_weight":3},"geometry":{"type":"LineString","coordinates":[[131.66831,33.37013],[131.67712,33.36931],[131.68408,33.36668],[131.69115,33.36459],[131.69703,33.3645],[131.70236,33.36213],[131.71124,33.36096],[131.71906,33.35816]]}},{"type":"Feature","properties":{"_color":"#3388ff","_opacity":1,"_weight":3},"geometry":{"type":"LineString","coordinates":[[131.66797,33.36648],[131.67233,33.36575]]}},{"type":"Feature","properties":{"_color":"#3388ff","_opacity":1,"_weight":3},"geometry":{"type":"LineString","coordinates":[[131.66557,33.36347],[131.67642,33.35974]]}},{"type":"Feature","properties":{"_color":"#3388ff","_opacity":1,"_weight":3},"geometry":{"type":"LineString","coordinates":[[131.64959,33.35904],[131.65492,33.35668],[131.65764,33.35377],[131.66319,33.35177],[131.66635,33.34968],[131.66961,33.34868]]}},{"type":"Feature","properties":{"_color":"#3388ff","_opacity":1,"_weight":3},"geometry":{"type":"LineString","coordinates":[[131.65133,33.35522],[131.65764,33.35377]]}},{"type":"Feature","properties":{"_color":"#3388ff","_opacity":1,"_weight":3},"geometry":{"type":"LineString","coordinates":[[131.65913,33.35526],[131.66306,33.35417],[131.66626,33.35254],[131.66933,33.35214],[131.67313,33.35074],[131.67746,33.34815]]}},{"type":"Feature","properties":{"_color":"#3388ff","_opacity":1,"_weight":3},"geometry":{"type":"LineString","coordinates":[[131.65015,33.35213],[131.65873,33.35004]]}},{"type":"Feature","properties":{"_color":"#3388ff","_opacity":1,"_weight":3},"geometry":{"type":"LineString","coordinates":[[131.66646,33.34741],[131.66961,33.34568],[131.6731,33.34486]]}},{"type":"Feature","properties":{"_color":"#3388ff","_opacity":1,"_weight":3},"geometry":{"type":"LineString","coordinates":[[131.66896,33.34368],[131.67233,33.34296]]}},{"type":"Feature","properties":{"_color":"#3388ff","_opacity":1,"_weight":3},"geometry":{"type":"LineString","coordinates":[[131.64014,33.34623],[131.64713,33.34559],[131.65106,33.34495],[131.65476,33.34404],[131.65935,33.34231]]}},{"type":"Feature","properties":{"_color":"#3388ff","_opacity":1,"_weight":3},"geometry":{"type":"LineString","coordinates":[[131.65397,33.34173],[131.66202,33.34033],[131.6672,33.33812]]}},{"type":"Feature","properties":{"_color":"#3388ff","_opacity":1,"_weight":3},"geometry":{"type":"LineString","coordinates":[[131.66036,33.34333],[131.66865,33.34014],[131.67277,33.33802],[131.67594,33.33693],[131.68074,33.33647],[131.68904,33.33275],[131.69601,33.33]]}},{"type":"Feature","properties":{"_color":"#3388ff","_opacity":1,"_weight":3},"geometry":{"type":"LineString","coordinates":[[131.65367,33.33793],[131.65815,33.33748]]}},{"type":"Feature","properties":{"_color":"#3388ff","_opacity":1,"_weight":3},"geometry":{"type":"LineString","coordinates":[[131.67026,33.33638],[131.67452,33.33419]]}},{"type":"Feature","properties":{"_color":"#3388ff","_opacity":1,"_weight":3},"geometry":{"type":"LineString","coordinates":[[131.65968,33.33392],[131.6672,33.33355],[131.67266,33.33137],[131.67812,33.32799]]}},{"type":"Feature","properties":{"_color":"#3388ff","_opacity":1,"_weight":3},"geometry":{"type":"LineString","coordinates":[[131.65155,33.36595],[131.65656,33.36468],[131.65949,33.3615],[131.66352,33.35841],[131.66939,33.35559],[131.6757,33.35341],[131.68047,33.35115],[131.68569,33.34935],[131.69019,33.34595],[131.69551,33.34223],[131.70211,33.34096],[131.70962,33.34076],[131.71649,33.34296],[131.72614,33.3455],[131.73732,33.34556]]}},{"type":"Feature","properties":{"_color":"#3388ff","_opacity":1,"_weight":3},"geometry":{"type":"LineString","coordinates":[[131.67528,33.34423],[131.68072,33.34394],[131.68565,33.34331],[131.69143,33.34167]]}},{"type":"Feature","properties":{"_color":"#3388ff","_opacity":1,"_weight":3},"geometry":{"type":"LineString","coordinates":[[131.67529,33.33994],[131.68168,33.33814],[131.68619,33.33675]]}},{"type":"Feature","properties":{"_color":"#3388ff","_opacity":1,"_weight":3},"geometry":{"type":"LineString","coordinates":[[131.68855,33.33895],[131.69689,33.33593]]}},{"type":"Feature","properties":{"_color":"#3388ff","_opacity":1,"_weight":3},"geometry":{"type":"LineString","coordinates":[[131.69542,33.33795],[131.69983,33.33784],[131.70485,33.33593]]}},{"type":"Feature","properties":{"_color":"#3388ff","_opacity":1,"_weight":3},"geometry":{"type":"LineString","coordinates":[[131.69372,33.32918],[131.70038,33.32963],[131.70714,33.33155],[131.71035,33.33156]]}},{"type":"Feature","properties":{"_color":"#3388ff","_opacity":1,"_weight":3},"geometry":{"type":"LineString","coordinates":[[131.68259,33.32416],[131.6899,33.32097]]}},{"type":"Feature","properties":{"_color":"#3388ff","_opacity":1,"_weight":3},"geometry":{"type":"LineString","coordinates":[[131.68008,33.31824],[131.68412,33.31824]]}},{"type":"Feature","properties":{"_color":"#3388ff","_opacity":1,"_weight":3},"geometry":{"type":"LineString","coordinates":[[131.68978,33.31815],[131.69333,33.31815]]}},{"type":"Feature","properties":{"_color":"#3388ff","_opacity":1,"_weight":3},"geometry":{"type":"LineString","coordinates":[[131.68037,33.31551],[131.68755,33.31641],[131.69276,33.31632]]}},{"type":"Feature","properties":{"_color":"#3388ff","_opacity":1,"_weight":3},"geometry":{"type":"LineString","coordinates":[[131.68124,33.31305],[131.68646,33.3136],[131.69276,33.31196]]}},{"type":"Feature","properties":{"_color":"#3388ff","_opacity":1,"_weight":3},"geometry":{"type":"LineString","coordinates":[[131.69514,33.31431],[131.69831,33.31367]]}},{"type":"Feature","properties":{"_color":"#3388ff","_opacity":1,"_weight":3},"geometry":{"type":"LineString","coordinates":[[131.68613,33.31187],[131.69198,33.31012]]}},{"type":"Feature","properties":{"_color":"#3388ff","_opacity":1,"_weight":3},"geometry":{"type":"LineString","coordinates":[[131.69852,33.30884],[131.70211,33.30855]]}},{"type":"Feature","properties":{"_color":"#3388ff","_opacity":1,"_weight":3},"geometry":{"type":"LineString","coordinates":[[131.67917,33.31196],[131.68765,33.30869],[131.69548,33.30696],[131.70407,33.30669],[131.71092,33.30624],[131.71755,33.30414],[131.72386,33.29896]]}},{"type":"Feature","properties":{"_color":"#3388ff","_opacity":1,"_weight":3},"geometry":{"type":"LineString","coordinates":[[131.71419,33.30536],[131.72668,33.3056]]}},{"type":"Feature","properties":{"_color":"#3388ff","_opacity":1,"_weight":3},"geometry":{"type":"LineString","coordinates":[[131.70681,33.32779],[131.71249,33.32726]]}},{"type":"Feature","properties":{"_color":"#3388ff","_opacity":1,"_weight":3},"geometry":{"type":"LineString","coordinates":[[131.70711,33.35577],[131.71092,33.35486]]}},{"type":"Feature","properties":{"_color":"#3388ff","_opacity":1,"_weight":3},"geometry":{"type":"LineString","coordinates":[[131.70693,33.35732],[131.71411,33.35659],[131.72407,33.35104],[131.73027,33.3495],[131.73962,33.35014],[131.74441,33.34895],[131.75833,33.3495]]}},{"type":"Feature","properties":{"_color":"#3388ff","_opacity":1,"_weight":3},"geometry":{"type":"LineString","coordinates":[[131.70613,33.33905],[131.71105,33.33846],[131.71555,33.33606],[131.72005,33.33541]]}},{"type":"Feature","properties":{"_color":"#3388ff","_opacity":1,"_weight":3},"geometry":{"type":"LineString","coordinates":[[131.70573,33.32361],[131.70944,33.32434],[131.71233,33.32424],[131.71494,33.32304],[131.71817,33.32051],[131.72134,33.31844],[131.72351,33.3175],[131.72646,33.31705],[131.73475,33.31595],[131.74239,33.31531]]}},{"type":"Feature","properties":{"_color":"#3388ff","_opacity":1,"_weight":3},"geometry":{"type":"LineString","coordinates":[[131.7182,33.31306],[131.72592,33.30914]]}},{"type":"Feature","properties":{"_color":"#3388ff","_opacity":1,"_weight":3},"geometry":{"type":"LineString","coordinates":[[131.72294,33.31226],[131.72701,33.31114],[131.73397,33.30696],[131.74027,33.30405],[131.74647,33.29969],[131.75027,33.29596]]}},{"type":"Feature","properties":{"_color":"#3388ff","_opacity":1,"_weight":3},"geometry":{"type":"LineString","coordinates":[[131.74084,33.304],[131.7471,33.30346],[131.75115,33.30278]]}},{"type":"Feature","properties":{"_color":"#3388ff","_opacity":1,"_weight":3},"geometry":{"type":"LineString","coordinates":[[131.71478,33.32936],[131.72132,33.328],[131.72636,33.32778],[131.73245,33.32569],[131.74386,33.3195],[131.75473,33.31296],[131.76422,33.30501],[131.76887,33.29896]]}},{"type":"Feature","properties":{"_color":"#3388ff","_opacity":1,"_weight":3},"geometry":{"type":"LineString","coordinates":[[131.71926,33.33757],[131.72362,33.33748],[131.72722,33.33675]]}},{"type":"Feature","properties":{"_color":"#3388ff","_opacity":1,"_weight":3},"geometry":{"type":"LineString","coordinates":[[131.71981,33.33986],[131.73141,33.34086],[131.73804,33.34086],[131.74473,33.33932],[131.75699,33.33466],[131.76387,33.33241]]}},{"type":"Feature","properties":{"_color":"#3388ff","_opacity":1,"_weight":3},"geometry":{"type":"LineString","coordinates":[[131.74528,33.33932],[131.74941,33.34041],[131.75387,33.34223],[131.75854,33.34186],[131.76196,33.34146]]}},{"type":"Feature","properties":{"_color":"#3388ff","_opacity":1,"_weight":3},"geometry":{"type":"LineString","coordinates":[[131.72482,33.3351],[131.73312,33.33155],[131.73923,33.32845],[131.7449,33.32416],[131.75265,33.31969]]}},{"type":"Feature","properties":{"_color":"#3388ff","_opacity":1,"_weight":3},"geometry":{"type":"LineString","coordinates":[[131.75418,33.31887],[131.75849,33.31704],[131.7637,33.31704],[131.76915,33.31584]]}},{"type":"Feature","properties":{"_color":"#3388ff","_opacity":1,"_weight":3},"geometry":{"type":"LineString","coordinates":[[131.74871,33.32926],[131.75322,33.32766],[131.75789,33.32735],[131.76149,33.32708],[131.76574,33.32544],[131.77284,33.32316],[131.77832,33.32206]]}},{"type":"Feature","properties":{"_color":"#3388ff","_opacity":1,"_weight":3},"geometry":{"type":"LineString","coordinates":[[131.7703,33.33615],[131.7767,33.33455]]}},{"type":"Feature","properties":{"_color":"#3388ff","_opacity":1,"_weight":3},"geometry":{"type":"LineString","coordinates":[[131.75897,33.3434],[131.76354,33.34267],[131.76571,33.34058],[131.76978,33.33906],[131.77257,33.33859]]}},{"type":"Feature","properties":{"_color":"#3388ff","_opacity":1,"_weight":3},"geometry":{"type":"LineString","coordinates":[[131.75952,33.34785],[131.7629,33.34686],[131.76574,33.34466],[131.76974,33.34259],[131.77376,33.34168]]}},{"type":"Feature","properties":{"_color":"#3388ff","_opacity":1,"_weight":3},"geometry":{"type":"LineString","coordinates":[[131.73147,33.35836],[131.73943,33.35746],[131.74725,33.35646],[131.75412,33.35506],[131.76028,33.35306],[131.7636,33.35306],[131.77142,33.35246],[131.77701,33.35146],[131.78202,33.34955],[131.78834,33.34618],[131.79345,33.34325],[131.80152,33.34136]]}},{"type":"Feature","properties":{"_color":"#3388ff","_opacity":1,"_weight":3},"geometry":{"type":"LineString","coordinates":[[131.80649,33.33405],[131.81217,33.33004]]}},{"type":"Feature","properties":{"_color":"#3388ff","_opacity":1,"_weight":3},"geometry":{"type":"LineString","coordinates":[[131.76495,33.32032],[131.773,33.31878],[131.77976,33.31715],[131.78521,33.31555],[131.79231,33.31414],[131.79811,33.31341],[131.80225,33.31414]]}},{"type":"Feature","properties":{"_color":"#3388ff","_opacity":1,"_weight":3},"geometry":{"type":"LineString","coordinates":[[131.78832,33.31743],[131.79542,33.31643],[131.803,33.31603]]}},{"type":"Feature","properties":{"_color":"#3388ff","_opacity":1,"_weight":3},"geometry":{"type":"LineString","coordinates":[[131.73485,33.26441],[131.73942,33.26459],[131.74291,33.26296],[131.74737,33.26196],[131.75205,33.26159]]}},{"type":"Feature","properties":{"_color":"#3388ff","_opacity":1,"_weight":3},"geometry":{"type":"LineString","coordinates":[[131.74748,33.26341],[131.75564,33.26432]]}},{"type":"Feature","properties":{"_color":"#3388ff","_opacity":1,"_weight":3},"geometry":{"type":"LineString","coordinates":[[131.733,33.26569],[131.73935,33.26666],[131.74497,33.26714],[131.75063,33.26678],[131.75684,33.26696]]}},{"type":"Feature","properties":{"_color":"#3388ff","_opacity":1,"_weight":3},"geometry":{"type":"LineString","coordinates":[[131.73268,33.26851],[131.73692,33.26933],[131.74149,33.26951]]}},{"type":"Feature","properties":{"_color":"#3388ff","_opacity":1,"_weight":3},"geometry":{"type":"LineString","coordinates":[[131.7268,33.27126],[131.7318,33.27269],[131.73648,33.27288],[131.7392,33.27242]]}},{"type":"Feature","properties":{"_color":"#3388ff","_opacity":1,"_weight":3},"geometry":{"type":"LineString","coordinates":[[131.73257,33.27552],[131.73746,33.27552],[131.73997,33.27342],[131.74367,33.27106],[131.74748,33.2706],[131.75194,33.26896]]}},{"type":"Feature","properties":{"_color":"#3388ff","_opacity":1,"_weight":3},"geometry":{"type":"LineString","coordinates":[[131.75346,33.26896],[131.75803,33.26996]]}},{"type":"Feature","properties":{"_color":"#3388ff","_opacity":1,"_weight":3},"geometry":{"type":"LineString","coordinates":[[131.75324,33.2706],[131.75782,33.27206]]}},{"type":"Feature","properties":{"_color":"#3388ff","_opacity":1,"_weight":3},"geometry":{"type":"LineString","coordinates":[[131.74954,33.27333],[131.75847,33.27452]]}},{"type":"Feature","properties":{"_color":"#3388ff","_opacity":1,"_weight":3},"geometry":{"type":"LineString","coordinates":[[131.7568,33.28296],[131.76517,33.28006],[131.77495,33.27651],[131.78148,33.27451]]}},{"type":"Feature","properties":{"_color":"#3388ff","_opacity":1,"_weight":3},"geometry":{"type":"LineString","coordinates":[[131.77474,33.27379],[131.78213,33.27206]]}},{"type":"Feature","properties":{"_color":"#3388ff","_opacity":1,"_weight":3},"geometry":{"type":"LineString","coordinates":[[131.77365,33.27942],[131.77854,33.27724],[131.78485,33.27569]]}},{"type":"Feature","properties":{"_color":"#3388ff","_opacity":1,"_weight":3},"geometry":{"type":"LineString","coordinates":[[131.74908,33.37389],[131.7556,33.37461],[131.76126,33.37516]]}},{"type":"Feature","properties":{"_color":"#3388ff","_opacity":1,"_weight":3},"geometry":{"type":"LineString","coordinates":[[131.75772,33.37222],[131.76709,33.37377],[131.77235,33.37443]]}},{"type":"Feature","properties":{"_color":"#3388ff","_opacity":1,"_weight":3},"geometry":{"type":"LineString","coordinates":[[131.81203,33.38695],[131.82452,33.38743],[131.82746,33.3877],[131.83335,33.38907],[131.83727,33.38852],[131.84305,33.38679]]}},{"type":"Feature","properties":{"_color":"#3388ff","_opacity":1,"_weight":3},"geometry":{"type":"LineString","coordinates":[[131.82561,33.38433],[131.83041,33.38388]]}},{"type":"Feature","properties":{"_color":"#3388ff","_opacity":1,"_weight":3},"geometry":{"type":"LineString","coordinates":[[131.80953,33.38105],[131.8145,33.37964],[131.81948,33.37864]]}},{"type":"Feature","properties":{"_color":"#3388ff","_opacity":1,"_weight":3},"geometry":{"type":"LineString","coordinates":[[131.8209,33.38084],[131.82648,33.37969],[131.83193,33.37969],[131.83771,33.37823],[131.84261,33.37395],[131.84686,33.37195],[131.85427,33.3674],[131.85689,33.36421],[131.85874,33.36038],[131.86136,33.3572]]}},{"type":"Feature","properties":{"_color":"#3388ff","_opacity":1,"_weight":3},"geometry":{"type":"LineString","coordinates":[[131.75009,33.36275],[131.75227,33.36321],[131.75401,33.3643],[131.75565,33.36603],[131.75848,33.36639],[131.76578,33.36676],[131.77177,33.36794],[131.77766,33.37131],[131.78028,33.37207],[131.78616,33.37222],[131.79314,33.3734],[131.80305,33.37432],[131.80996,33.37461]]}},{"type":"Feature","properties":{"_color":"#3388ff","_opacity":1,"_weight":3},"geometry":{"type":"LineString","coordinates":[[131.75483,33.35946],[131.76202,33.36172]]}},{"type":"Feature","properties":{"_color":"#3388ff","_opacity":1,"_weight":3},"geometry":{"type":"LineString","coordinates":[[131.76517,33.36199],[131.77332,33.3638],[131.78277,33.36505],[131.78974,33.36617],[131.79876,33.36744]]}},{"type":"Feature","properties":{"_color":"#3388ff","_opacity":1,"_weight":3},"geometry":{"type":"LineString","coordinates":[[131.78537,33.36805],[131.79414,33.36825],[131.80124,33.36885],[131.81007,33.36771],[131.81942,33.36844],[131.83157,33.36723],[131.83465,33.36643],[131.83796,33.36382],[131.84412,33.36322],[131.8491,33.36182],[131.85668,33.35741],[131.85857,33.35641]]}},{"type":"Feature","properties":{"_color":"#3388ff","_opacity":1,"_weight":3},"geometry":{"type":"LineString","coordinates":[[131.7707,33.35902],[131.77571,33.35975],[131.78246,33.35884]]}},{"type":"Feature","properties":{"_color":"#3388ff","_opacity":1,"_weight":3},"geometry":{"type":"LineString","coordinates":[[131.78399,33.3592],[131.79117,33.3612]]}},{"type":"Feature","properties":{"_color":"#3388ff","_opacity":1,"_weight":3},"geometry":{"type":"LineString","coordinates":[[131.79183,33.36303],[131.80261,33.36102],[131.8122,33.35911]]}},{"type":"Feature","properties":{"_color":"#3388ff","_opacity":1,"_weight":3},"geometry":{"type":"LineString","coordinates":[[131.78894,33.35545],[131.79344,33.35505],[131.79713,33.35372]]}},{"type":"Feature","properties":{"_color":"#3388ff","_opacity":1,"_weight":3},"geometry":{"type":"LineString","coordinates":[[131.78909,33.35427],[131.79586,33.35328],[131.79956,33.35374],[131.8171,33.35911],[131.82439,33.36066],[131.833,33.36139],[131.83845,33.36111],[131.84193,33.36029],[131.84487,33.36029],[131.84934,33.35911],[131.8538,33.35729],[131.85772,33.35501]]}},{"type":"Feature","properties":{"_color":"#3388ff","_opacity":1,"_weight":3},"geometry":{"type":"LineString","coordinates":[[131.8196,33.35283],[131.82778,33.35363],[131.83371,33.35343],[131.84084,33.35192],[131.85021,33.34718],[131.85772,33.34272]]}},{"type":"Feature","properties":{"_color":"#3388ff","_opacity":1,"_weight":3},"geometry":{"type":"LineString","coordinates":[[131.79989,33.34928],[131.80414,33.34809],[131.8131,33.34844],[131.82211,33.34909],[131.83583,33.34891],[131.84291,33.34736]]}},{"type":"Feature","properties":{"_color":"#3388ff","_opacity":1,"_weight":3},"geometry":{"type":"LineString","coordinates":[[131.82473,33.32615],[131.82854,33.32387],[131.83344,33.32223],[131.83758,33.32178],[131.84201,33.32262],[131.84651,33.32402]]}},{"type":"Feature","properties":{"_color":"#3388ff","_opacity":1,"_weight":3},"geometry":{"type":"LineString","coordinates":[[131.81635,33.3175],[131.82495,33.31641],[131.83138,33.31604],[131.83475,33.31622],[131.84215,33.32059],[131.85119,33.32442],[131.86153,33.32751]]}},{"type":"Feature","properties":{"_color":"#3388ff","_opacity":1,"_weight":3},"geometry":{"type":"LineString","coordinates":[[131.80928,33.31613],[131.8145,33.31486],[131.82005,33.31468]]}},{"type":"Feature","properties":{"_color":"#3388ff","_opacity":1,"_weight":3},"geometry":{"type":"LineString","coordinates":[[131.78349,33.28875],[131.79094,33.28878],[131.79698,33.29054],[131.80171,33.29434],[131.80605,33.29896],[131.81141,33.30114],[131.81624,33.30175]]}},{"type":"Feature","properties":{"_color":"#3388ff","_opacity":1,"_weight":3},"geometry":{"type":"LineString","coordinates":[[131.80111,33.30138],[131.80829,33.30384]]}},{"type":"Feature","properties":{"_color":"#3388ff","_opacity":1,"_weight":3},"geometry":{"type":"LineString","coordinates":[[131.80637,33.29423],[131.80841,33.29624],[131.81172,33.29744]]}},{"type":"Feature","properties":{"_color":"#3388ff","_opacity":1,"_weight":3},"geometry":{"type":"LineString","coordinates":[[131.77955,33.28691],[131.78848,33.28672],[131.79316,33.28764],[131.79937,33.29018]]}},{"type":"Feature","properties":{"_color":"#3388ff","_opacity":1,"_weight":3},"geometry":{"type":"LineString","coordinates":[[131.80699,33.30639],[131.8157,33.30521],[131.82299,33.30448],[131.82876,33.30448],[131.83246,33.30484],[131.83791,33.30739],[131.84128,33.31049]]}},{"type":"Feature","properties":{"_color":"#3388ff","_opacity":1,"_weight":3},"geometry":{"type":"LineString","coordinates":[[131.77876,33.28442],[131.78583,33.28451],[131.79305,33.28509],[131.79904,33.28636],[131.80623,33.28964],[131.82049,33.29865]]}},{"type":"Feature","properties":{"_color":"#3388ff","_opacity":1,"_weight":3},"geometry":{"type":"LineString","coordinates":[[131.79588,33.28326],[131.80808,33.28873],[131.81472,33.29219],[131.81951,33.29583],[131.82604,33.29974],[131.83421,33.3022],[131.84008,33.30575],[131.84303,33.30921]]}},{"type":"Feature","properties":{"_color":"#3388ff","_opacity":1,"_weight":3},"geometry":{"type":"LineString","coordinates":[[131.82179,33.29483],[131.82777,33.29847]]}},{"type":"Feature","properties":{"_color":"#3388ff","_opacity":1,"_weight":3},"geometry":{"type":"LineString","coordinates":[[131.82569,33.29604],[131.83453,33.29993]]}},{"type":"Feature","properties":{"_color":"#3388ff","_opacity":1,"_weight":3},"geometry":{"type":"LineString","coordinates":[[131.7967,33.28187],[131.8154,33.2896],[131.8267,33.29387],[131.83692,33.2985],[131.84258,33.30223],[131.84518,33.30659],[131.84845,33.30941]]}},{"type":"Feature","properties":{"_color":"#3388ff","_opacity":1,"_weight":3},"geometry":{"type":"LineString","coordinates":[[131.798,33.27824],[131.80606,33.28265],[131.81464,33.28715],[131.82356,33.29044],[131.8309,33.29143],[131.83921,33.29523],[131.84551,33.29978]]}},{"type":"Feature","properties":{"_color":"#3388ff","_opacity":1,"_weight":3},"geometry":{"type":"LineString","coordinates":[[131.81217,33.28321],[131.81964,33.28742]]}},{"type":"Feature","properties":{"_color":"#3388ff","_opacity":1,"_weight":3},"geometry":{"type":"LineString","coordinates":[[131.79963,33.27542],[131.80953,33.2796],[131.82098,33.28462]]}},{"type":"Feature","properties":{"_color":"#3388ff","_opacity":1,"_weight":3},"geometry":{"type":"LineString","coordinates":[[131.80115,33.27324],[131.80957,33.27697],[131.81856,33.28077],[131.82257,33.28251]]}},{"type":"Feature","properties":{"_color":"#3388ff","_opacity":1,"_weight":3},"geometry":{"type":"LineString","coordinates":[[131.81955,33.27253],[131.82735,33.27672]]}},{"type":"Feature","properties":{"_color":"#3388ff","_opacity":1,"_weight":3},"geometry":{"type":"LineString","coordinates":[[131.83224,33.28991],[131.83747,33.29181],[131.84054,33.29341]]}},{"type":"Feature","properties":{"_color":"#3388ff","_opacity":1,"_weight":3},"geometry":{"type":"LineString","coordinates":[[131.84411,33.2951],[131.84781,33.29829]]}},{"type":"Feature","properties":{"_color":"#3388ff","_opacity":1,"_weight":3},"geometry":{"type":"LineString","coordinates":[[131.84106,33.27871],[131.84476,33.28108],[131.84814,33.28372]]}},{"type":"Feature","properties":{"_color":"#3388ff","_opacity":1,"_weight":3},"geometry":{"type":"LineString","coordinates":[[131.84414,33.31562],[131.85154,33.31896]]}},{"type":"Feature","properties":{"_color":"#3388ff","_opacity":1,"_weight":3},"geometry":{"type":"LineString","coordinates":[[131.8513,33.30748],[131.85634,33.31295]]}},{"type":"Feature","properties":{"_color":"#3388ff","_opacity":1,"_weight":3},"geometry":{"type":"LineString","coordinates":[[131.85184,33.30484],[131.85478,33.30739],[131.85729,33.31058],[131.85958,33.31404],[131.86382,33.31668],[131.87439,33.32223]]}},{"type":"Feature","properties":{"_color":"#3388ff","_opacity":1,"_weight":3},"geometry":{"type":"LineString","coordinates":[[131.86932,33.31704],[131.87568,33.31985]]}},{"type":"Feature","properties":{"_color":"#3388ff","_opacity":1,"_weight":3},"geometry":{"type":"LineString","coordinates":[[131.87145,33.31413],[131.87809,33.31723]]}},{"type":"Feature","properties":{"_color":"#3388ff","_opacity":1,"_weight":3},"geometry":{"type":"LineString","coordinates":[[131.85315,33.30056],[131.85729,33.30293],[131.86001,33.30521]]}},{"type":"Feature","properties":{"_color":"#3388ff","_opacity":1,"_weight":3},"geometry":{"type":"LineString","coordinates":[[131.86132,33.30548],[131.86317,33.30794],[131.86731,33.3114]]}},{"type":"Feature","properties":{"_color":"#3388ff","_opacity":1,"_weight":3},"geometry":{"type":"LineString","coordinates":[[131.8538,33.29838],[131.85731,33.30025],[131.86132,33.30439]]}},{"type":"Feature","properties":{"_color":"#3388ff","_opacity":1,"_weight":3},"geometry":{"type":"LineString","coordinates":[[131.85555,33.2972],[131.8605,33.30051],[131.86502,33.30639],[131.86681,33.30759],[131.87319,33.31103],[131.88529,33.31547],[131.8953,33.31987],[131.90391,33.32387],[131.91567,33.32934]]}},{"type":"Feature","properties":{"_color":"#3388ff","_opacity":1,"_weight":3},"geometry":{"type":"LineString","coordinates":[[131.86655,33.30475],[131.86981,33.30685],[131.8745,33.30912]]}},{"type":"Feature","properties":{"_color":"#3388ff","_opacity":1,"_weight":3},"geometry":{"type":"LineString","coordinates":[[131.88888,33.32014],[131.89717,33.32377],[131.90456,33.32761],[131.91436,33.33225],[131.91375,33.33234]]}},{"type":"Feature","properties":{"_color":"#3388ff","_opacity":1,"_weight":3},"geometry":{"type":"LineString","coordinates":[[131.88975,33.32232],[131.89759,33.32606]]}},{"type":"Feature","properties":{"_color":"#3388ff","_opacity":1,"_weight":3},"geometry":{"type":"LineString","coordinates":[[131.88746,33.3256],[131.89541,33.32915]]}},{"type":"Feature","properties":{"_color":"#3388ff","_opacity":1,"_weight":3},"geometry":{"type":"LineString","coordinates":[[131.86244,33.32187],[131.87291,33.32679],[131.87988,33.32979],[131.88839,33.33252],[131.89471,33.33507]]}},{"type":"Feature","properties":{"_color":"#3388ff","_opacity":1,"_weight":3},"geometry":{"type":"LineString","coordinates":[[131.88392,33.3338],[131.89373,33.33771]]}},{"type":"Feature","properties":{"_color":"#3388ff","_opacity":1,"_weight":3},"geometry":{"type":"LineString","coordinates":[[131.88108,33.33525],[131.89307,33.33944]]}},{"type":"Feature","properties":{"_color":"#3388ff","_opacity":1,"_weight":3},"geometry":{"type":"LineString","coordinates":[[131.87836,33.33726],[131.89329,33.34145]]}},{"type":"Feature","properties":{"_color":"#3388ff","_opacity":1,"_weight":3},"geometry":{"type":"LineString","coordinates":[[131.87563,33.37523],[131.88178,33.37118],[131.88402,33.36912]]}},{"type":"Feature","properties":{"_color":"#3388ff","_opacity":1,"_weight":3},"geometry":{"type":"LineString","coordinates":[[131.88021,33.37468],[131.88566,33.37058]]}},{"type":"Feature","properties":{"_color":"#3388ff","_opacity":1,"_weight":3},"geometry":{"type":"LineString","coordinates":[[131.88652,33.37798],[131.89386,33.37397],[131.9005,33.37116],[131.90583,33.3705],[131.91531,33.37105]]}},{"type":"Feature","properties":{"_color":"#3388ff","_opacity":1,"_weight":3},"geometry":{"type":"LineString","coordinates":[[131.90594,33.36913],[131.91673,33.36959]]}},{"type":"Feature","properties":{"_color":"#3388ff","_opacity":1,"_weight":3},"geometry":{"type":"LineString","coordinates":[[131.89786,33.36776],[131.90124,33.36712],[131.90484,33.36676]]}},{"type":"Feature","properties":{"_color":"#3388ff","_opacity":1,"_weight":3},"geometry":{"type":"LineString","coordinates":[[131.89105,33.37814],[131.89538,33.37578],[131.89864,33.37469]]}},{"type":"Feature","properties":{"_color":"#3388ff","_opacity":1,"_weight":3},"geometry":{"type":"LineString","coordinates":[[131.89591,33.37987],[131.89939,33.37941],[131.90245,33.37787]]}},{"type":"Feature","properties":{"_color":"#3388ff","_opacity":1,"_weight":3},"geometry":{"type":"LineString","coordinates":[[131.89529,33.38285],[131.90114,33.38315],[131.90495,33.38379]]}},{"type":"Feature","properties":{"_color":"#3388ff","_opacity":1,"_weight":3},"geometry":{"type":"LineString","coordinates":[[131.9055,33.38333],[131.90953,33.38233],[131.91237,33.38133]]}},{"type":"Feature","properties":{"_color":"#3388ff","_opacity":1,"_weight":3},"geometry":{"type":"LineString","coordinates":[[131.91946,33.39789],[131.91751,33.39336],[131.91694,33.38952],[131.91902,33.38533],[131.91978,33.38215]]}},{"type":"Feature","properties":{"_color":"#3388ff","_opacity":1,"_weight":3},"geometry":{"type":"LineString","coordinates":[[131.9238,33.3872],[131.92282,33.39001],[131.92315,33.39327],[131.92468,33.39591]]}},{"type":"Feature","properties":{"_color":"#3388ff","_opacity":1,"_weight":3},"geometry":{"type":"LineString","coordinates":[[131.89307,33.34473],[131.89717,33.34656],[131.90452,33.34974]]}},{"type":"Feature","properties":{"_color":"#3388ff","_opacity":1,"_weight":3},"geometry":{"type":"LineString","coordinates":[[131.90888,33.3542],[131.9128,33.35921]]}},{"type":"Feature","properties":{"_color":"#3388ff","_opacity":1,"_weight":3},"geometry":{"type":"LineString","coordinates":[[131.91357,33.35994],[131.91836,33.36221]]}},{"type":"Feature","properties":{"_color":"#3388ff","_opacity":1,"_weight":3},"geometry":{"type":"LineString","coordinates":[[131.92795,33.37305],[131.93188,33.37879],[131.93438,33.38115],[131.93907,33.38398],[131.94409,33.38707]]}},{"type":"Feature","properties":{"_color":"#3388ff","_opacity":1,"_weight":3},"geometry":{"type":"LineString","coordinates":[[131.91656,33.35521],[131.92101,33.35738]]}},{"type":"Feature","properties":{"_color":"#3388ff","_opacity":1,"_weight":3},"geometry":{"type":"LineString","coordinates":[[131.90146,33.33771],[131.90942,33.3419],[131.91422,33.34545],[131.9176,33.34974],[131.91978,33.3531],[131.92425,33.35693],[131.92719,33.35984],[131.92959,33.36367],[131.9321,33.36886],[131.93363,33.37105],[131.93919,33.37496],[131.9466,33.37851]]}},{"type":"Feature","properties":{"_color":"#3388ff","_opacity":1,"_weight":3},"geometry":{"type":"LineString","coordinates":[[131.94087,33.35258],[131.94488,33.35502],[131.94868,33.35693]]}},{"type":"Feature","properties":{"_color":"#3388ff","_opacity":1,"_weight":3},"geometry":{"type":"LineString","coordinates":[[131.92796,33.333],[131.93204,33.33572],[131.93638,33.33971],[131.93985,33.34351],[131.94454,33.3485],[131.94951,33.35169],[131.95638,33.35448],[131.96847,33.35986]]}},{"type":"Feature","properties":{"_color":"#3388ff","_opacity":1,"_weight":3},"geometry":{"type":"LineString","coordinates":[[131.52717,33.26623],[131.53283,33.26305],[131.53827,33.26096],[131.5423,33.26014],[131.55188,33.25977],[131.55765,33.25895],[131.56244,33.25813],[131.56712,33.2564],[131.57387,33.25404],[131.57877,33.2534]]}},{"type":"Feature","properties":{"_color":"#3388ff","_opacity":1,"_weight":3},"geometry":{"type":"LineString","coordinates":[[131.59063,33.24812],[131.59956,33.24466],[131.60772,33.24166],[131.61447,33.23902],[131.61959,33.23811],[131.62807,33.23793],[131.64234,33.23848]]}},{"type":"Feature","properties":{"_color":"#3388ff","_opacity":1,"_weight":3},"geometry":{"type":"LineString","coordinates":[[131.63439,33.23875],[131.64081,33.24294],[131.64691,33.24612],[131.65344,33.24876],[131.65964,33.25022],[131.66432,33.2504]]}},{"type":"Feature","properties":{"_color":"#3388ff","_opacity":1,"_weight":3},"geometry":{"type":"LineString","coordinates":[[131.65594,33.2565],[131.66443,33.25759],[131.67064,33.25786],[131.68141,33.26059],[131.69045,33.26332],[131.69948,33.26623]]}},{"type":"Feature","properties":{"_color":"#3388ff","_opacity":1,"_weight":3},"geometry":{"type":"LineString","coordinates":[[131.66922,33.25058],[131.68881,33.25131],[131.70188,33.25204],[131.7047,33.25222],[131.70808,33.25349],[131.71069,33.25367],[131.71766,33.25386]]}},{"type":"Feature","properties":{"_color":"#3388ff","_opacity":1,"_weight":3},"geometry":{"type":"LineString","coordinates":[[131.43944,33.29764],[131.44455,33.29555],[131.44804,33.29327],[131.45141,33.29008],[131.45522,33.28845],[131.46034,33.2879],[131.46622,33.28863],[131.46905,33.28835],[131.47438,33.28562],[131.48048,33.28207],[131.48549,33.27807],[131.4893,33.27452],[131.49431,33.27142],[131.49953,33.26942],[131.50574,33.26878],[131.51314,33.26814]]}},{"type":"Feature","properties":{"_color":"#3388ff","_opacity":1,"_weight":3},"geometry":{"type":"LineString","coordinates":[[135.68391,34.53759],[135.69066,34.52961],[135.69231,34.52699],[135.69384,34.52269],[135.69868,34.51367],[135.70211,34.51052],[135.70262,34.50737]]}},{"type":"Feature","properties":{"_color":"#3388ff","_opacity":1,"_weight":3},"geometry":{"type":"LineString","coordinates":[[135.69672,34.50043],[135.69643,34.49592],[135.69822,34.49066],[135.69981,34.48283],[135.70157,34.47709],[135.7022,34.47247],[135.70163,34.4701],[135.70083,34.4691],[135.69994,34.4671],[135.69943,34.46468],[135.69969,34.46331]]}},{"type":"Feature","properties":{"_color":"#3388ff","_opacity":1,"_weight":3},"geometry":{"type":"LineString","coordinates":[[135.71077,34.49835],[135.71217,34.4931],[135.71434,34.49006],[135.71523,34.4865],[135.7151,34.48041]]}},{"type":"Feature","properties":{"_color":"#3388ff","_opacity":1,"_weight":3},"geometry":{"type":"LineString","coordinates":[[135.6983,34.50203],[135.70001,34.50066],[135.70077,34.49882],[135.70186,34.49752],[135.70568,34.49364],[135.70632,34.49061],[135.70695,34.48787],[135.70766,34.48698],[135.71008,34.48483],[135.71193,34.48246],[135.71332,34.47884],[135.71486,34.47646],[135.71586,34.47412],[135.71646,34.46962],[135.71574,34.46499],[135.71531,34.464],[135.71588,34.46221],[135.71548,34.46026],[135.71688,34.45565],[135.71726,34.4504]]}},{"type":"Feature","properties":{"_color":"#3388ff","_opacity":1,"_weight":3},"geometry":{"type":"LineString","coordinates":[[135.09631,34.24816],[135.08469,34.24523],[135.06811,34.24346],[135.05649,34.24258],[135.04204,34.2373],[135.03077,34.23291],[135.0121,34.23056],[134.99097,34.22907],[134.98569,34.22817],[134.97281,34.22975],[134.96285,34.23207],[134.95163,34.23155],[134.93953,34.22959]]}},{"type":"Feature","properties":{"_color":"#3388ff","_opacity":1,"_weight":3},"geometry":{"type":"LineString","coordinates":[[134.93823,34.24177],[134.93478,34.24061],[134.93096,34.23851],[134.92662,34.23524]]}},{"type":"Feature","properties":{"_color":"#3388ff","_opacity":1,"_weight":3},"geometry":{"type":"LineString","coordinates":[[134.64698,34.1722],[134.66174,34.17269],[134.6756,34.1744],[134.69453,34.17565]]}},{"type":"Feature","properties":{"_color":"#3388ff","_opacity":1,"_weight":3},"geometry":{"type":"LineString","coordinates":[[134.69326,34.17184],[134.70015,34.17258],[134.70869,34.17416],[134.71546,34.17501],[134.71954,34.17596]]}},{"type":"Feature","properties":{"_color":"#3388ff","_opacity":1,"_weight":3},"geometry":{"type":"LineString","coordinates":[[134.71724,34.17226],[134.72362,34.17585],[134.73396,34.18071],[134.74123,34.18345],[134.75144,34.18926]]}},{"type":"Feature","properties":{"_color":"#3388ff","_opacity":1,"_weight":3},"geometry":{"type":"LineString","coordinates":[[134.76112,34.18903],[134.77836,34.19137]]}},{"type":"Feature","properties":{"_color":"#3388ff","_opacity":1,"_weight":3},"geometry":{"type":"LineString","coordinates":[[134.76011,34.1748],[134.76675,34.17691],[134.77109,34.1787],[134.77402,34.18071],[134.77938,34.18609],[134.78474,34.19052]]}},{"type":"Feature","properties":{"_color":"#3388ff","_opacity":1,"_weight":3},"geometry":{"type":"LineString","coordinates":[[134.76101,34.17053],[134.76981,34.17195],[134.77619,34.1748],[134.77938,34.17839],[134.78206,34.1862],[134.78627,34.19105],[134.79405,34.19686]]}},{"type":"Feature","properties":{"_color":"#3388ff","_opacity":1,"_weight":3},"geometry":{"type":"LineString","coordinates":[[134.80903,34.20031],[134.81153,34.20254],[134.81472,34.20455],[134.82506,34.20802],[134.83258,34.21161]]}},{"type":"Feature","properties":{"_color":"#3388ff","_opacity":1,"_weight":3},"geometry":{"type":"LineString","coordinates":[[134.86206,34.22553],[134.86869,34.22522],[134.8752,34.22595],[134.88043,34.22564],[134.88643,34.22796],[134.89064,34.22817],[134.89766,34.22764],[134.90403,34.22743],[134.91154,34.22899]]}},{"type":"Feature","properties":{"_color":"#3388ff","_opacity":1,"_weight":3},"geometry":{"type":"LineString","coordinates":[[132.58912,33.67985],[132.60208,33.68539],[132.61188,33.68741],[132.62133,33.6912],[132.62974,33.69528],[132.63849,33.6973]]}},{"type":"Feature","properties":{"_color":"#3388ff","_opacity":1,"_weight":3},"geometry":{"type":"LineString","coordinates":[[132.56707,33.67316],[132.58984,33.68395],[132.60314,33.68773],[132.60979,33.69035],[132.62066,33.69676],[132.63501,33.70112],[132.64096,33.70169]]}},{"type":"Feature","properties":{"_color":"#3388ff","_opacity":1,"_weight":3},"geometry":{"type":"LineString","coordinates":[[132.55067,33.68052],[132.57723,33.67959]]}},{"type":"Feature","properties":{"_color":"#3388ff","_opacity":1,"_weight":3},"geometry":{"type":"LineString","coordinates":[[132.55131,33.66499],[132.57965,33.67284]]}},{"type":"Feature","properties":{"_color":"#3388ff","_opacity":1,"_weight":3},"geometry":{"type":"LineString","coordinates":[[132.50823,33.63083],[132.53063,33.64163],[132.54917,33.64745],[132.57469,33.65411],[132.58064,33.65585]]}},{"type":"Feature","properties":{"_color":"#3388ff","_opacity":1,"_weight":3},"geometry":{"type":"LineString","coordinates":[[132.48864,33.62207],[132.49669,33.62704]]}},{"type":"Feature","properties":{"_color":"#3388ff","_opacity":1,"_weight":3},"geometry":{"type":"LineString","coordinates":[[132.47432,33.63143],[132.4988,33.63026]]}},{"type":"Feature","properties":{"_color":"#3388ff","_opacity":1,"_weight":3},"geometry":{"type":"LineString","coordinates":[[132.48587,33.63991],[132.49635,33.63726],[132.50126,33.63494]]}},{"type":"Feature","properties":{"_color":"#3388ff","_opacity":1,"_weight":3},"geometry":{"type":"LineString","coordinates":[[132.4726,33.64315],[132.48903,33.64313]]}},{"type":"Feature","properties":{"_color":"#3388ff","_opacity":1,"_weight":3},"geometry":{"type":"LineString","coordinates":[[132.44355,33.62473],[132.45789,33.62999]]}},{"type":"Feature","properties":{"_color":"#3388ff","_opacity":1,"_weight":3},"geometry":{"type":"LineString","coordinates":[[132.43619,33.61156],[132.45228,33.62091]]}},{"type":"Feature","properties":{"_color":"#3388ff","_opacity":1,"_weight":3},"geometry":{"type":"LineString","coordinates":[[132.44492,33.6095],[132.45366,33.61212],[132.46311,33.61856]]}},{"type":"Feature","properties":{"_color":"#3388ff","_opacity":1,"_weight":3},"geometry":{"type":"LineString","coordinates":[[132.46241,33.61156],[132.46904,33.61533]]}},{"type":"Feature","properties":{"_color":"#3388ff","_opacity":1,"_weight":3},"geometry":{"type":"LineString","coordinates":[[132.44665,33.60569],[132.45678,33.60567],[132.46345,33.60804]]}},{"type":"Feature","properties":{"_color":"#3388ff","_opacity":1,"_weight":3},"geometry":{"type":"LineString","coordinates":[[132.52163,33.67618],[132.53598,33.67879]]}},{"type":"Feature","properties":{"_color":"#3388ff","_opacity":1,"_weight":3},"geometry":{"type":"LineString","coordinates":[[132.46357,33.6628],[132.48175,33.66599],[132.49714,33.67066],[132.50869,33.67357],[132.52164,33.67794]]}},{"type":"Feature","properties":{"_color":"#3388ff","_opacity":1,"_weight":3},"geometry":{"type":"LineString","coordinates":[[132.42261,33.63325],[132.4366,33.64261],[132.4464,33.6467],[132.45585,33.65314],[132.46391,33.65899],[132.46915,33.65986],[132.47719,33.66014]]}},{"type":"Feature","properties":{"_color":"#3388ff","_opacity":1,"_weight":3},"geometry":{"type":"LineString","coordinates":[[132.4331,33.63617],[132.45653,33.64376],[132.47262,33.65107],[132.48068,33.65633],[132.49293,33.66158],[132.50412,33.66508],[132.51006,33.66566],[132.52616,33.6709],[132.54786,33.6773]]}},{"type":"Feature","properties":{"_color":"#3388ff","_opacity":1,"_weight":3},"geometry":{"type":"LineString","coordinates":[[132.41559,33.62095],[132.42889,33.62768],[132.44043,33.63353],[132.44952,33.63732]]}},{"type":"Feature","properties":{"_color":"#3388ff","_opacity":1,"_weight":3},"geometry":{"type":"LineString","coordinates":[[132.39706,33.61511],[132.41455,33.62125]]}},{"type":"Feature","properties":{"_color":"#3388ff","_opacity":1,"_weight":3},"geometry":{"type":"LineString","coordinates":[[132.33904,33.58789],[132.36805,33.60663],[132.38694,33.61863],[132.40372,33.62653],[132.41841,33.62886],[132.42644,33.62885]]}},{"type":"Feature","properties":{"_color":"#3388ff","_opacity":1,"_weight":3},"geometry":{"type":"LineString","coordinates":[[132.38378,33.61306],[132.39532,33.61482]]}},{"type":"Feature","properties":{"_color":"#3388ff","_opacity":1,"_weight":3},"geometry":{"type":"LineString","coordinates":[[132.34357,33.58378],[132.35685,33.58729],[132.36734,33.59286]]}},{"type":"Feature","properties":{"_color":"#3388ff","_opacity":1,"_weight":3},"geometry":{"type":"LineString","coordinates":[[132.38482,33.60369],[132.39425,33.60427],[132.39915,33.60632]]}},{"type":"Feature","properties":{"_color":"#3388ff","_opacity":1,"_weight":3},"geometry":{"type":"LineString","coordinates":[[132.37677,33.59696],[132.38935,33.59724],[132.39948,33.59987],[132.41311,33.60308]]}},{"type":"Feature","properties":{"_color":"#3388ff","_opacity":1,"_weight":3},"geometry":{"type":"LineString","coordinates":[[132.35929,33.58612],[132.37013,33.58875],[132.37467,33.59168],[132.3827,33.59168],[132.38969,33.59314],[132.39389,33.59519],[132.40227,33.59606],[132.41206,33.59752],[132.41835,33.60015]]}},{"type":"Feature","properties":{"_color":"#3388ff","_opacity":1,"_weight":3},"geometry":{"type":"LineString","coordinates":[[132.3785,33.58553],[132.38933,33.5864],[132.39982,33.59108],[132.40401,33.59313]]}},{"type":"Feature","properties":{"_color":"#3388ff","_opacity":1,"_weight":3},"geometry":{"type":"LineString","coordinates":[[132.40505,33.5858],[132.41869,33.59399],[132.42358,33.59721]]}},{"type":"Feature","properties":{"_color":"#3388ff","_opacity":1,"_weight":3},"geometry":{"type":"LineString","coordinates":[[132.34462,33.57822],[132.3551,33.57909],[132.36558,33.58114],[132.37431,33.58699]]}},{"type":"Feature","properties":{"_color":"#3388ff","_opacity":1,"_weight":3},"geometry":{"type":"LineString","coordinates":[[132.31213,33.57148],[132.33729,33.58437]]}},{"type":"Feature","properties":{"_color":"#3388ff","_opacity":1,"_weight":3},"geometry":{"type":"LineString","coordinates":[[132.30653,33.55507],[132.31631,33.55566],[132.32714,33.5583],[132.33413,33.56386],[132.33867,33.57294],[132.34008,33.57939]]}},{"type":"Feature","properties":{"_color":"#3388ff","_opacity":1,"_weight":3},"geometry":{"type":"LineString","coordinates":[[132.26463,33.52957],[132.2758,33.53514],[132.28558,33.5372],[132.29256,33.53866],[132.30129,33.54218],[132.31212,33.55038],[132.31526,33.55331]]}},{"type":"Feature","properties":{"_color":"#3388ff","_opacity":1,"_weight":3},"geometry":{"type":"LineString","coordinates":[[132.26289,33.54832],[132.27336,33.55067],[132.28419,33.55478],[132.29432,33.5621],[132.30165,33.56709],[132.30969,33.56943]]}},{"type":"Feature","properties":{"_color":"#3388ff","_opacity":1,"_weight":3},"geometry":{"type":"LineString","coordinates":[[132.26743,33.55917],[132.2807,33.56533],[132.29257,33.56914],[132.30829,33.575]]}},{"type":"Feature","properties":{"_color":"#3388ff","_opacity":1,"_weight":3},"geometry":{"type":"LineString","coordinates":[[132.24089,33.52985],[132.25241,33.53601]]}},{"type":"Feature","properties":{"_color":"#3388ff","_opacity":1,"_weight":3},"geometry":{"type":"LineString","coordinates":[[132.22135,33.52339],[132.24124,33.52546]]}},{"type":"Feature","properties":{"_color":"#3388ff","_opacity":1,"_weight":3},"geometry":{"type":"LineString","coordinates":[[132.22309,33.51959],[132.24578,33.52517],[132.25939,33.5325],[132.26393,33.53807],[132.27092,33.54188],[132.28139,33.54335],[132.28837,33.54423]]}},{"type":"Feature","properties":{"_color":"#3388ff","_opacity":1,"_weight":3},"geometry":{"type":"LineString","coordinates":[[132.26708,33.558],[132.21995,33.5313],[132.17168,33.50419],[132.15492,33.49433],[132.14724,33.48926],[132.13906,33.48306],[132.12967,33.47487],[132.1258,33.47185],[132.1145,33.46612],[132.1001,33.46057]]}},{"type":"Feature","properties":{"_color":"#3388ff","_opacity":1,"_weight":3},"geometry":{"type":"LineString","coordinates":[[132.17245,33.48616],[132.18521,33.49527]]}},{"type":"Feature","properties":{"_color":"#3388ff","_opacity":1,"_weight":3},"geometry":{"type":"LineString","coordinates":[[132.12498,33.46048],[132.13112,33.46125],[132.13873,33.46348],[132.14633,33.46523],[132.15204,33.46831],[132.15815,33.47441],[132.16176,33.48155]]}},{"type":"Feature","properties":{"_color":"#3388ff","_opacity":1,"_weight":3},"geometry":{"type":"LineString","coordinates":[[132.12511,33.45676],[132.12426,33.45155],[132.12014,33.44557],[132.11775,33.44122],[132.11666,33.43514],[132.11516,33.43261],[132.1126,33.43037],[132.10905,33.42851],[132.10473,33.42726],[132.098,33.42635]]}},{"type":"Feature","properties":{"_color":"#3388ff","_opacity":1,"_weight":3},"geometry":{"type":"LineString","coordinates":[[132.05448,33.41385],[132.0738,33.41928]]}},{"type":"Feature","properties":{"_color":"#3388ff","_opacity":1,"_weight":3},"geometry":{"type":"LineString","coordinates":[[132.06813,33.41403],[132.08693,33.42472]]}},{"type":"Feature","properties":{"_color":"#3388ff","_opacity":1,"_weight":3},"geometry":{"type":"LineString","coordinates":[[132.06056,33.40859],[132.0846,33.41594],[132.10418,33.42345]]}},{"type":"Feature","properties":{"_color":"#3388ff","_opacity":1,"_weight":3},"geometry":{"type":"LineString","coordinates":[[132.06447,33.40061],[132.08085,33.41285]]}},{"type":"Feature","properties":{"_color":"#3388ff","_opacity":1,"_weight":3},"geometry":{"type":"LineString","coordinates":[[131.95575,33.39276],[131.97027,33.41039]]}},{"type":"Feature","properties":{"_color":"#3388ff","_opacity":1,"_weight":3},"geometry":{"type":"LineString","coordinates":[[131.9659,33.395],[131.97386,33.41266],[131.98008,33.42268]]}},{"type":"Feature","properties":{"_color":"#3388ff","_opacity":1,"_weight":3},"geometry":{"type":"LineString","coordinates":[[131.96032,33.38352],[131.96425,33.38443],[131.96741,33.38571],[131.9708,33.38753],[131.97374,33.38981],[131.97756,33.39436],[131.97996,33.399],[131.98181,33.40465],[131.98312,33.41585],[131.98596,33.42323],[131.99196,33.43133],[131.99589,33.43835],[132.00036,33.44381],[132.00931,33.45128],[132.02916,33.45146],[132.04018,33.45028],[132.05588,33.44837]]}},{"type":"Feature","properties":{"_color":"#3388ff","_opacity":1,"_weight":3},"geometry":{"type":"LineString","coordinates":[[132.02522,33.4495],[132.03707,33.44414]]}},{"type":"Feature","properties":{"_color":"#3388ff","_opacity":1,"_weight":3},"geometry":{"type":"LineString","coordinates":[[132.03929,33.44693],[132.05991,33.43868]]}},{"type":"Feature","properties":{"_color":"#3388ff","_opacity":1,"_weight":3},"geometry":{"type":"LineString","coordinates":[[132.05416,33.4439],[132.06179,33.4439],[132.06592,33.4443],[132.06954,33.44563],[132.07489,33.44882],[132.08172,33.454]]}},{"type":"Feature","properties":{"_color":"#3388ff","_opacity":1,"_weight":3},"geometry":{"type":"LineString","coordinates":[[132.0782,33.44892],[132.08624,33.45246],[132.09082,33.45383],[132.09526,33.45427],[132.10021,33.45447],[132.10457,33.45392]]}},{"type":"Feature","properties":{"_color":"#3388ff","_opacity":1,"_weight":3},"geometry":{"type":"LineString","coordinates":[[132.02709,33.42241],[132.03276,33.42532],[132.03734,33.42906],[132.04094,33.43243],[132.04509,33.43498],[132.0536,33.4387]]}},{"type":"Feature","properties":{"_color":"#3388ff","_opacity":1,"_weight":3},"geometry":{"type":"LineString","coordinates":[[132.00931,33.39782],[132.01652,33.40983],[132.02272,33.41609],[132.02946,33.41927],[132.04434,33.42432],[132.05023,33.4276],[132.05349,33.42844],[132.06295,33.42835]]}},{"type":"Feature","properties":{"_color":"#3388ff","_opacity":1,"_weight":3},"geometry":{"type":"LineString","coordinates":[[132.00107,33.40873],[132.00652,33.415],[132.01739,33.41918]]}},{"type":"Feature","properties":{"_color":"#3388ff","_opacity":1,"_weight":3},"geometry":{"type":"LineString","coordinates":[[131.99239,33.39485],[131.99804,33.39757],[132.00641,33.40638]]}},{"type":"Feature","properties":{"_color":"#3388ff","_opacity":1,"_weight":3},"geometry":{"type":"LineString","coordinates":[[131.9777,33.38039],[131.98595,33.39671],[131.99226,33.40904],[131.99378,33.41737]]}},{"type":"Feature","properties":{"_color":"#3388ff","_opacity":1,"_weight":3},"geometry":{"type":"LineString","coordinates":[[131.98574,33.39826],[131.98813,33.41413],[131.99193,33.42239],[131.99975,33.43028],[132.01116,33.43473]]}},{"type":"Feature","properties":{"_color":"#3388ff","_opacity":1,"_weight":3},"geometry":{"type":"LineString","coordinates":[[133.97991,33.82728],[133.98458,33.82854],[133.99026,33.82946],[133.99975,33.83089],[134.00659,33.83232],[134.01309,33.83413],[134.0178,33.83608],[134.0216,33.83826],[134.0253,33.8405]]}},{"type":"Feature","properties":{"_color":"#3388ff","_opacity":1,"_weight":3},"geometry":{"type":"LineString","coordinates":[[133.8842,33.78734],[133.89431,33.79255],[133.90181,33.79648],[133.90948,33.79915],[133.91739,33.80218],[133.93017,33.80595],[133.94303,33.81114],[133.9528,33.81568],[133.96059,33.81782],[133.96801,33.82041],[133.97155,33.82233]]}},{"type":"Feature","properties":{"_color":"#3388ff","_opacity":1,"_weight":3},"geometry":{"type":"LineString","coordinates":[[134.3681,34.05052],[134.3741,34.05196],[134.38114,34.05401],[134.388,34.05611],[134.39232,34.05704],[134.39884,34.05785],[134.40556,34.05895],[134.41291,34.06071],[134.42186,34.063]]}},{"type":"Feature","properties":{"_color":"#3388ff","_opacity":1,"_weight":3},"geometry":{"type":"LineString","coordinates":[[134.41899,34.05198],[134.42586,34.05375],[134.42991,34.0547],[134.43346,34.05522],[134.43788,34.05564]]}},{"type":"Feature","properties":{"_color":"#3388ff","_opacity":1,"_weight":3},"geometry":{"type":"LineString","coordinates":[[134.43282,34.04971],[134.43828,34.05089],[134.44316,34.05129],[134.44862,34.05143]]}},{"type":"Feature","properties":{"_color":"#3388ff","_opacity":1,"_weight":3},"geometry":{"type":"LineString","coordinates":[[134.43752,34.04911],[134.44293,34.04985],[134.45013,34.05109],[134.45509,34.05189],[134.46315,34.05348]]}},{"type":"Feature","properties":{"_color":"#3388ff","_opacity":1,"_weight":3},"geometry":{"type":"LineString","coordinates":[[134.4541,34.05154],[134.46385,34.05201],[134.46892,34.05227],[134.47582,34.05288]]}},{"type":"Feature","properties":{"_color":"#3388ff","_opacity":1,"_weight":3},"geometry":{"type":"LineString","coordinates":[[133.84699,34.24256],[133.85108,34.24113],[133.85538,34.24041],[133.85904,34.23907],[133.86442,34.23746],[133.87044,34.2363],[133.87421,34.23514],[133.87658,34.23326],[133.87937,34.23112],[133.88357,34.22942],[133.88873,34.2288],[133.89304,34.22897],[133.8968,34.23005],[133.90024,34.23058]]}},{"type":"Feature","properties":{"_color":"#3388ff","_opacity":1,"_weight":3},"geometry":{"type":"LineString","coordinates":[[133.91885,34.25024],[133.92262,34.24997],[133.92563,34.25015],[133.92725,34.25113],[133.92864,34.25212],[133.93058,34.25328]]}},{"type":"Feature","properties":{"_color":"#3388ff","_opacity":1,"_weight":3},"geometry":{"type":"LineString","coordinates":[[133.94381,34.25497],[133.94973,34.25623],[133.95586,34.25685],[133.95973,34.25756],[133.96458,34.25908],[133.96737,34.26069],[133.97017,34.26167],[133.97512,34.26185],[133.98254,34.26203]]}},{"type":"Feature","properties":{"_color":"#3388ff","_opacity":1,"_weight":3},"geometry":{"type":"LineString","coordinates":[[133.93596,34.243],[133.94467,34.24452],[133.95134,34.24559],[133.95543,34.24568],[133.95877,34.24479],[133.96329,34.24309],[133.96651,34.24175],[133.97157,34.24202],[133.97469,34.24247]]}},{"type":"Feature","properties":{"_color":"#3388ff","_opacity":1,"_weight":3},"geometry":{"type":"LineString","coordinates":[[133.98028,34.23898],[133.98405,34.24247],[133.98674,34.24568],[133.99169,34.24827],[133.99588,34.25078],[133.99932,34.2522],[134.00244,34.2531]]}},{"type":"Feature","properties":{"_color":"#3388ff","_opacity":1,"_weight":3},"geometry":{"type":"LineString","coordinates":[[133.99933,34.2305],[134.006,34.23032]]}},{"type":"Feature","properties":{"_color":"#3388ff","_opacity":1,"_weight":3},"geometry":{"type":"LineString","coordinates":[[134.0075,34.23282],[134.01256,34.23219],[134.01654,34.23184],[134.01988,34.23094],[134.0231,34.22862],[134.02848,34.22746],[134.03407,34.22853],[134.03655,34.23023],[134.03902,34.23094],[134.04419,34.22969],[134.05107,34.22996],[134.05731,34.22987],[134.06247,34.22871],[134.06678,34.22835],[134.07033,34.22871],[134.07893,34.22773],[134.08474,34.22853],[134.09324,34.22907],[134.1012,34.2305],[134.10755,34.23389],[134.11497,34.23711],[134.12143,34.23845],[134.12734,34.24077],[134.13616,34.24426],[134.14477,34.24497],[134.14886,34.24515],[134.15962,34.24658],[134.16994,34.2481],[134.17565,34.24989],[134.18231,34.24998],[134.19081,34.25132],[134.19845,34.25292],[134.20921,34.25221],[134.21631,34.25275],[134.22158,34.25382],[134.23062,34.25552],[134.23836,34.25686],[134.24493,34.25784]]}},{"type":"Feature","properties":{"_color":"#3388ff","_opacity":1,"_weight":3},"geometry":{"type":"LineString","coordinates":[[134.03891,34.23943],[134.04515,34.23979],[134.05139,34.23863],[134.05774,34.23639],[134.06151,34.23371]]}},{"type":"Feature","properties":{"_color":"#3388ff","_opacity":1,"_weight":3},"geometry":{"type":"LineString","coordinates":[[133.99642,34.20261],[134.00438,34.20476],[134.01407,34.20807],[134.02213,34.21057],[134.03246,34.21236]]}},{"type":"Feature","properties":{"_color":"#3388ff","_opacity":1,"_weight":3},"geometry":{"type":"LineString","coordinates":[[134.19921,34.23059],[134.21265,34.23327],[134.22707,34.23684],[134.23546,34.23899]]}},{"type":"Feature","properties":{"_color":"#3388ff","_opacity":1,"_weight":3},"geometry":{"type":"LineString","coordinates":[[134.22981,34.23711],[134.238,34.23173],[134.24665,34.22728]]}},{"type":"Feature","properties":{"_color":"#3388ff","_opacity":1,"_weight":3},"geometry":{"type":"LineString","coordinates":[[134.17479,34.20923],[134.1821,34.21048],[134.19038,34.212],[134.19652,34.21468],[134.20146,34.21513],[134.20749,34.21433],[134.21201,34.21531],[134.21846,34.2171],[134.22674,34.21808],[134.23514,34.2196],[134.24116,34.22192],[134.24751,34.22505]]}},{"type":"Feature","properties":{"_color":"#3388ff","_opacity":1,"_weight":3},"geometry":{"type":"LineString","coordinates":[[134.22605,34.23497],[134.23293,34.23264],[134.23691,34.23139]]}},{"type":"Feature","properties":{"_color":"#3388ff","_opacity":1,"_weight":3},"geometry":{"type":"LineString","coordinates":[[134.1835,34.25578],[134.18812,34.25802],[134.19587,34.25998],[134.20265,34.26212],[134.20932,34.26382],[134.2162,34.26409],[134.22599,34.26329],[134.23557,34.2623],[134.24256,34.26061],[134.2474,34.25837]]}},{"type":"Feature","properties":{"_color":"#3388ff","_opacity":1,"_weight":3},"geometry":{"type":"LineString","coordinates":[[134.04806,34.27427],[134.05978,34.2715],[134.0686,34.26864],[134.07657,34.26543],[134.08291,34.26203],[134.09055,34.2581],[134.09453,34.25578],[134.09969,34.25435]]}},{"type":"Feature","properties":{"_color":"#3388ff","_opacity":1,"_weight":3},"geometry":{"type":"LineString","coordinates":[[134.10077,34.25685],[134.1054,34.25533],[134.11217,34.25114],[134.11787,34.24765]]}},{"type":"Feature","properties":{"_color":"#3388ff","_opacity":1,"_weight":3},"geometry":{"type":"LineString","coordinates":[[134.03418,34.25873],[134.03945,34.25899],[134.04472,34.25712],[134.04892,34.25471],[134.05398,34.25426],[134.05989,34.25542],[134.06581,34.25703]]}},{"type":"Feature","properties":{"_color":"#3388ff","_opacity":1,"_weight":3},"geometry":{"type":"LineString","coordinates":[[135.16892,34.26297],[135.17351,34.26086],[135.17848,34.26065],[135.18536,34.26286],[135.19046,34.26602],[135.1999,34.26705],[135.21392,34.26875],[135.22195,34.26917],[135.22935,34.27117],[135.24044,34.27264],[135.24844,34.27445],[135.26785,34.27737],[135.27983,34.27905],[135.28621,34.27936],[135.29679,34.28105],[135.30304,34.28241],[135.30482,34.28378],[135.31158,34.28486],[135.31859,34.28528],[135.32445,34.28644],[135.33032,34.28672],[135.34077,34.28883],[135.35824,34.29072],[135.36831,34.29093],[135.37876,34.29219],[135.38603,34.2925],[135.39075,34.29471],[135.3933,34.29713],[135.39674,34.29923],[135.40388,34.30102],[135.41969,34.30312],[135.42836,34.30491],[135.43664,34.30533],[135.44582,34.30649],[135.45296,34.3088],[135.45845,34.31132],[135.46214,34.31153],[135.474,34.31742],[135.48178,34.32131],[135.49236,34.3252],[135.49669,34.32751],[135.5088,34.33077],[135.51505,34.33319],[135.5213,34.33718],[135.53073,34.34138],[135.53545,34.34275],[135.53927,34.34464],[135.54845,34.34716],[135.55406,34.35074],[135.55967,34.35263],[135.56248,34.35536],[135.56541,34.35957],[135.57586,34.36798],[135.58555,34.37197],[135.59167,34.37334],[135.59601,34.37239],[135.60009,34.37061],[135.60582,34.37134],[135.61347,34.37145],[135.6215,34.36966],[135.62157,34.36969],[135.62597,34.37092],[135.63193,34.37127],[135.63722,34.37337],[135.64012,34.37618],[135.64016,34.3762],[135.64162,34.377],[135.64608,34.37852],[135.64818,34.37868],[135.65079,34.37837],[135.6557,34.37826],[135.65985,34.37884],[135.66335,34.37889],[135.66711,34.37963],[135.67036,34.38089],[135.67495,34.38347],[135.67719,34.38499],[135.67878,34.38568],[135.6833,34.38599],[135.6849,34.38636],[135.68617,34.38683],[135.68681,34.38741],[135.68767,34.38806],[135.68993,34.38862],[135.6921,34.3893],[135.69338,34.39009],[135.69433,34.39115],[135.69459,34.39188],[135.69459,34.39288],[135.69548,34.39393],[135.69656,34.39498],[135.69656,34.39635],[135.69688,34.3974],[135.69841,34.39788],[135.69966,34.39899],[135.70106,34.40361],[135.70166,34.40713],[135.70262,34.40971],[135.70275,34.41176],[135.70348,34.41654],[135.7059,34.42264],[135.70453,34.42617],[135.70692,34.4321],[135.70727,34.43711],[135.71164,34.43988],[135.7133,34.44282],[135.7118,34.44548],[135.71123,34.44743],[135.71161,34.44864],[135.71257,34.44958],[135.71257,34.45053],[135.71187,34.45242],[135.71189,34.45417],[135.71116,34.45616],[135.70951,34.45795],[135.71002,34.46058],[135.71155,34.46542],[135.71187,34.46836],[135.71123,34.47089],[135.71046,34.47231],[135.70861,34.4742],[135.70747,34.47604],[135.70536,34.47762],[135.70361,34.4793],[135.70262,34.48046],[135.70182,34.48214],[135.70217,34.48556],[135.70185,34.48872]]}},{"type":"Feature","properties":{"_color":"#3388ff","_opacity":1,"_weight":3},"geometry":{"type":"LineString","coordinates":[[135.29908,34.27907],[135.30533,34.27938],[135.30954,34.28022],[135.31171,34.27949],[135.31298,34.27812],[135.31757,34.27759],[135.3205,34.2778],[135.32267,34.27896],[135.32853,34.2797],[135.33759,34.28138],[135.3432,34.28433],[135.34638,34.28486],[135.34983,34.28644],[135.35365,34.28633],[135.35556,34.28486],[135.35888,34.28507],[135.36729,34.28444],[135.37137,34.28475],[135.3794,34.28718],[135.38463,34.28802],[135.3896,34.28823],[135.39547,34.28971],[135.40069,34.29234]]}},{"type":"Feature","properties":{"_color":"#3388ff","_opacity":1,"_weight":3},"geometry":{"type":"LineString","coordinates":[[135.40401,34.29476],[135.40911,34.29487],[135.41382,34.2955],[135.41892,34.29698],[135.42326,34.29877]]}},{"type":"Feature","properties":{"_color":"#3388ff","_opacity":1,"_weight":3},"geometry":{"type":"LineString","coordinates":[[135.43116,34.29993],[135.43575,34.30045]]}},{"type":"Feature","properties":{"_color":"#3388ff","_opacity":1,"_weight":3},"geometry":{"type":"LineString","coordinates":[[135.70734,34.43701],[135.70753,34.4388]]}},{"type":"Feature","properties":{"_color":"#3388ff","_opacity":1,"_weight":3},"geometry":{"type":"LineString","coordinates":[[135.70345,34.39823],[135.70505,34.40197],[135.70575,34.40439],[135.706,34.40687],[135.70619,34.40865],[135.70664,34.41055]]}},{"type":"Feature","properties":{"_color":"#3388ff","_opacity":1,"_weight":3},"geometry":{"type":"LineString","coordinates":[[135.70709,34.41228],[135.70677,34.41439],[135.70683,34.41797],[135.7067,34.41971]]}},{"type":"Feature","properties":{"_color":"#3388ff","_opacity":1,"_weight":3},"geometry":{"type":"LineString","coordinates":[[135.56859,34.36024],[135.57248,34.36145],[135.57541,34.36203],[135.58045,34.36272],[135.5839,34.36361],[135.58888,34.36556],[135.59251,34.36672],[135.59589,34.36835],[135.59844,34.36914]]}},{"type":"Feature","properties":{"_color":"#3388ff","_opacity":1,"_weight":3},"geometry":{"type":"LineString","coordinates":[[135.55321,34.3377],[135.55781,34.33844],[135.56093,34.33923],[135.56495,34.33997],[135.56935,34.34123]]}},{"type":"Feature","properties":{"_color":"#3388ff","_opacity":1,"_weight":3},"geometry":{"type":"LineString","coordinates":[[135.57344,34.3397],[135.5756,34.34044],[135.57931,34.34144],[135.57931,34.34155],[135.58179,34.34281],[135.58607,34.34397],[135.58875,34.34513],[135.59238,34.34692],[135.59602,34.34855],[135.59813,34.34997],[135.60157,34.35134]]}},{"type":"Feature","properties":{"_color":"#3388ff","_opacity":1,"_weight":3},"geometry":{"type":"LineString","coordinates":[[135.60667,34.35039],[135.60923,34.35155],[135.61414,34.3534],[135.61777,34.35477],[135.61975,34.35529],[135.62466,34.35598],[135.63034,34.35687],[135.63296,34.35745],[135.63494,34.35866],[135.63698,34.36051],[135.6401,34.36272],[135.64246,34.36372],[135.64444,34.3644],[135.64712,34.36456],[135.65056,34.36456],[135.65452,34.36504],[135.65662,34.36535],[135.66007,34.36546],[135.66339,34.36551]]}},{"type":"Feature","properties":{"_color":"#3388ff","_opacity":1,"_weight":3},"geometry":{"type":"LineString","coordinates":[[135.31067,34.28609],[135.315,34.28635],[135.32132,34.28641],[135.32444,34.28635]]}},{"type":"Feature","properties":{"_color":"#3388ff","_opacity":1,"_weight":3},"geometry":{"type":"LineString","coordinates":[[135.31315,34.27982],[135.3173,34.28072]]}},{"type":"Feature","properties":{"_color":"#3388ff","_opacity":1,"_weight":3},"geometry":{"type":"LineString","coordinates":[[135.11335,34.25038],[135.12528,34.25133],[135.13395,34.25275],[135.14148,34.25428],[135.15303,34.25617],[135.16476,34.25823],[135.1744,34.25965]]}},{"type":"Feature","properties":{"_color":"#3388ff","_opacity":1,"_weight":3},"geometry":{"type":"LineString","coordinates":[[132.65679,33.70002],[132.66062,33.70098],[132.66445,33.70341],[132.66942,33.70553],[132.67389,33.70711],[132.67593,33.70891],[132.6781,33.71145]]}},{"type":"Feature","properties":{"_color":"#3388ff","_opacity":1,"_weight":3},"geometry":{"type":"LineString","coordinates":[[132.66304,33.71071],[132.66815,33.71346],[132.67287,33.71653]]}},{"type":"Feature","properties":{"_color":"#3388ff","_opacity":1,"_weight":3},"geometry":{"type":"LineString","coordinates":[[132.66011,33.70531],[132.66381,33.70764],[132.66891,33.71261],[132.67325,33.71695],[132.68142,33.72287],[132.6915,33.72975],[132.69928,33.73568],[132.70311,33.73758],[132.70808,33.74118],[132.71548,33.74477],[132.72339,33.75017],[132.73398,33.75652],[132.74113,33.76022],[132.74483,33.76318],[132.75083,33.76667],[132.75593,33.76868],[132.76065,33.77058],[132.76359,33.7709],[132.76575,33.77069],[132.76754,33.77122],[132.77226,33.77291],[132.77749,33.77376],[132.78336,33.77397]]}},{"type":"Feature","properties":{"_color":"#3388ff","_opacity":1,"_weight":3},"geometry":{"type":"LineString","coordinates":[[132.67797,33.7398],[132.68512,33.7435],[132.69009,33.74763],[132.69558,33.7507],[132.70285,33.7544],[132.70591,33.75673],[132.70834,33.75905]]}},{"type":"Feature","properties":{"_color":"#3388ff","_opacity":1,"_weight":3},"geometry":{"type":"LineString","coordinates":[[132.71676,33.74773],[132.72173,33.75027],[132.72505,33.75292],[132.72786,33.75588],[132.72952,33.75778],[132.73258,33.75884],[132.73462,33.7599]]}},{"type":"Feature","properties":{"_color":"#3388ff","_opacity":1,"_weight":3},"geometry":{"type":"LineString","coordinates":[[132.7313,33.75662],[132.7396,33.76001]]}},{"type":"Feature","properties":{"_color":"#3388ff","_opacity":1,"_weight":3},"geometry":{"type":"LineString","coordinates":[[132.74215,33.76371],[132.74636,33.76625],[132.7484,33.769],[132.75172,33.76963],[132.7544,33.77397],[132.76052,33.77566],[132.76167,33.77852],[132.76256,33.78233],[132.76384,33.78349],[132.76818,33.78444]]}},{"type":"Feature","properties":{"_color":"#3388ff","_opacity":1,"_weight":3},"geometry":{"type":"LineString","coordinates":[[132.76805,33.78497],[132.77111,33.78656],[132.77609,33.78751]]}},{"type":"Feature","properties":{"_color":"#3388ff","_opacity":1,"_weight":3},"geometry":{"type":"LineString","coordinates":[[132.75274,33.76889],[132.7581,33.77154],[132.76486,33.77386],[132.76894,33.77513],[132.77379,33.77619],[132.77711,33.77714]]}},{"type":"Feature","properties":{"_color":"#3388ff","_opacity":1,"_weight":3},"geometry":{"type":"LineString","coordinates":[[132.8122,33.79386],[132.81602,33.79439],[132.82432,33.79513],[132.83325,33.79629],[132.84537,33.7983],[132.85838,33.8019],[132.86923,33.80423],[132.87318,33.80518]]}},{"type":"Feature","properties":{"_color":"#3388ff","_opacity":1,"_weight":3},"geometry":{"type":"LineString","coordinates":[[132.84537,33.79968],[132.85864,33.80264],[132.86617,33.80444],[132.86923,33.80592],[132.87599,33.8075],[132.87944,33.80814],[132.88224,33.80951],[132.88658,33.81036]]}},{"type":"Feature","properties":{"_color":"#3388ff","_opacity":1,"_weight":3},"geometry":{"type":"LineString","coordinates":[[132.91235,33.79248],[132.91759,33.79545],[132.92409,33.80021],[132.92932,33.80454]]}},{"type":"Feature","properties":{"_color":"#3388ff","_opacity":1,"_weight":3},"geometry":{"type":"LineString","coordinates":[[132.93392,33.80888],[132.93647,33.81079],[132.9394,33.81248]]}},{"type":"Feature","properties":{"_color":"#3388ff","_opacity":1,"_weight":3},"geometry":{"type":"LineString","coordinates":[[132.89628,33.80729],[132.90406,33.80719],[132.9121,33.80676],[132.91554,33.80729],[132.91924,33.80761],[132.92345,33.80803],[132.92499,33.80877]]}},{"type":"Feature","properties":{"_color":"#3388ff","_opacity":1,"_weight":3},"geometry":{"type":"LineString","coordinates":[[132.91491,33.80825],[132.91822,33.80856],[132.92282,33.80899],[132.92575,33.81057],[132.9292,33.8111],[132.93213,33.81163],[132.94055,33.81502],[132.94948,33.81861],[132.95714,33.82179],[132.9653,33.82634],[132.9713,33.83057],[132.97436,33.83194],[132.97832,33.83215],[132.98304,33.83448],[132.98457,33.83607],[132.98521,33.83924],[132.98495,33.84242],[132.98712,33.84633],[132.99057,33.84855],[132.99299,33.85014],[132.99567,33.85321],[133.00333,33.85479],[133.01404,33.85723],[133.02476,33.86029],[133.04071,33.86643],[133.05564,33.87246],[133.07069,33.87923],[133.08537,33.88663],[133.09647,33.89256],[133.10029,33.89277],[133.10808,33.89637],[133.11739,33.90028],[133.12518,33.90272],[133.12722,33.90261],[133.1313,33.90081]]}},{"type":"Feature","properties":{"_color":"#3388ff","_opacity":1,"_weight":3},"geometry":{"type":"LineString","coordinates":[[133.12619,33.90335],[133.13602,33.90673],[133.14559,33.91054],[133.15503,33.91467],[133.16103,33.91752],[133.16664,33.91827],[133.17417,33.91827],[133.17749,33.91816],[133.18323,33.91922],[133.18654,33.91922],[133.19331,33.92123],[133.19854,33.92281],[133.20479,33.9262],[133.21091,33.92842],[133.2187,33.92969],[133.22278,33.92948],[133.22712,33.93075],[133.22929,33.93054]]}},{"type":"Feature","properties":{"_color":"#3388ff","_opacity":1,"_weight":3},"geometry":{"type":"LineString","coordinates":[[133.10846,33.89034],[133.11152,33.88864],[133.11548,33.88695],[133.11803,33.88653],[133.12211,33.88738],[133.12454,33.88748]]}},{"type":"Feature","properties":{"_color":"#3388ff","_opacity":1,"_weight":3},"geometry":{"type":"LineString","coordinates":[[133.11918,33.89605],[133.12479,33.89679],[133.13066,33.89573]]}},{"type":"Feature","properties":{"_color":"#3388ff","_opacity":1,"_weight":3},"geometry":{"type":"LineString","coordinates":[[133.12148,33.89118],[133.12454,33.89108],[133.12747,33.88949],[133.13334,33.89034],[133.14355,33.88981],[133.14495,33.88917],[133.14801,33.88917]]}},{"type":"Feature","properties":{"_color":"#3388ff","_opacity":1,"_weight":3},"geometry":{"type":"LineString","coordinates":[[133.11765,33.89362],[133.12058,33.89362]]}},{"type":"Feature","properties":{"_color":"#3388ff","_opacity":1,"_weight":3},"geometry":{"type":"LineString","coordinates":[[133.13398,33.89658],[133.14138,33.89309],[133.14533,33.89203],[133.14942,33.89235],[133.15541,33.89277],[133.15873,33.89182]]}},{"type":"Feature","properties":{"_color":"#3388ff","_opacity":1,"_weight":3},"geometry":{"type":"LineString","coordinates":[[133.11931,33.88124],[133.13104,33.8841],[133.14329,33.886],[133.15312,33.88949],[133.16052,33.89171],[133.17009,33.89446],[133.18246,33.89658],[133.1882,33.89838],[133.19305,33.90081],[133.20428,33.90483],[133.21589,33.9098],[133.22431,33.91234],[133.2312,33.91446],[133.24447,33.9188],[133.25315,33.92038],[133.26297,33.92292],[133.27331,33.92599],[133.28173,33.92832],[133.29589,33.93181],[133.30036,33.93286],[133.30776,33.93445],[133.31643,33.93752],[133.32243,33.93847],[133.33123,33.93985],[133.3431,33.94344],[133.35235,33.94542],[133.35649,33.94695],[133.36396,33.94981],[133.37091,33.95187],[133.37716,33.95307],[133.3852,33.95455],[133.39184,33.95645],[133.40026,33.95889],[133.40945,33.96164],[133.412,33.9627]]}},{"type":"Feature","properties":{"_color":"#3388ff","_opacity":1,"_weight":3},"geometry":{"type":"LineString","coordinates":[[133.28224,33.92641],[133.28709,33.92779]]}},{"type":"Feature","properties":{"_color":"#3388ff","_opacity":1,"_weight":3},"geometry":{"type":"LineString","coordinates":[[133.22572,33.91657],[133.23018,33.91742],[133.23503,33.9189]]}},{"type":"Feature","properties":{"_color":"#3388ff","_opacity":1,"_weight":3},"geometry":{"type":"LineString","coordinates":[[133.23095,33.89943],[133.24039,33.9024],[133.25047,33.90589],[133.26246,33.90938],[133.26782,33.91107],[133.27445,33.91181],[133.28492,33.91456],[133.29768,33.91721],[133.30635,33.92059],[133.31363,33.9226],[133.31541,33.92324]]}},{"type":"Feature","properties":{"_color":"#3388ff","_opacity":1,"_weight":3},"geometry":{"type":"LineString","coordinates":[[133.3112,33.92345],[133.31528,33.92324],[133.32345,33.92535],[133.33302,33.9281],[133.338,33.92895],[133.34259,33.92895],[133.34769,33.92959],[133.35343,33.93054],[133.36077,33.93202],[133.36453,33.93371],[133.36874,33.93509],[133.37825,33.93689],[133.3838,33.93859],[133.39005,33.93959],[133.39732,33.94143],[133.40574,33.94452],[133.41404,33.94609],[133.42182,33.9482],[133.42597,33.94912],[133.43177,33.95145]]}},{"type":"Feature","properties":{"_color":"#3388ff","_opacity":1,"_weight":3},"geometry":{"type":"LineString","coordinates":[[133.34144,33.92948],[133.35535,33.93181],[133.36377,33.9335]]}},{"type":"Feature","properties":{"_color":"#3388ff","_opacity":1,"_weight":3},"geometry":{"type":"LineString","coordinates":[[133.38036,33.94323],[133.39043,33.94461],[133.40307,33.94662],[133.40894,33.94748]]}},{"type":"Feature","properties":{"_color":"#3388ff","_opacity":1,"_weight":3},"geometry":{"type":"LineString","coordinates":[[133.40032,33.94923],[133.40728,33.95043]]}},{"type":"Feature","properties":{"_color":"#3388ff","_opacity":1,"_weight":3},"geometry":{"type":"LineString","coordinates":[[133.40753,33.94588],[133.41168,33.94896],[133.41544,33.95034],[133.41991,33.9517]]}},{"type":"Feature","properties":{"_color":"#3388ff","_opacity":1,"_weight":3},"geometry":{"type":"LineString","coordinates":[[133.42208,33.95095],[133.42399,33.95246],[133.42814,33.9541],[133.43292,33.95563],[133.43605,33.95621],[133.44364,33.95857],[133.44549,33.95854]]}},{"type":"Feature","properties":{"_color":"#3388ff","_opacity":1,"_weight":3},"geometry":{"type":"LineString","coordinates":[[133.44096,33.95381],[133.4444,33.95463]]}},{"type":"Feature","properties":{"_color":"#3388ff","_opacity":1,"_weight":3},"geometry":{"type":"LineString","coordinates":[[133.45066,33.9554],[133.45959,33.9572]]}},{"type":"Feature","properties":{"_color":"#3388ff","_opacity":1,"_weight":3},"geometry":{"type":"LineString","coordinates":[[133.42781,33.94981],[133.431,33.9505],[133.43477,33.95066],[133.43872,33.95124],[133.44281,33.95193],[133.446,33.95219],[133.45046,33.95346],[133.45404,33.95415],[133.45793,33.95441],[133.46099,33.95484],[133.46374,33.95526],[133.46699,33.95515],[133.47222,33.95547],[133.47567,33.95579],[133.47854,33.956]]}},{"type":"Feature","properties":{"_color":"#3388ff","_opacity":1,"_weight":3},"geometry":{"type":"LineString","coordinates":[[133.44861,33.95748],[133.45148,33.95881],[133.4541,33.95913],[133.45691,33.95971],[133.46042,33.96077],[133.4631,33.96156],[133.46616,33.96193],[133.47025,33.96214],[133.47337,33.96246],[133.47529,33.96262]]}},{"type":"Feature","properties":{"_color":"#3388ff","_opacity":1,"_weight":3},"geometry":{"type":"LineString","coordinates":[[133.47037,33.95913],[133.47293,33.96071],[133.47644,33.96225],[133.47956,33.96331],[133.48058,33.96357]]}},{"type":"Feature","properties":{"_color":"#3388ff","_opacity":1,"_weight":3},"geometry":{"type":"LineString","coordinates":[[133.48192,33.96389],[133.48709,33.96505],[133.49015,33.96574],[133.49481,33.96643],[133.49864,33.96643],[133.50375,33.96706],[133.50936,33.96765],[133.51434,33.9677],[133.51734,33.96717],[133.5197,33.9667],[133.52225,33.96691]]}},{"type":"Feature","properties":{"_color":"#3388ff","_opacity":1,"_weight":3},"geometry":{"type":"LineString","coordinates":[[133.48856,33.96235],[133.49322,33.96193],[133.49673,33.96172],[133.49928,33.96135],[133.50107,33.96151],[133.50241,33.96235],[133.50534,33.9623],[133.50764,33.96246],[133.51102,33.96336],[133.51402,33.96421],[133.51836,33.96542],[133.5211,33.96627],[133.52264,33.96701],[133.52576,33.96744],[133.52959,33.96828],[133.53648,33.96945],[133.5435,33.97045],[133.55148,33.97156],[133.55677,33.97231],[133.56003,33.97326],[133.56373,33.97437],[133.56724,33.97485],[133.57266,33.9758],[133.57828,33.97712],[133.58357,33.97839],[133.58613,33.97892],[133.59347,33.97966],[133.59883,33.98009],[133.60189,33.98004],[133.60559,33.97945],[133.6075,33.97892],[133.61178,33.97908],[133.61835,33.9803],[133.62231,33.98194],[133.6276,33.98406],[133.63379,33.9857],[133.6412,33.98665],[133.64617,33.98776],[133.64988,33.98866],[133.65485,33.98903],[133.65977,33.98993],[133.66404,33.99068],[133.67164,33.992],[133.67744,33.99332],[133.68708,33.99644],[133.69206,33.99798],[133.69588,33.9993],[133.70054,34.00131],[133.70501,34.0028],[133.71299,34.0055],[133.72045,34.00745],[133.72671,34.00899],[133.73187,34.01058],[133.7401,34.01179],[133.7468,34.01365],[133.75121,34.01481],[133.75383,34.01513],[133.75887,34.01651],[133.76269,34.01778],[133.76703,34.01809],[133.77348,34.01952],[133.77948,34.02164],[133.78394,34.02376],[133.78847,34.02577],[133.79166,34.02704],[133.7953,34.02762],[133.79728,34.02831],[133.80079,34.02911],[133.80832,34.03032],[133.81266,34.03069],[133.81681,34.03202],[133.8221,34.03339],[133.82906,34.03456],[133.83544,34.0362],[133.83818,34.03668],[133.84348,34.03757],[133.85439,34.03943],[133.86045,34.04059],[133.86645,34.04149],[133.87079,34.04213],[133.87539,34.04244],[133.88011,34.04297],[133.88611,34.04387],[133.88987,34.04409],[133.89383,34.04509],[133.90072,34.04631],[133.90512,34.0471],[133.90908,34.04731],[133.91303,34.04742],[133.91769,34.04805],[133.92305,34.04922],[133.92809,34.05012],[133.93556,34.05086],[133.93983,34.05086],[133.94379,34.05017],[133.94596,34.04991],[133.94947,34.04927],[133.95241,34.04917],[133.95585,34.0497],[133.96032,34.05123],[133.96523,34.05255],[133.96868,34.05404],[133.97085,34.05504]]}},{"type":"Feature","properties":{"_color":"#3388ff","_opacity":1,"_weight":3},"geometry":{"type":"LineString","coordinates":[[133.49985,33.96601],[133.50272,33.96585],[133.5049,33.96542],[133.50624,33.96532]]}},{"type":"Feature","properties":{"_color":"#3388ff","_opacity":1,"_weight":3},"geometry":{"type":"LineString","coordinates":[[133.51115,33.9631],[133.51408,33.96352],[133.51638,33.96426],[133.51715,33.96468]]}},{"type":"Feature","properties":{"_color":"#3388ff","_opacity":1,"_weight":3},"geometry":{"type":"LineString","coordinates":[[133.53891,33.96823],[133.54242,33.96918],[133.5451,33.96971],[133.5465,33.96987],[133.54771,33.96987]]}},{"type":"Feature","properties":{"_color":"#3388ff","_opacity":1,"_weight":3},"geometry":{"type":"LineString","coordinates":[[133.56941,33.97522],[133.5726,33.97638],[133.57464,33.97707],[133.57649,33.97728]]}},{"type":"Feature","properties":{"_color":"#3388ff","_opacity":1,"_weight":3},"geometry":{"type":"LineString","coordinates":[[133.56756,33.97516],[133.56998,33.97612],[133.5726,33.97691],[133.57604,33.97786]]}},{"type":"Feature","properties":{"_color":"#3388ff","_opacity":1,"_weight":3},"geometry":{"type":"LineString","coordinates":[[133.59889,33.97596],[133.60297,33.97723],[133.6068,33.9785],[133.60801,33.97876]]}},{"type":"Feature","properties":{"_color":"#3388ff","_opacity":1,"_weight":3},"geometry":{"type":"LineString","coordinates":[[133.61944,33.98056],[133.62365,33.98173],[133.62792,33.98279],[133.63201,33.98363],[133.63443,33.98422],[133.6352,33.98459]]}},{"type":"Feature","properties":{"_color":"#3388ff","_opacity":1,"_weight":3},"geometry":{"type":"LineString","coordinates":[[133.66213,33.99052],[133.66474,33.99157],[133.66825,33.99247],[133.67227,33.99359],[133.67578,33.99433],[133.67885,33.99576],[133.68229,33.99782],[133.68618,34.0002],[133.68976,34.00211],[133.69378,34.00306],[133.69818,34.00407],[133.70188,34.00491],[133.70443,34.00576],[133.70718,34.00682]]}},{"type":"Feature","properties":{"_color":"#3388ff","_opacity":1,"_weight":3},"geometry":{"type":"LineString","coordinates":[[133.75351,34.01248],[133.75548,34.01296],[133.7581,34.01365],[133.76001,34.0137],[133.76359,34.01471],[133.76538,34.01492]]}},{"type":"Feature","properties":{"_color":"#3388ff","_opacity":1,"_weight":3},"geometry":{"type":"LineString","coordinates":[[133.83429,34.03752],[133.83952,34.03863],[133.8438,34.04001],[133.84897,34.04144],[133.85401,34.0425],[133.85624,34.04276],[133.86128,34.04308],[133.8653,34.04377],[133.86824,34.04451],[133.87347,34.04498],[133.87647,34.04551],[133.87941,34.04567],[133.8817,34.04636],[133.88432,34.04726],[133.887,34.04753],[133.88994,34.04769],[133.89312,34.048],[133.89714,34.04864],[133.90008,34.04885],[133.90231,34.04853],[133.90538,34.04843],[133.90838,34.0488],[133.91131,34.04917],[133.91539,34.04964]]}},{"type":"Feature","properties":{"_color":"#3388ff","_opacity":1,"_weight":3},"geometry":{"type":"LineString","coordinates":[[133.94456,34.05012],[133.9473,34.05128],[133.9517,34.05345],[133.95534,34.05531],[133.95879,34.05653]]}},{"type":"Feature","properties":{"_color":"#3388ff","_opacity":1,"_weight":3},"geometry":{"type":"LineString","coordinates":[[133.95049,34.0507],[133.95445,34.05314]]}},{"type":"Feature","properties":{"_color":"#3388ff","_opacity":1,"_weight":3},"geometry":{"type":"LineString","coordinates":[[133.95215,34.05017],[133.95509,34.05277]]}},{"type":"Feature","properties":{"_color":"#3388ff","_opacity":1,"_weight":3},"geometry":{"type":"LineString","coordinates":[[133.96613,34.04821],[133.96912,34.04911],[133.97123,34.0489],[133.9734,34.04864]]}},{"type":"Feature","properties":{"_color":"#3388ff","_opacity":1,"_weight":3},"geometry":{"type":"LineString","coordinates":[[133.96581,34.05112],[133.96836,34.05224],[133.96995,34.05224],[133.97295,34.05229],[133.97417,34.05287],[133.97563,34.05351],[133.9778,34.05377],[133.98029,34.05435]]}},{"type":"Feature","properties":{"_color":"#3388ff","_opacity":1,"_weight":3},"geometry":{"type":"LineString","coordinates":[[133.9651,34.05478],[133.96855,34.05515],[133.97002,34.05541],[133.97238,34.05467],[133.97678,34.0551],[133.97997,34.05562],[133.98342,34.05642],[133.99012,34.05689],[133.99624,34.05748],[133.99886,34.05779],[134.00154,34.0587],[134.00773,34.0597],[134.01105,34.06002],[134.01635,34.05981],[134.01947,34.0606],[134.02515,34.06171],[134.02943,34.06224],[134.03389,34.06267],[134.03932,34.06319],[134.04379,34.06372],[134.05061,34.06489],[134.0547,34.06616],[134.05661,34.06711],[134.05961,34.06801],[134.06223,34.0678],[134.06778,34.06732],[134.07161,34.06759],[134.07703,34.06796],[134.08029,34.06817],[134.08399,34.06912]]}},{"type":"Feature","properties":{"_color":"#3388ff","_opacity":1,"_weight":3},"geometry":{"type":"LineString","coordinates":[[134.07237,34.06208],[134.07627,34.06346],[134.07856,34.06404],[134.08163,34.06505],[134.08341,34.06536]]}},{"type":"Feature","properties":{"_color":"#3388ff","_opacity":1,"_weight":3},"geometry":{"type":"LineString","coordinates":[[134.06242,34.06367],[134.06733,34.06632]]}},{"type":"Feature","properties":{"_color":"#3388ff","_opacity":1,"_weight":3},"geometry":{"type":"LineString","coordinates":[[134.04187,34.05737],[134.04461,34.05917],[134.04666,34.05986],[134.04915,34.06055],[134.05112,34.06071]]}},{"type":"Feature","properties":{"_color":"#3388ff","_opacity":1,"_weight":3},"geometry":{"type":"LineString","coordinates":[[134.0055,34.05462],[134.0092,34.05435],[134.01201,34.05372],[134.01418,34.05372],[134.01571,34.05451],[134.0173,34.05663],[134.02024,34.05769],[134.02292,34.05917],[134.02566,34.06002],[134.02758,34.06039]]}},{"type":"Feature","properties":{"_color":"#3388ff","_opacity":1,"_weight":3},"geometry":{"type":"LineString","coordinates":[[134.01807,34.05107],[134.02056,34.05324],[134.02266,34.0551],[134.02394,34.05674]]}},{"type":"Feature","properties":{"_color":"#3388ff","_opacity":1,"_weight":3},"geometry":{"type":"LineString","coordinates":[[134.07384,34.06457],[134.07761,34.06558]]}},{"type":"Feature","properties":{"_color":"#3388ff","_opacity":1,"_weight":3},"geometry":{"type":"LineString","coordinates":[[134.07193,34.06764],[134.07397,34.06838],[134.0748,34.06934],[134.07524,34.07098],[134.07607,34.07315],[134.07767,34.07479],[134.07958,34.07601],[134.08265,34.07749],[134.08488,34.07902],[134.08667,34.08061],[134.08922,34.0832],[134.09145,34.0858]]}},{"type":"Feature","properties":{"_color":"#3388ff","_opacity":1,"_weight":3},"geometry":{"type":"LineString","coordinates":[[134.08826,34.07346],[134.09305,34.07325],[134.09707,34.07283],[134.10007,34.07304],[134.10217,34.07341],[134.10715,34.07341],[134.11028,34.07256],[134.11321,34.07246],[134.1173,34.07304],[134.12023,34.07357],[134.12163,34.07405],[134.12559,34.07442],[134.12955,34.07521],[134.13344,34.07611],[134.13682,34.07659],[134.1404,34.07791],[134.14346,34.07939],[134.14722,34.08167],[134.14888,34.08289],[134.15022,34.08453]]}},{"type":"Feature","properties":{"_color":"#3388ff","_opacity":1,"_weight":3},"geometry":{"type":"LineString","coordinates":[[134.12004,34.08178],[134.12234,34.08183],[134.1254,34.08262],[134.12827,34.0831],[134.13376,34.08373],[134.13772,34.08421],[134.14135,34.08469],[134.14499,34.08474],[134.14971,34.08506]]}},{"type":"Feature","properties":{"_color":"#3388ff","_opacity":1,"_weight":3},"geometry":{"type":"LineString","coordinates":[[134.09152,34.07214],[134.0933,34.07288],[134.09401,34.0732]]}},{"type":"Feature","properties":{"_color":"#3388ff","_opacity":1,"_weight":3},"geometry":{"type":"LineString","coordinates":[[134.09464,34.07166],[134.09688,34.07235],[134.09841,34.07283]]}},{"type":"Feature","properties":{"_color":"#3388ff","_opacity":1,"_weight":3},"geometry":{"type":"LineString","coordinates":[[134.15354,34.08537],[134.15705,34.08553],[134.15973,34.08627],[134.16254,34.08717],[134.16637,34.0885],[134.17192,34.09019],[134.17575,34.09019],[134.17945,34.0904],[134.1834,34.09136],[134.18672,34.09162],[134.19074,34.09226],[134.19444,34.09353],[134.20057,34.09485],[134.20427,34.09622],[134.20772,34.09776],[134.21001,34.09893],[134.21391,34.10041],[134.21965,34.10184],[134.22558,34.10247],[134.23069,34.10295],[134.23656,34.10406],[134.24084,34.10406],[134.24447,34.10512],[134.25041,34.10528],[134.25621,34.10623],[134.26106,34.10676],[134.26528,34.10729],[134.26968,34.10777],[134.27415,34.10819],[134.27963,34.10845],[134.28436,34.10888],[134.28869,34.11031],[134.29399,34.11168],[134.30088,34.11385],[134.30503,34.11502],[134.30911,34.11666],[134.31288,34.11777],[134.31831,34.1196],[134.32209,34.12029],[134.32522,34.12013]]}},{"type":"Feature","properties":{"_color":"#3388ff","_opacity":1,"_weight":3},"geometry":{"type":"LineString","coordinates":[[134.29763,34.10295],[134.30133,34.10237],[134.30375,34.10184],[134.30669,34.10141],[134.30867,34.10104],[134.31198,34.10125],[134.31409,34.10184],[134.31594,34.10321],[134.31709,34.10469],[134.31876,34.10578],[134.32066,34.10671],[134.32264,34.10745],[134.32379,34.10861],[134.32443,34.11062],[134.32539,34.11189],[134.32609,34.1129]]}},{"type":"Feature","properties":{"_color":"#3388ff","_opacity":1,"_weight":3},"geometry":{"type":"LineString","coordinates":[[134.17524,34.0921],[134.17868,34.09241],[134.18455,34.09305],[134.19023,34.09326],[134.19502,34.09374]]}},{"type":"Feature","properties":{"_color":"#3388ff","_opacity":1,"_weight":3},"geometry":{"type":"LineString","coordinates":[[134.17536,34.09342],[134.17862,34.09326]]}},{"type":"Feature","properties":{"_color":"#3388ff","_opacity":1,"_weight":3},"geometry":{"type":"LineString","coordinates":[[134.19055,34.08723],[134.19489,34.08855],[134.19827,34.09019],[134.20038,34.09072],[134.20261,34.09167],[134.20548,34.09188],[134.20944,34.09289],[134.21327,34.09411],[134.21518,34.09517],[134.21671,34.09691]]}},{"type":"Feature","properties":{"_color":"#3388ff","_opacity":1,"_weight":3},"geometry":{"type":"LineString","coordinates":[[134.1998,34.09019],[134.20306,34.09051],[134.20733,34.09157],[134.20944,34.09294]]}},{"type":"Feature","properties":{"_color":"#3388ff","_opacity":1,"_weight":3},"geometry":{"type":"LineString","coordinates":[[134.34447,34.11385],[134.34632,34.11327],[134.34829,34.11253],[134.3511,34.11237],[134.35378,34.11279],[134.35767,34.11279]]}},{"type":"Feature","properties":{"_color":"#3388ff","_opacity":1,"_weight":3},"geometry":{"type":"LineString","coordinates":[[134.33118,34.11833],[134.33451,34.11899],[134.33745,34.11918],[134.33917,34.11915],[134.33981,34.11883]]}},{"type":"Feature","properties":{"_color":"#3388ff","_opacity":1,"_weight":3},"geometry":{"type":"LineString","coordinates":[[134.32906,34.11727],[134.33303,34.11749],[134.3363,34.11839],[134.34071,34.11892],[134.3457,34.11934],[134.34807,34.11987],[134.34903,34.12035],[134.34983,34.12111],[134.35059,34.12227],[134.35212,34.12317],[134.35472,34.12416],[134.35748,34.12469],[134.36016,34.12622],[134.36215,34.12755],[134.36573,34.12808],[134.36867,34.12818],[134.3721,34.12883],[134.37443,34.12919],[134.37763,34.12993],[134.38097,34.13069],[134.38479,34.1319],[134.38672,34.13258],[134.38875,34.13386],[134.39209,34.13496],[134.39481,34.13545],[134.39922,34.13619],[134.40438,34.13672],[134.40828,34.13699],[134.41179,34.13646],[134.41613,34.13624],[134.41788,34.13627],[134.42015,34.13619],[134.42127,34.13623],[134.42261,34.13638],[134.42322,34.13675],[134.42473,34.13713],[134.42601,34.13719]]}},{"type":"Feature","properties":{"_color":"#3388ff","_opacity":1,"_weight":3},"geometry":{"type":"LineString","coordinates":[[134.35289,34.1292],[134.35627,34.12963],[134.35914,34.12984],[134.36291,34.13111],[134.36731,34.13286],[134.37127,34.13376],[134.3749,34.13487],[134.37848,34.13646],[134.38001,34.13746],[134.38339,34.13873],[134.38869,34.14005],[134.3922,34.14149],[134.39462,34.14291],[134.39775,34.14487]]}},{"type":"Feature","properties":{"_color":"#3388ff","_opacity":1,"_weight":3},"geometry":{"type":"LineString","coordinates":[[134.40821,34.13566],[134.41121,34.13577]]}},{"type":"Feature","properties":{"_color":"#3388ff","_opacity":1,"_weight":3},"geometry":{"type":"LineString","coordinates":[[134.39632,34.12734],[134.39926,34.1267],[134.4015,34.12691],[134.40253,34.12751],[134.40432,34.12867]]}},{"type":"Feature","properties":{"_color":"#3388ff","_opacity":1,"_weight":3},"geometry":{"type":"LineString","coordinates":[[134.38103,34.12084],[134.38307,34.12179],[134.38403,34.12301],[134.38435,34.1237],[134.3846,34.12439],[134.38499,34.12539],[134.38626,34.12592],[134.38856,34.12693],[134.39175,34.1282],[134.39462,34.12942],[134.3967,34.12998]]}},{"type":"Feature","properties":{"_color":"#3388ff","_opacity":1,"_weight":3},"geometry":{"type":"LineString","coordinates":[[134.39226,34.12857],[134.39373,34.12963],[134.39379,34.13079],[134.39309,34.13217],[134.39309,34.13365],[134.39322,34.13428]]}},{"type":"Feature","properties":{"_color":"#3388ff","_opacity":1,"_weight":3},"geometry":{"type":"LineString","coordinates":[[134.43023,34.13719],[134.43209,34.1374],[134.43394,34.13761],[134.43471,34.13851],[134.43533,34.13868],[134.43986,34.13963],[134.44363,34.1408],[134.44797,34.1417],[134.45167,34.14228],[134.45365,34.14249],[134.45607,34.14223],[134.45767,34.14276],[134.45901,34.14482],[134.46028,34.14583],[134.46185,34.14662],[134.46705,34.14747],[134.4717,34.14778],[134.47593,34.14868],[134.48137,34.15011],[134.4837,34.14979],[134.48521,34.15006],[134.48734,34.1516],[134.48956,34.1525],[134.49232,34.1534],[134.49749,34.15329],[134.50044,34.15308],[134.50299,34.15292],[134.50603,34.15252],[134.51061,34.15313],[134.51422,34.15297],[134.51582,34.15347]]}},{"type":"Feature","properties":{"_color":"#3388ff","_opacity":1,"_weight":3},"geometry":{"type":"LineString","coordinates":[[134.46513,34.15101],[134.46864,34.15107],[134.47273,34.15059],[134.47688,34.15006]]}},{"type":"Feature","properties":{"_color":"#3388ff","_opacity":1,"_weight":3},"geometry":{"type":"LineString","coordinates":[[134.43738,34.1409],[134.44127,34.14159],[134.44535,34.14217],[134.44982,34.14344],[134.45301,34.14402],[134.4548,34.14429],[134.45722,34.14508],[134.45875,34.14519],[134.45894,34.14519]]}},{"type":"Feature","properties":{"_color":"#3388ff","_opacity":1,"_weight":3},"geometry":{"type":"LineString","coordinates":[[134.42139,34.13984],[134.42235,34.13923],[134.42479,34.13825],[134.42806,34.13618]]}},{"type":"Feature","properties":{"_color":"#3388ff","_opacity":1,"_weight":3},"geometry":{"type":"LineString","coordinates":[[134.42606,34.13844],[134.42776,34.13791]]}},{"type":"Feature","properties":{"_color":"#3388ff","_opacity":1,"_weight":3},"geometry":{"type":"LineString","coordinates":[[134.51208,34.15686],[134.51447,34.15654],[134.51604,34.15625],[134.51822,34.15543],[134.51995,34.15487],[134.52129,34.15455],[134.52308,34.15482],[134.52539,34.15482],[134.52647,34.15517],[134.52775,34.15541],[134.52935,34.15656],[134.53108,34.15699],[134.53268,34.15752],[134.53364,34.15794],[134.53469,34.15832],[134.53616,34.15932],[134.53721,34.16046],[134.53763,34.16131],[134.53865,34.16152],[134.53974,34.1617],[134.54057,34.162]]}},{"type":"Feature","properties":{"_color":"#3388ff","_opacity":1,"_weight":3},"geometry":{"type":"LineString","coordinates":[[134.53644,34.15832],[134.53897,34.15853],[134.54089,34.15837],[134.5446,34.15845],[134.54735,34.15869],[134.54905,34.15914],[134.5508,34.15953],[134.5525,34.16046],[134.55397,34.16118],[134.55544,34.16128],[134.55906,34.16104],[134.56181,34.16099],[134.5644,34.1612],[134.56676,34.16152],[134.56926,34.16179],[134.57028,34.16202],[134.5715,34.16226],[134.57255,34.16194],[134.57412,34.16186],[134.57866,34.16215],[134.58144,34.16247],[134.5848,34.16255],[134.58758,34.16276],[134.59232,34.16398],[134.59743,34.16546]]}},{"type":"Feature","properties":{"_color":"#3388ff","_opacity":1,"_weight":3},"geometry":{"type":"LineString","coordinates":[[134.60512,34.16652],[134.61523,34.168],[134.62303,34.16959],[134.63123,34.17054],[134.63801,34.17044]]}},{"type":"Feature","properties":{"_color":"#3388ff","_opacity":1,"_weight":3},"geometry":{"type":"LineString","coordinates":[[134.5419,34.1626],[134.54868,34.16419],[134.55533,34.16662],[134.5634,34.16811],[134.56979,34.16885],[134.58106,34.1698],[134.58771,34.17139],[134.59731,34.17372],[134.60781,34.17594],[134.62176,34.17764],[134.63007,34.17743],[134.63583,34.17806],[134.64159,34.17838]]}},{"type":"Feature","properties":{"_color":"#3388ff","_opacity":1,"_weight":3},"geometry":{"type":"LineString","coordinates":[[134.509,34.16006],[134.51156,34.15858],[134.51579,34.15709],[134.51924,34.15625],[134.5218,34.15545]]}},{"type":"Feature","properties":{"_color":"#3388ff","_opacity":1,"_weight":3},"geometry":{"type":"LineString","coordinates":[[134.42531,34.13867],[134.42678,34.13777],[134.42806,34.13724]]}},{"type":"Feature","properties":{"_color":"#3388ff","_opacity":1,"_weight":3},"geometry":{"type":"LineString","coordinates":[[134.4287,34.13851],[134.43254,34.13883]]}},{"type":"Feature","properties":{"_color":"#3388ff","_opacity":1,"_weight":3},"geometry":{"type":"LineString","coordinates":[[134.42236,34.13337],[134.42575,34.133],[134.42774,34.13316],[134.42902,34.13401],[134.42972,34.13496],[134.43023,34.13586],[134.43164,34.13623]]}},{"type":"Feature","properties":{"_color":"#3388ff","_opacity":1,"_weight":3},"geometry":{"type":"LineString","coordinates":[[132.63749,33.70668],[132.65291,33.71484],[132.66625,33.72069]]}},{"type":"Feature","properties":{"_color":"#3388ff","_opacity":1,"_weight":3},"geometry":{"type":"LineString","coordinates":[[132.64803,33.71661],[132.67333,33.73648]]}},{"type":"Feature","properties":{"_color":"#3388ff","_opacity":1,"_weight":3},"geometry":{"type":"LineString","coordinates":[[131.50755,33.33083],[131.51083,33.3301]]}},{"type":"Feature","properties":{"_color":"#3388ff","_opacity":1,"_weight":3},"geometry":{"type":"LineString","coordinates":[[131.32654,33.23992],[131.33579,33.23956],[131.33916,33.24038],[131.34341,33.24229]]}},{"type":"Feature","properties":{"_color":"#3388ff","_opacity":1,"_weight":3},"geometry":{"type":"LineString","coordinates":[[131.33176,33.23455],[131.33535,33.23391],[131.33938,33.23546]]}},{"type":"Feature","properties":{"_color":"#3388ff","_opacity":1,"_weight":3},"geometry":{"type":"LineString","coordinates":[[131.3457,33.23665],[131.34896,33.23683],[131.35321,33.23801]]}},{"type":"Feature","properties":{"_color":"#3388ff","_opacity":1,"_weight":3},"geometry":{"type":"LineString","coordinates":[[131.32784,33.23464],[131.3323,33.23228],[131.33655,33.23182],[131.34199,33.23182],[131.34864,33.233],[131.3531,33.23355]]}},{"type":"Feature","properties":{"_color":"#3388ff","_opacity":1,"_weight":3},"geometry":{"type":"LineString","coordinates":[[131.33916,33.22372],[131.34232,33.23082]]}},{"type":"Feature","properties":{"_color":"#3388ff","_opacity":1,"_weight":3},"geometry":{"type":"LineString","coordinates":[[131.34199,33.22991],[131.34929,33.22927],[131.35223,33.22936],[131.35756,33.23027],[131.36344,33.23027]]}},{"type":"Feature","properties":{"_color":"#3388ff","_opacity":1,"_weight":3},"geometry":{"type":"LineString","coordinates":[[131.34319,33.22772],[131.34777,33.22672],[131.35212,33.22672],[131.35484,33.22754]]}},{"type":"Feature","properties":{"_color":"#3388ff","_opacity":1,"_weight":3},"geometry":{"type":"LineString","coordinates":[[131.34287,33.21689],[131.34591,33.21935],[131.3482,33.22208],[131.35201,33.22426],[131.35647,33.22699]]}},{"type":"Feature","properties":{"_color":"#3388ff","_opacity":1,"_weight":3},"geometry":{"type":"LineString","coordinates":[[131.35898,33.24047],[131.36105,33.24475],[131.36377,33.24867]]}},{"type":"Feature","properties":{"_color":"#3388ff","_opacity":1,"_weight":3},"geometry":{"type":"LineString","coordinates":[[131.3408,33.24247],[131.34254,33.24621],[131.34515,33.24848],[131.34896,33.24994],[131.35288,33.25194],[131.35854,33.2554],[131.36246,33.25695],[131.36562,33.25695]]}},{"type":"Feature","properties":{"_color":"#3388ff","_opacity":1,"_weight":3},"geometry":{"type":"LineString","coordinates":[[131.35626,33.25176],[131.36083,33.25203],[131.36649,33.25395],[131.37052,33.25476],[131.37302,33.25504],[131.37912,33.25731],[131.38271,33.25813],[131.39273,33.26296],[131.39959,33.26596],[131.40449,33.2676],[131.40819,33.26806],[131.41178,33.26933],[131.42049,33.27389],[131.42376,33.27489],[131.42888,33.27507],[131.43225,33.27507]]}},{"type":"Feature","properties":{"_color":"#3388ff","_opacity":1,"_weight":3},"geometry":{"type":"LineString","coordinates":[[131.4071,33.26888],[131.41167,33.27243]]}},{"type":"Feature","properties":{"_color":"#3388ff","_opacity":1,"_weight":3},"geometry":{"type":"LineString","coordinates":[[131.37346,33.24147],[131.38173,33.2412],[131.38609,33.24029],[131.38914,33.23929]]}},{"type":"Feature","properties":{"_color":"#3388ff","_opacity":1,"_weight":3},"geometry":{"type":"LineString","coordinates":[[131.37498,33.23373],[131.38435,33.23364]]}},{"type":"Feature","properties":{"_color":"#3388ff","_opacity":1,"_weight":3},"geometry":{"type":"LineString","coordinates":[[131.39099,33.23519],[131.39915,33.23328],[131.40841,33.23246],[131.41472,33.23064],[131.41875,33.22982],[131.42212,33.22945]]}},{"type":"Feature","properties":{"_color":"#3388ff","_opacity":1,"_weight":3},"geometry":{"type":"LineString","coordinates":[[131.40394,33.24302],[131.40971,33.24184],[131.41494,33.23974],[131.41853,33.23874]]}},{"type":"Feature","properties":{"_color":"#3388ff","_opacity":1,"_weight":3},"geometry":{"type":"LineString","coordinates":[[131.44303,33.26924],[131.44771,33.26697],[131.45163,33.26587]]}},{"type":"Feature","properties":{"_color":"#3388ff","_opacity":1,"_weight":3},"geometry":{"type":"LineString","coordinates":[[131.45272,33.26314],[131.45892,33.26223],[131.46273,33.26105],[131.47046,33.26087]]}},{"type":"Feature","properties":{"_color":"#3388ff","_opacity":1,"_weight":3},"geometry":{"type":"LineString","coordinates":[[131.45424,33.25859],[131.4599,33.25786],[131.46513,33.25604],[131.47155,33.25613]]}},{"type":"Feature","properties":{"_color":"#3388ff","_opacity":1,"_weight":3},"geometry":{"type":"LineString","coordinates":[[131.44902,33.24903],[131.45587,33.24921],[131.46132,33.25094]]}},{"type":"Feature","properties":{"_color":"#3388ff","_opacity":1,"_weight":3},"geometry":{"type":"LineString","coordinates":[[131.45402,33.24357],[131.46513,33.24784],[131.47384,33.25039]]}},{"type":"Feature","properties":{"_color":"#3388ff","_opacity":1,"_weight":3},"geometry":{"type":"LineString","coordinates":[[131.47144,33.24502],[131.47885,33.24894],[131.48407,33.24994]]}},{"type":"Feature","properties":{"_color":"#3388ff","_opacity":1,"_weight":3},"geometry":{"type":"LineString","coordinates":[[131.46981,33.2524],[131.47678,33.25258],[131.48146,33.25158],[131.48756,33.25094],[131.48984,33.25121],[131.49627,33.25276]]}},{"type":"Feature","properties":{"_color":"#3388ff","_opacity":1,"_weight":3},"geometry":{"type":"LineString","coordinates":[[139.85878,35.10343],[139.86731,35.10548],[139.87549,35.1087],[139.88082,35.11105],[139.889,35.11105]]}},{"type":"Feature","properties":{"_color":"#3388ff","_opacity":1,"_weight":3},"geometry":{"type":"LineString","coordinates":[[139.82613,35.07473],[139.83963,35.08001],[139.85207,35.08412],[139.86095,35.08559],[139.88407,35.08619],[139.90149,35.08591],[139.90541,35.08503],[139.90967,35.08562],[139.91607,35.08796],[139.9214,35.09118],[139.92673,35.09265]]}},{"type":"Feature","properties":{"_color":"#3388ff","_opacity":1,"_weight":3},"geometry":{"type":"LineString","coordinates":[[139.95341,35.09178],[139.96479,35.09002],[139.97582,35.08739],[139.98186,35.08739],[139.99111,35.08797],[139.99751,35.08739],[140.00178,35.0868]]}},{"type":"Feature","properties":{"_color":"#3388ff","_opacity":1,"_weight":3},"geometry":{"type":"LineString","coordinates":[[139.91147,35.071],[139.91859,35.0672],[139.92215,35.06633],[139.92712,35.06662],[139.9353,35.06779],[139.94134,35.06779],[139.94383,35.0675],[139.95308,35.06487],[139.95877,35.0637],[139.97086,35.06107],[139.98224,35.05873],[139.99326,35.05698]]}},{"type":"Feature","properties":{"_color":"#3388ff","_opacity":1,"_weight":3},"geometry":{"type":"LineString","coordinates":[[140.05619,35.07508],[140.07681,35.06892]]}},{"type":"Feature","properties":{"_color":"#3388ff","_opacity":1,"_weight":3},"geometry":{"type":"LineString","coordinates":[[140.0096,35.0827],[140.02703,35.08416],[140.03272,35.08562],[140.03556,35.0862],[140.04054,35.0862],[140.04552,35.08824],[140.0505,35.08882],[140.05975,35.08823],[140.07184,35.08618],[140.0882,35.08411],[140.09922,35.08352]]}},{"type":"Feature","properties":{"_color":"#3388ff","_opacity":1,"_weight":3},"geometry":{"type":"LineString","coordinates":[[139.27581,35.84166],[139.28013,35.83698]]}},{"type":"Feature","properties":{"_color":"#3388ff","_opacity":1,"_weight":3},"geometry":{"type":"LineString","coordinates":[[139.29206,35.82174],[139.29865,35.81312],[139.30601,35.80463],[139.31335,35.79561],[139.32211,35.78977],[139.32871,35.78752],[139.33545,35.78652],[139.34803,35.7789],[139.34956,35.77577],[139.35554,35.7709],[139.36183,35.7654],[139.36367,35.76103],[139.38038,35.74715],[139.38838,35.73739],[139.39627,35.7292],[139.40354,35.7214],[139.40845,35.71565],[139.41348,35.70754],[139.41742,35.70228],[139.42209,35.69539],[139.42455,35.68876],[139.43175,35.68088],[139.43405,35.6785],[139.43712,35.66298]]}},{"type":"Feature","properties":{"_color":"#3388ff","_opacity":1,"_weight":3},"geometry":{"type":"LineString","coordinates":[[139.29481,35.83216],[139.28544,35.83788]]}},{"type":"Feature","properties":{"_color":"#3388ff","_opacity":1,"_weight":3},"geometry":{"type":"LineString","coordinates":[[139.27841,35.8436],[139.26025,35.85171],[139.23271,35.86459],[139.20049,35.87603],[139.19053,35.87794]]}},{"type":"Feature","properties":{"_color":"#3388ff","_opacity":1,"_weight":3},"geometry":{"type":"LineString","coordinates":[[139.26845,35.95895],[139.26493,35.98657],[139.26142,36.0099]]}},{"type":"Feature","properties":{"_color":"#3388ff","_opacity":1,"_weight":3},"geometry":{"type":"LineString","coordinates":[[139.29071,35.97181],[139.29598,35.95323],[139.29599,35.93465]]}},{"type":"Feature","properties":{"_color":"#3388ff","_opacity":1,"_weight":3},"geometry":{"type":"LineString","coordinates":[[139.31004,35.89034],[139.3077,35.9175],[139.30946,35.9337]]}},{"type":"Feature","properties":{"_color":"#3388ff","_opacity":1,"_weight":3},"geometry":{"type":"LineString","coordinates":[[139.42852,36.23434],[139.42619,36.2436],[139.42683,36.24308],[139.42704,36.24874],[139.42937,36.25508],[139.42903,36.26113],[139.42505,36.28704],[139.41849,36.30233],[139.40339,36.31616],[139.39285,36.32613],[139.38351,36.33418],[139.3733,36.3527],[139.35398,36.36857],[139.34091,36.3802]]}},{"type":"Feature","properties":{"_color":"#3388ff","_opacity":1,"_weight":3},"geometry":{"type":"LineString","coordinates":[[139.3067,36.43478],[139.28757,36.43291],[139.27558,36.43612],[139.24595,36.44082],[139.22088,36.44975],[139.2085,36.44968]]}},{"type":"Feature","properties":{"_color":"#3388ff","_opacity":1,"_weight":3},"geometry":{"type":"LineString","coordinates":[[139.49822,36.62882],[139.4992,36.64256],[139.50803,36.66684],[139.51448,36.67675]]}},{"type":"Feature","properties":{"_color":"#3388ff","_opacity":1,"_weight":3},"geometry":{"type":"LineString","coordinates":[[139.45062,36.61018],[139.46878,36.64607],[139.47822,36.66421],[139.48773,36.67583],[139.5146,36.70038]]}},{"type":"Feature","properties":{"_color":"#3388ff","_opacity":1,"_weight":3},"geometry":{"type":"LineString","coordinates":[[139.22185,36.70448],[139.22079,36.71317],[139.22097,36.71874],[139.22502,36.72578],[139.22967,36.72868],[139.23306,36.73208],[139.23497,36.73753],[139.23581,36.74366],[139.23391,36.74929]]}},{"type":"Feature","properties":{"_color":"#3388ff","_opacity":1,"_weight":3},"geometry":{"type":"LineString","coordinates":[[139.22576,36.70031],[139.22968,36.70687],[139.22989,36.71164],[139.23412,36.71828],[139.23678,36.72628],[139.2411,36.73583],[139.24364,36.74554],[139.24791,36.75127],[139.25057,36.76013],[139.25097,36.76797],[139.25852,36.77468],[139.2627,36.77996],[139.26582,36.78875]]}},{"type":"Feature","properties":{"_color":"#3388ff","_opacity":1,"_weight":3},"geometry":{"type":"LineString","coordinates":[[139.70789,35.23896],[139.71437,35.23778],[139.71942,35.23572],[139.7241,35.23425]]}},{"type":"Feature","properties":{"_color":"#3388ff","_opacity":1,"_weight":3},"geometry":{"type":"LineString","coordinates":[[139.59126,35.26833],[139.60783,35.26864]]}},{"type":"Feature","properties":{"_color":"#3388ff","_opacity":1,"_weight":3},"geometry":{"type":"LineString","coordinates":[[139.59004,35.26331],[139.59941,35.26421]]}},{"type":"Feature","properties":{"_color":"#3388ff","_opacity":1,"_weight":3},"geometry":{"type":"LineString","coordinates":[[139.58574,35.25889],[139.60627,35.25951]]}},{"type":"Feature","properties":{"_color":"#3388ff","_opacity":1,"_weight":3},"geometry":{"type":"LineString","coordinates":[[139.60313,35.27305],[139.61286,35.27335],[139.61682,35.27306]]}},{"type":"Feature","properties":{"_color":"#3388ff","_opacity":1,"_weight":3},"geometry":{"type":"LineString","coordinates":[[139.6255,35.26571],[139.63449,35.27014]]}},{"type":"Feature","properties":{"_color":"#3388ff","_opacity":1,"_weight":3},"geometry":{"type":"LineString","coordinates":[[139.63595,35.26395],[139.64639,35.26867]]}},{"type":"Feature","properties":{"_color":"#3388ff","_opacity":1,"_weight":3},"geometry":{"type":"LineString","coordinates":[[139.64554,35.25485],[139.65275,35.25279]]}},{"type":"Feature","properties":{"_color":"#3388ff","_opacity":1,"_weight":3},"geometry":{"type":"LineString","coordinates":[[139.65995,35.25219],[139.66719,35.241]]}},{"type":"Feature","properties":{"_color":"#3388ff","_opacity":1,"_weight":3},"geometry":{"type":"LineString","coordinates":[[139.67331,35.24101],[139.68158,35.24631]]}},{"type":"Feature","properties":{"_color":"#3388ff","_opacity":1,"_weight":3},"geometry":{"type":"LineString","coordinates":[[139.70072,35.22424],[139.71153,35.22188]]}},{"type":"Feature","properties":{"_color":"#3388ff","_opacity":1,"_weight":3},"geometry":{"type":"LineString","coordinates":[[139.67381,35.22998],[139.68283,35.22674]]}},{"type":"Feature","properties":{"_color":"#3388ff","_opacity":1,"_weight":3},"geometry":{"type":"LineString","coordinates":[[139.64451,35.23834],[139.6492,35.23569],[139.65785,35.23275],[139.66921,35.22829],[139.67852,35.22477],[139.68665,35.2225],[139.69025,35.22159]]}},{"type":"Feature","properties":{"_color":"#3388ff","_opacity":1,"_weight":3},"geometry":{"type":"LineString","coordinates":[[139.70017,35.21776],[139.70954,35.21599]]}},{"type":"Feature","properties":{"_color":"#3388ff","_opacity":1,"_weight":3},"geometry":{"type":"LineString","coordinates":[[139.59274,35.24678],[139.60138,35.24797],[139.6093,35.24739],[139.61903,35.24504]]}},{"type":"Feature","properties":{"_color":"#3388ff","_opacity":1,"_weight":3},"geometry":{"type":"LineString","coordinates":[[139.6133,35.24099],[139.62411,35.23864]]}},{"type":"Feature","properties":{"_color":"#3388ff","_opacity":1,"_weight":3},"geometry":{"type":"LineString","coordinates":[[139.63593,35.22895],[139.64364,35.22823]]}},{"type":"Feature","properties":{"_color":"#3388ff","_opacity":1,"_weight":3},"geometry":{"type":"LineString","coordinates":[[139.6813,35.21481],[139.69354,35.21511]]}},{"type":"Feature","properties":{"_color":"#3388ff","_opacity":1,"_weight":3},"geometry":{"type":"LineString","coordinates":[[139.6903,35.21393],[139.69391,35.21275]]}},{"type":"Feature","properties":{"_color":"#3388ff","_opacity":1,"_weight":3},"geometry":{"type":"LineString","coordinates":[[139.60312,35.23615],[139.60707,35.23385],[139.61236,35.23272],[139.61858,35.23141],[139.62254,35.23082]]}},{"type":"Feature","properties":{"_color":"#3388ff","_opacity":1,"_weight":3},"geometry":{"type":"LineString","coordinates":[[139.66872,35.20773],[139.67556,35.20774]]}},{"type":"Feature","properties":{"_color":"#3388ff","_opacity":1,"_weight":3},"geometry":{"type":"LineString","coordinates":[[139.68284,35.17859],[139.69258,35.17123]]}},{"type":"Feature","properties":{"_color":"#3388ff","_opacity":1,"_weight":3},"geometry":{"type":"LineString","coordinates":[[139.573,35.26997],[139.5784,35.27058],[139.58159,35.27058],[139.58503,35.27059],[139.58675,35.27039]]}},{"type":"Feature","properties":{"_color":"#3388ff","_opacity":1,"_weight":3},"geometry":{"type":"LineString","coordinates":[[139.6932,35.21942],[139.69885,35.21681]]}},{"type":"Feature","properties":{"_color":"#3388ff","_opacity":1,"_weight":3},"geometry":{"type":"LineString","coordinates":[[139.65058,35.16146],[139.65545,35.15917],[139.65782,35.15797],[139.66012,35.15744],[139.66419,35.15678],[139.66825,35.15652],[139.67005,35.1569],[139.67281,35.1586]]}},{"type":"Feature","properties":{"_color":"#3388ff","_opacity":1,"_weight":3},"geometry":{"type":"LineString","coordinates":[[139.59952,35.24049],[139.60456,35.24],[139.60812,35.2394],[139.61205,35.2385],[139.61769,35.2379]]}},{"type":"Feature","properties":{"_color":"#3388ff","_opacity":1,"_weight":3},"geometry":{"type":"LineString","coordinates":[[139.6163,35.23654],[139.61949,35.23595],[139.62244,35.23515],[139.62428,35.23414]]}},{"type":"Feature","properties":{"_color":"#3388ff","_opacity":1,"_weight":3},"geometry":{"type":"LineString","coordinates":[[139.70839,35.21123],[139.70102,35.21424],[139.69488,35.21665],[139.68776,35.21946],[139.68285,35.22126],[139.67953,35.22266],[139.67708,35.22307],[139.67266,35.22357],[139.6675,35.22527],[139.66346,35.22713],[139.65637,35.23027],[139.65313,35.23118],[139.64851,35.23291],[139.64355,35.23408],[139.63509,35.23656],[139.63256,35.23804],[139.62861,35.23933],[139.62202,35.24162]]}},{"type":"Feature","properties":{"_color":"#3388ff","_opacity":1,"_weight":3},"geometry":{"type":"LineString","coordinates":[[139.62543,35.23562],[139.62857,35.23538],[139.63127,35.23488],[139.63299,35.23428],[139.63612,35.23307],[139.63869,35.23156],[139.64084,35.23043],[139.64319,35.22957],[139.64553,35.22877],[139.64872,35.22797]]}},{"type":"Feature","properties":{"_color":"#3388ff","_opacity":1,"_weight":3},"geometry":{"type":"LineString","coordinates":[[139.60289,35.23734],[139.60831,35.23671],[139.61334,35.23582],[139.61703,35.23512],[139.61998,35.23402],[139.62378,35.23221],[139.62808,35.23041],[139.63103,35.22889],[139.63336,35.22694],[139.63547,35.22458],[139.63858,35.22253]]}},{"type":"Feature","properties":{"_color":"#3388ff","_opacity":1,"_weight":3},"geometry":{"type":"LineString","coordinates":[[139.64198,35.21859],[139.64604,35.21618],[139.65083,35.21388],[139.65783,35.21037],[139.66262,35.20826],[139.66664,35.20624],[139.67013,35.20506],[139.67391,35.20456],[139.67514,35.20466]]}},{"type":"Feature","properties":{"_color":"#3388ff","_opacity":1,"_weight":3},"geometry":{"type":"LineString","coordinates":[[139.63817,35.25872],[139.64211,35.25641],[139.64543,35.25421],[139.64912,35.2515],[139.65293,35.2492],[139.65699,35.24699],[139.66092,35.24378],[139.66523,35.24088],[139.67199,35.23667],[139.67727,35.23366],[139.68305,35.22944],[139.68539,35.22664],[139.68822,35.22423],[139.69178,35.22252],[139.69583,35.22182],[139.70184,35.22052],[139.70577,35.22002],[139.70933,35.21932]]}},{"type":"Feature","properties":{"_color":"#3388ff","_opacity":1,"_weight":3},"geometry":{"type":"LineString","coordinates":[[139.68168,35.2308],[139.6826,35.23045],[139.68401,35.23014],[139.68496,35.23003],[139.68649,35.22965],[139.68884,35.2291],[139.69027,35.22886],[139.69446,35.22845]]}},{"type":"Feature","properties":{"_color":"#3388ff","_opacity":1,"_weight":3},"geometry":{"type":"LineString","coordinates":[[139.62014,35.18345],[139.62444,35.18175],[139.62861,35.18085],[139.63315,35.17955],[139.63769,35.17754],[139.64138,35.17584],[139.64616,35.17424],[139.64984,35.17344],[139.65426,35.17224],[139.65868,35.17184]]}},{"type":"Feature","properties":{"_color":"#3388ff","_opacity":1,"_weight":3},"geometry":{"type":"LineString","coordinates":[[139.66279,35.22278],[139.66862,35.2204]]}},{"type":"Feature","properties":{"_color":"#3388ff","_opacity":1,"_weight":3},"geometry":{"type":"LineString","coordinates":[[139.67227,35.21862],[139.677,35.21743],[139.68337,35.21713]]}},{"type":"Feature","properties":{"_color":"#3388ff","_opacity":1,"_weight":3},"geometry":{"type":"LineString","coordinates":[[139.66151,35.22427],[139.67062,35.22219]]}},{"type":"Feature","properties":{"_color":"#3388ff","_opacity":1,"_weight":3},"geometry":{"type":"LineString","coordinates":[[139.67481,35.22115],[139.68391,35.21936]]}},{"type":"Feature","properties":{"_color":"#3388ff","_opacity":1,"_weight":3},"geometry":{"type":"LineString","coordinates":[[139.63008,35.2622],[139.63264,35.26042],[139.63447,35.25819],[139.63684,35.25566],[139.64031,35.25298]]}},{"type":"Feature","properties":{"_color":"#3388ff","_opacity":1,"_weight":3},"geometry":{"type":"LineString","coordinates":[[139.64268,35.25194],[139.64469,35.25016],[139.64706,35.24793],[139.64943,35.24674],[139.6529,35.24495],[139.65672,35.24406],[139.658,35.24376]]}},{"type":"Feature","properties":{"_color":"#3388ff","_opacity":1,"_weight":3},"geometry":{"type":"LineString","coordinates":[[139.61879,35.26398],[139.62316,35.2616],[139.62626,35.25997],[139.63046,35.25744]]}},{"type":"Feature","properties":{"_color":"#3388ff","_opacity":1,"_weight":3},"geometry":{"type":"LineString","coordinates":[[139.61914,35.26696],[139.62371,35.26309],[139.62626,35.26175],[139.62808,35.26056],[139.63228,35.25744]]}},{"type":"Feature","properties":{"_color":"#3388ff","_opacity":1,"_weight":3},"geometry":{"type":"LineString","coordinates":[[139.24464,35.51534],[139.26655,35.49913]]}},{"type":"Feature","properties":{"_color":"#3388ff","_opacity":1,"_weight":3},"geometry":{"type":"LineString","coordinates":[[139.23471,35.5194],[139.25662,35.50319],[139.27099,35.49095]]}},{"type":"Feature","properties":{"_color":"#3388ff","_opacity":1,"_weight":3},"geometry":{"type":"LineString","coordinates":[[139.26957,35.49712],[139.27708,35.48596],[139.28172,35.48019],[139.28532,35.47591],[139.28749,35.47103],[139.2886,35.46558],[139.29077,35.46013],[139.2969,35.45039],[139.30231,35.44123],[139.30196,35.4395],[139.30054,35.43747],[139.30057,35.43316],[139.30132,35.42625],[139.3024,35.42396],[139.30244,35.41763],[139.30244,35.41648],[139.30352,35.41505],[139.30361,35.41372],[139.30319,35.40958],[139.30269,35.40807],[139.30251,35.40468],[139.30323,35.40238],[139.30391,35.39985],[139.30353,35.39771],[139.30177,35.39546],[139.30023,35.39351],[139.30054,35.38974],[139.29947,35.38265],[139.29886,35.37442],[139.29986,35.36666]]}},{"type":"Feature","properties":{"_color":"#3388ff","_opacity":1,"_weight":3},"geometry":{"type":"LineString","coordinates":[[139.31358,35.43749],[139.31032,35.44466],[139.31067,35.44726],[139.31208,35.45043],[139.31277,35.45447],[139.31417,35.46053],[139.31592,35.46831]]}},{"type":"Feature","properties":{"_color":"#3388ff","_opacity":1,"_weight":3},"geometry":{"type":"LineString","coordinates":[[139.26659,35.55209],[139.277,35.547],[139.2885,35.53789]]}},{"type":"Feature","properties":{"_color":"#3388ff","_opacity":1,"_weight":3},"geometry":{"type":"LineString","coordinates":[[139.25739,35.53646],[139.2635,35.53105],[139.26924,35.52765],[139.27606,35.52455]]}},{"type":"Feature","properties":{"_color":"#3388ff","_opacity":1,"_weight":3},"geometry":{"type":"LineString","coordinates":[[138.51779,35.56612],[138.52209,35.56599],[138.52518,35.56599],[138.52876,35.56587],[138.52971,35.56561],[138.5313,35.56509],[138.53249,35.56502],[138.53527,35.56463],[138.53694,35.56464],[138.53821,35.56464]]}},{"type":"Feature","properties":{"_color":"#3388ff","_opacity":1,"_weight":3},"geometry":{"type":"LineString","coordinates":[[138.53449,35.57179],[138.536,35.57303],[138.53743,35.57413],[138.53806,35.57479]]}},{"type":"Feature","properties":{"_color":"#3388ff","_opacity":1,"_weight":3},"geometry":{"type":"LineString","coordinates":[[138.5286,35.56795],[138.53099,35.5684],[138.53242,35.56847],[138.53432,35.56867],[138.53552,35.56867]]}},{"type":"Feature","properties":{"_color":"#3388ff","_opacity":1,"_weight":3},"geometry":{"type":"LineString","coordinates":[[138.53194,35.56697],[138.53369,35.56717],[138.5348,35.56756],[138.53591,35.56834],[138.53663,35.56912],[138.53838,35.57082],[138.54005,35.57245],[138.54196,35.57407],[138.54474,35.57668],[138.54697,35.5787]]}},{"type":"Feature","properties":{"_color":"#3388ff","_opacity":1,"_weight":3},"geometry":{"type":"LineString","coordinates":[[138.54028,35.5673],[138.54179,35.56783],[138.54338,35.56828],[138.54481,35.56874],[138.54569,35.56887]]}},{"type":"Feature","properties":{"_color":"#3388ff","_opacity":1,"_weight":3},"geometry":{"type":"LineString","coordinates":[[138.54823,35.56959],[138.55014,35.56991],[138.55141,35.5703],[138.5522,35.57044]]}},{"type":"Feature","properties":{"_color":"#3388ff","_opacity":1,"_weight":3},"geometry":{"type":"LineString","coordinates":[[138.55594,35.57408],[138.55817,35.5748],[138.5604,35.57571],[138.56191,35.57682],[138.56286,35.57792],[138.56374,35.57948]]}},{"type":"Feature","properties":{"_color":"#3388ff","_opacity":1,"_weight":3},"geometry":{"type":"LineString","coordinates":[[138.5615,35.56927],[138.56389,35.57135],[138.56588,35.57285],[138.56723,35.57454],[138.56898,35.57636]]}},{"type":"Feature","properties":{"_color":"#3388ff","_opacity":1,"_weight":3},"geometry":{"type":"LineString","coordinates":[[138.55927,35.56504],[138.56293,35.56647],[138.56523,35.56764],[138.56722,35.56901],[138.56897,35.57031],[138.57032,35.57181],[138.57184,35.57376]]}},{"type":"Feature","properties":{"_color":"#3388ff","_opacity":1,"_weight":3},"geometry":{"type":"LineString","coordinates":[[138.59523,35.5888],[138.59634,35.58997],[138.59794,35.59134],[138.59992,35.5929]]}},{"type":"Feature","properties":{"_color":"#3388ff","_opacity":1,"_weight":3},"geometry":{"type":"LineString","coordinates":[[138.63007,35.59954],[138.63221,35.60051],[138.6342,35.60162],[138.63675,35.60279],[138.63834,35.60363],[138.64009,35.60402],[138.64256,35.60396],[138.64526,35.60357],[138.64772,35.60311]]}},{"type":"Feature","properties":{"_color":"#3388ff","_opacity":1,"_weight":3},"geometry":{"type":"LineString","coordinates":[[138.63995,35.61365],[138.64171,35.61547],[138.64378,35.61769],[138.64593,35.61996]]}},{"type":"Feature","properties":{"_color":"#3388ff","_opacity":1,"_weight":3},"geometry":{"type":"LineString","coordinates":[[138.64122,35.61209],[138.64266,35.61359]]}},{"type":"Feature","properties":{"_color":"#3388ff","_opacity":1,"_weight":3},"geometry":{"type":"LineString","coordinates":[[138.64464,35.6102],[138.64535,35.61079]]}},{"type":"Feature","properties":{"_color":"#3388ff","_opacity":1,"_weight":3},"geometry":{"type":"LineString","coordinates":[[138.64679,35.61202],[138.64735,35.61248]]}},{"type":"Feature","properties":{"_color":"#3388ff","_opacity":1,"_weight":3},"geometry":{"type":"LineString","coordinates":[[138.6487,35.6145],[138.65134,35.6184]]}},{"type":"Feature","properties":{"_color":"#3388ff","_opacity":1,"_weight":3},"geometry":{"type":"LineString","coordinates":[[138.64694,35.60923],[138.64862,35.61137],[138.65021,35.61365],[138.65165,35.61606]]}},{"type":"Feature","properties":{"_color":"#3388ff","_opacity":1,"_weight":3},"geometry":{"type":"LineString","coordinates":[[138.65245,35.6169],[138.65396,35.61931]]}},{"type":"Feature","properties":{"_color":"#3388ff","_opacity":1,"_weight":3},"geometry":{"type":"LineString","coordinates":[[138.65635,35.62204],[138.65715,35.62269]]}},{"type":"Feature","properties":{"_color":"#3388ff","_opacity":1,"_weight":3},"geometry":{"type":"LineString","coordinates":[[138.6586,35.62855],[138.66059,35.6303],[138.66219,35.63167]]}},{"type":"Feature","properties":{"_color":"#3388ff","_opacity":1,"_weight":3},"geometry":{"type":"LineString","coordinates":[[138.68128,35.63557],[138.68431,35.63726],[138.68853,35.6394],[138.69148,35.64044],[138.69363,35.64096],[138.69609,35.64141]]}},{"type":"Feature","properties":{"_color":"#3388ff","_opacity":1,"_weight":3},"geometry":{"type":"LineString","coordinates":[[138.66561,35.60356],[138.6676,35.6046],[138.66959,35.60512],[138.67229,35.60577],[138.67381,35.60642],[138.67532,35.60733],[138.67564,35.60837],[138.6758,35.60954],[138.67636,35.61091],[138.67772,35.61201],[138.67939,35.61319],[138.68019,35.6139],[138.68059,35.6152],[138.68099,35.61683]]}},{"type":"Feature","properties":{"_color":"#3388ff","_opacity":1,"_weight":3},"geometry":{"type":"LineString","coordinates":[[138.7068,35.63204],[138.70944,35.63451],[138.71175,35.63646],[138.71414,35.6386],[138.71597,35.63964],[138.71749,35.64016]]}},{"type":"Feature","properties":{"_color":"#3388ff","_opacity":1,"_weight":3},"geometry":{"type":"LineString","coordinates":[[138.72259,35.64328],[138.72546,35.64634],[138.72841,35.64783],[138.73223,35.64991],[138.73415,35.65121],[138.73542,35.65238],[138.73686,35.65401]]}},{"type":"Feature","properties":{"_color":"#3388ff","_opacity":1,"_weight":3},"geometry":{"type":"LineString","coordinates":[[138.73207,35.64737],[138.73628,35.64789],[138.74146,35.64841],[138.74647,35.64886],[138.74934,35.64937],[138.75212,35.6495]]}},{"type":"Feature","properties":{"_color":"#3388ff","_opacity":1,"_weight":3},"geometry":{"type":"LineString","coordinates":[[138.73283,35.66045],[138.73355,35.66149],[138.73379,35.66286],[138.73372,35.6652],[138.73317,35.66702],[138.73277,35.66833],[138.73246,35.66943]]}},{"type":"Feature","properties":{"_color":"#3388ff","_opacity":1,"_weight":3},"geometry":{"type":"LineString","coordinates":[[138.73222,35.6706],[138.73438,35.67379],[138.73607,35.67691],[138.73703,35.6788],[138.73815,35.68133],[138.73887,35.68348],[138.73968,35.68576],[138.74032,35.68777]]}},{"type":"Feature","properties":{"_color":"#3388ff","_opacity":1,"_weight":3},"geometry":{"type":"LineString","coordinates":[[138.73761,35.66292],[138.74191,35.66513],[138.74502,35.66766],[138.74806,35.67007],[138.75101,35.67286],[138.75261,35.67449],[138.75333,35.67546]]}},{"type":"Feature","properties":{"_color":"#3388ff","_opacity":1,"_weight":3},"geometry":{"type":"LineString","coordinates":[[138.74786,35.70462],[138.74947,35.70787],[138.75075,35.70962],[138.75354,35.71216],[138.75729,35.71482],[138.76192,35.71755],[138.76559,35.71956],[138.77054,35.72255],[138.77277,35.72365],[138.77477,35.72463]]}},{"type":"Feature","properties":{"_color":"#3388ff","_opacity":1,"_weight":3},"geometry":{"type":"LineString","coordinates":[[138.48839,35.55529],[138.49165,35.55698],[138.49403,35.55796],[138.49665,35.55829],[138.49967,35.55907],[138.50349,35.56038],[138.50563,35.56162],[138.50675,35.56298],[138.5081,35.5652],[138.50953,35.56676],[138.51152,35.56826],[138.51343,35.56937],[138.51525,35.56982],[138.51796,35.57035],[138.52074,35.57041],[138.52384,35.57068],[138.5259,35.57107],[138.52805,35.57179],[138.53044,35.57309],[138.53473,35.57602],[138.53807,35.57843],[138.53982,35.57941],[138.54165,35.58025],[138.54379,35.58084],[138.54618,35.58104],[138.54896,35.58123],[138.55174,35.58176],[138.55405,35.58247],[138.55635,35.58312],[138.55929,35.58397],[138.5624,35.58482],[138.56534,35.58645],[138.56757,35.58781],[138.56971,35.58918],[138.5717,35.5897],[138.57432,35.59042],[138.57727,35.59101],[138.57949,35.59172],[138.58196,35.59283],[138.58395,35.59426],[138.58658,35.59589],[138.58833,35.59764],[138.59064,35.5996],[138.59263,35.6011],[138.59477,35.60246],[138.59629,35.60318],[138.59756,35.60383],[138.59891,35.605],[138.59995,35.60598],[138.60114,35.60708]]}},{"type":"Feature","properties":{"_color":"#3388ff","_opacity":1,"_weight":3},"geometry":{"type":"LineString","coordinates":[[138.59468,35.59667],[138.59795,35.59836],[138.60113,35.60045],[138.60336,35.60168],[138.60479,35.60233],[138.60622,35.60272],[138.60789,35.60279],[138.60988,35.60272],[138.61179,35.60233],[138.61409,35.60142],[138.61592,35.60077],[138.61743,35.60051],[138.61997,35.60071],[138.62124,35.60116],[138.62236,35.60233],[138.62316,35.6035],[138.62507,35.60448],[138.6269,35.60526],[138.62889,35.60578],[138.63111,35.60624]]}},{"type":"Feature","properties":{"_color":"#3388ff","_opacity":1,"_weight":3},"geometry":{"type":"LineString","coordinates":[[138.44438,35.30859],[138.44258,35.31356],[138.44045,35.31752],[138.43733,35.32196],[138.43356,35.32531],[138.42766,35.33015],[138.42422,35.33458],[138.42209,35.33968],[138.42111,35.34828],[138.42094,35.35512],[138.42226,35.36828],[138.4234,35.37955]]}},{"type":"Feature","properties":{"_color":"#3388ff","_opacity":1,"_weight":3},"geometry":{"type":"LineString","coordinates":[[138.53255,35.22399],[138.51846,35.23219],[138.4933,35.24389],[138.47421,35.25316],[138.46241,35.26082],[138.45675,35.26559],[138.45184,35.27175],[138.4484,35.27769],[138.44651,35.283],[138.44577,35.28831],[138.44642,35.29337],[138.44676,35.29657],[138.44676,35.29966],[138.44692,35.30564],[138.44569,35.31007]]}},{"type":"Feature","properties":{"_color":"#3388ff","_opacity":1,"_weight":3},"geometry":{"type":"LineString","coordinates":[[138.45085,35.29415],[138.4493,35.29791],[138.44856,35.30335],[138.44831,35.30805]]}},{"type":"Feature","properties":{"_color":"#3388ff","_opacity":1,"_weight":3},"geometry":{"type":"LineString","coordinates":[[139.00157,35.1733],[139.00353,35.16869],[139.00475,35.16558],[139.00595,35.16222],[139.00656,35.15897]]}},{"type":"Feature","properties":{"_color":"#3388ff","_opacity":1,"_weight":3},"geometry":{"type":"LineString","coordinates":[[139.00898,35.16484],[139.00898,35.16048],[139.00958,35.15736],[139.01049,35.15487],[139.01306,35.15213],[139.01382,35.15001],[139.01412,35.14802]]}},{"type":"Feature","properties":{"_color":"#3388ff","_opacity":1,"_weight":3},"geometry":{"type":"LineString","coordinates":[[139.01865,35.16424],[139.02031,35.15739],[139.02228,35.15178],[139.02348,35.14629]]}},{"type":"Feature","properties":{"_color":"#3388ff","_opacity":1,"_weight":3},"geometry":{"type":"LineString","coordinates":[[139.00625,35.1501],[139.00806,35.14673],[139.00972,35.14375]]}},{"type":"Feature","properties":{"_color":"#3388ff","_opacity":1,"_weight":3},"geometry":{"type":"LineString","coordinates":[[139.00895,35.14052],[139.01244,35.13485],[139.01328,35.13148],[139.01524,35.12244],[139.01594,35.11247],[139.01612,35.10467],[139.01683,35.10181],[139.01741,35.0998],[139.0193,35.0851],[139.01846,35.07368],[139.01821,35.07045],[139.01898,35.06745],[139.0188,35.06084],[139.01774,35.05859],[139.01744,35.05497],[139.01623,35.05135],[139.01578,35.04511],[139.01578,35.04025],[139.01638,35.03589],[139.01683,35.03202],[139.01834,35.02666],[139.01925,35.02442]]}},{"type":"Feature","properties":{"_color":"#3388ff","_opacity":1,"_weight":3},"geometry":{"type":"LineString","coordinates":[[139.02818,35.04689],[139.02938,35.03853],[139.03059,35.0323],[139.03179,35.02819],[139.03315,35.02582]]}},{"type":"Feature","properties":{"_color":"#3388ff","_opacity":1,"_weight":3},"geometry":{"type":"LineString","coordinates":[[139.00311,35.08537],[139.0081,35.08476],[139.01278,35.08352],[139.01701,35.08228]]}},{"type":"Feature","properties":{"_color":"#3388ff","_opacity":1,"_weight":3},"geometry":{"type":"LineString","coordinates":[[139.01414,35.07853],[139.01611,35.07579],[139.01777,35.07392]]}},{"type":"Feature","properties":{"_color":"#3388ff","_opacity":1,"_weight":3},"geometry":{"type":"LineString","coordinates":[[139.00863,35.07927],[139.01105,35.07453],[139.01331,35.0718],[139.01513,35.0703]]}},{"type":"Feature","properties":{"_color":"#3388ff","_opacity":1,"_weight":3},"geometry":{"type":"LineString","coordinates":[[139.0019,35.07776],[139.00266,35.07252],[139.00387,35.06915],[139.00447,35.06716]]}},{"type":"Feature","properties":{"_color":"#3388ff","_opacity":1,"_weight":3},"geometry":{"type":"LineString","coordinates":[[139.00597,35.06947],[139.00838,35.06649],[139.0108,35.06387]]}},{"type":"Feature","properties":{"_color":"#3388ff","_opacity":1,"_weight":3},"geometry":{"type":"LineString","coordinates":[[139.00281,35.0578],[139.00432,35.05431],[139.00598,35.05232],[139.00749,35.05095]]}},{"type":"Feature","properties":{"_color":"#3388ff","_opacity":1,"_weight":3},"geometry":{"type":"LineString","coordinates":[[139.01534,35.06195],[139.01217,35.05521],[139.01021,35.05121],[139.00825,35.04459],[139.00734,35.04035],[139.00538,35.03585],[139.00191,35.02936]]}},{"type":"Feature","properties":{"_color":"#3388ff","_opacity":1,"_weight":3},"geometry":{"type":"LineString","coordinates":[[139.01397,35.05484],[139.01291,35.0496],[139.01125,35.04473],[139.00929,35.03724],[139.00793,35.032],[139.00717,35.02601],[139.00657,35.01827],[139.00582,35.01253]]}},{"type":"Feature","properties":{"_color":"#3388ff","_opacity":1,"_weight":3},"geometry":{"type":"LineString","coordinates":[[138.99965,35.03742],[138.99921,35.03031],[138.99772,35.02343],[138.99476,35.01751],[138.99135,35.01219]]}},{"type":"Feature","properties":{"_color":"#3388ff","_opacity":1,"_weight":3},"geometry":{"type":"LineString","coordinates":[[138.98873,35.00857],[138.98692,35.00345],[138.9836,34.99646],[138.97953,34.99059],[138.97666,34.98808]]}},{"type":"Feature","properties":{"_color":"#3388ff","_opacity":1,"_weight":3},"geometry":{"type":"LineString","coordinates":[[138.9846,34.99284],[138.9834,34.98586],[138.98249,34.98224],[138.97993,34.97811],[138.97736,34.97449]]}},{"type":"Feature","properties":{"_color":"#3388ff","_opacity":1,"_weight":3},"geometry":{"type":"LineString","coordinates":[[138.97253,34.98475],[138.97103,34.98026],[138.97073,34.97527]]}},{"type":"Feature","properties":{"_color":"#3388ff","_opacity":1,"_weight":3},"geometry":{"type":"LineString","coordinates":[[138.96963,34.9714],[138.96285,34.96677],[138.95682,34.96288]]}},{"type":"Feature","properties":{"_color":"#3388ff","_opacity":1,"_weight":3},"geometry":{"type":"LineString","coordinates":[[138.93718,34.97365],[138.93809,34.96654],[138.93915,34.96118],[138.94021,34.95782]]}},{"type":"Feature","properties":{"_color":"#3388ff","_opacity":1,"_weight":3},"geometry":{"type":"LineString","coordinates":[[139.00895,35.14049],[139.01244,35.1347],[139.01363,35.13],[139.01556,35.11977],[139.01612,35.10483],[139.01675,35.10197],[139.01743,35.09981],[139.01928,35.08515],[139.01846,35.07369],[139.01819,35.07045],[139.01881,35.06793]]}},{"type":"Feature","properties":{"_color":"#3388ff","_opacity":1,"_weight":3},"geometry":{"type":"LineString","coordinates":[[139.01504,35.0622],[139.01096,35.05283],[139.00855,35.04559],[139.00719,35.03998],[139.00545,35.03604],[139.00025,35.02686],[138.99768,35.02199],[138.99738,35.02162]]}},{"type":"Feature","properties":{"_color":"#3388ff","_opacity":1,"_weight":3},"geometry":{"type":"LineString","coordinates":[[139.00702,35.02339],[139.00815,35.03287],[139.00936,35.03855],[139.01087,35.04348],[139.01246,35.04835],[139.01412,35.05353],[139.01608,35.05884]]}},{"type":"Feature","properties":{"_color":"#3388ff","_opacity":1,"_weight":3},"geometry":{"type":"LineString","coordinates":[[138.99844,35.01875],[138.99225,35.01244],[138.98931,35.01012],[138.98501,35.00799]]}},{"type":"Feature","properties":{"_color":"#3388ff","_opacity":1,"_weight":3},"geometry":{"type":"LineString","coordinates":[[139.00153,35.01832],[139.00515,35.01602],[139.00953,35.01335]]}},{"type":"Feature","properties":{"_color":"#3388ff","_opacity":1,"_weight":3},"geometry":{"type":"LineString","coordinates":[[138.987,35.00452],[138.98406,34.99697],[138.98074,34.99191],[138.97599,34.98628]]}},{"type":"Feature","properties":{"_color":"#3388ff","_opacity":1,"_weight":3},"geometry":{"type":"LineString","coordinates":[[138.9714,34.98313],[138.9708,34.97914],[138.97043,34.97496]]}},{"type":"Feature","properties":{"_color":"#3388ff","_opacity":1,"_weight":3},"geometry":{"type":"LineString","coordinates":[[138.96051,34.96538],[138.96926,34.9714]]}},{"type":"Feature","properties":{"_color":"#3388ff","_opacity":1,"_weight":3},"geometry":{"type":"LineString","coordinates":[[138.94964,34.95542],[138.94903,34.94753],[138.94769,34.93802],[138.94623,34.92962],[138.9455,34.92618]]}},{"type":"Feature","properties":{"_color":"#3388ff","_opacity":1,"_weight":3},"geometry":{"type":"LineString","coordinates":[[138.58695,35.316],[138.59084,35.3068],[138.5931,35.29931],[138.59294,35.29117],[138.59035,35.2854]]}},{"type":"Feature","properties":{"_color":"#3388ff","_opacity":1,"_weight":3},"geometry":{"type":"LineString","coordinates":[[138.59958,35.29444],[138.59796,35.28644],[138.59909,35.28197],[138.60054,35.27855],[138.59957,35.27435],[138.59957,35.26779],[138.59649,35.26215]]}},{"type":"Feature","properties":{"_color":"#3388ff","_opacity":1,"_weight":3},"geometry":{"type":"LineString","coordinates":[[138.58792,35.29893],[138.57902,35.29172],[138.57206,35.28372],[138.56218,35.27415],[138.55587,35.26707],[138.55377,35.26378]]}},{"type":"Feature","properties":{"_color":"#3388ff","_opacity":1,"_weight":3},"geometry":{"type":"LineString","coordinates":[[138.57886,35.2841],[138.5778,35.27879],[138.57594,35.27577],[138.57376,35.27321]]}},{"type":"Feature","properties":{"_color":"#3388ff","_opacity":1,"_weight":3},"geometry":{"type":"LineString","coordinates":[[138.57376,35.28096],[138.57173,35.27735],[138.56882,35.26948],[138.56777,35.26462],[138.56833,35.2614],[138.56914,35.25904],[138.56817,35.25569],[138.56728,35.25313]]}},{"type":"Feature","properties":{"_color":"#3388ff","_opacity":1,"_weight":3},"geometry":{"type":"LineString","coordinates":[[138.56105,35.26634],[138.56105,35.26371]]}},{"type":"Feature","properties":{"_color":"#3388ff","_opacity":1,"_weight":3},"geometry":{"type":"LineString","coordinates":[[138.55903,35.26549],[138.55927,35.26246]]}},{"type":"Feature","properties":{"_color":"#3388ff","_opacity":1,"_weight":3},"geometry":{"type":"LineString","coordinates":[[138.55895,35.26903],[138.5566,35.26424],[138.55531,35.26168],[138.55563,35.25971],[138.5562,35.25459],[138.55855,35.24809],[138.56219,35.24244],[138.56623,35.23817]]}},{"type":"Feature","properties":{"_color":"#3388ff","_opacity":1,"_weight":3},"geometry":{"type":"LineString","coordinates":[[138.57359,35.26612],[138.57359,35.2631],[138.5723,35.26081],[138.57052,35.2589]]}},{"type":"Feature","properties":{"_color":"#3388ff","_opacity":1,"_weight":3},"geometry":{"type":"LineString","coordinates":[[138.5867,35.27254],[138.58516,35.26808],[138.58257,35.26421],[138.5816,35.2625],[138.58193,35.25981],[138.58112,35.25823],[138.5795,35.25659]]}},{"type":"Feature","properties":{"_color":"#3388ff","_opacity":1,"_weight":3},"geometry":{"type":"LineString","coordinates":[[138.58759,35.26682],[138.58565,35.26243],[138.58443,35.2604]]}},{"type":"Feature","properties":{"_color":"#3388ff","_opacity":1,"_weight":3},"geometry":{"type":"LineString","coordinates":[[138.58387,35.25422],[138.58063,35.24904],[138.5765,35.24524]]}},{"type":"Feature","properties":{"_color":"#3388ff","_opacity":1,"_weight":3},"geometry":{"type":"LineString","coordinates":[[138.58484,35.25383],[138.58079,35.24819],[138.57707,35.24412],[138.57529,35.24039]]}},{"type":"Feature","properties":{"_color":"#3388ff","_opacity":1,"_weight":3},"geometry":{"type":"LineString","coordinates":[[138.57359,35.26061],[138.57173,35.25706],[138.57084,35.25365],[138.57125,35.24814],[138.5727,35.24072],[138.57343,35.23527]]}},{"type":"Feature","properties":{"_color":"#3388ff","_opacity":1,"_weight":3},"geometry":{"type":"LineString","coordinates":[[138.55855,35.24586],[138.56041,35.24041],[138.56413,35.23508]]}},{"type":"Feature","properties":{"_color":"#3388ff","_opacity":1,"_weight":3},"geometry":{"type":"LineString","coordinates":[[138.59261,35.27338],[138.59075,35.26977],[138.59026,35.26649],[138.58662,35.25901],[138.58581,35.25593],[138.58815,35.24929],[138.58896,35.24575],[138.58872,35.24017],[138.59066,35.23596],[138.59219,35.22966],[138.59373,35.22467],[138.59526,35.22171],[138.59542,35.21895],[138.593,35.21364],[138.59154,35.20865],[138.59137,35.20261],[138.58984,35.19585],[138.58482,35.18838],[138.57504,35.18169],[138.56857,35.17862],[138.56364,35.17646]]}},{"type":"Feature","properties":{"_color":"#3388ff","_opacity":1,"_weight":3},"geometry":{"type":"LineString","coordinates":[[138.59033,35.20734],[138.59065,35.2034],[138.58935,35.20038],[138.58676,35.19789]]}},{"type":"Feature","properties":{"_color":"#3388ff","_opacity":1,"_weight":3},"geometry":{"type":"LineString","coordinates":[[138.59712,35.21882],[138.59906,35.2152],[138.59874,35.21113],[138.59695,35.20562],[138.59711,35.2007],[138.598,35.19787],[138.598,35.19308]]}},{"type":"Feature","properties":{"_color":"#3388ff","_opacity":1,"_weight":3},"geometry":{"type":"LineString","coordinates":[[138.56882,35.23127],[138.57052,35.22339],[138.57472,35.2159],[138.57771,35.21084],[138.57909,35.20716]]}},{"type":"Feature","properties":{"_color":"#3388ff","_opacity":1,"_weight":3},"geometry":{"type":"LineString","coordinates":[[138.56947,35.22201],[138.57173,35.21735],[138.57383,35.21203],[138.57512,35.20861]]}},{"type":"Feature","properties":{"_color":"#3388ff","_opacity":1,"_weight":3},"geometry":{"type":"LineString","coordinates":[[138.56801,35.21906],[138.57043,35.21118],[138.57294,35.20461],[138.5786,35.1962]]}},{"type":"Feature","properties":{"_color":"#3388ff","_opacity":1,"_weight":3},"geometry":{"type":"LineString","coordinates":[[138.56647,35.21493],[138.56833,35.21197],[138.56874,35.2096],[138.56833,35.20777],[138.56882,35.20553]]}},{"type":"Feature","properties":{"_color":"#3388ff","_opacity":1,"_weight":3},"geometry":{"type":"LineString","coordinates":[[138.56793,35.21584],[138.5638,35.22465],[138.56178,35.22852],[138.56081,35.23338],[138.55919,35.23653],[138.55717,35.24474],[138.55466,35.25387],[138.5549,35.2586]]}},{"type":"Feature","properties":{"_color":"#3388ff","_opacity":1,"_weight":3},"geometry":{"type":"LineString","coordinates":[[138.59332,35.21246],[138.59315,35.20701],[138.59267,35.20359]]}},{"type":"Feature","properties":{"_color":"#3388ff","_opacity":1,"_weight":3},"geometry":{"type":"LineString","coordinates":[[138.59534,35.22315],[138.60011,35.22104],[138.60084,35.21993],[138.60116,35.21868],[138.60391,35.21789],[138.60699,35.21716],[138.61539,35.21386],[138.62534,35.20918],[138.63027,35.20537],[138.63366,35.20103],[138.63778,35.19537],[138.64206,35.19011],[138.64585,35.18636],[138.64666,35.18478],[138.64601,35.18321],[138.64245,35.18039],[138.63808,35.17508],[138.63517,35.17003],[138.6316,35.16177],[138.62934,35.15475],[138.6286,35.14713],[138.62738,35.13998],[138.62512,35.13703],[138.62383,35.13454],[138.62374,35.13178],[138.62366,35.12502],[138.62301,35.11983],[138.62349,35.11629],[138.62817,35.11194],[138.63147,35.10649],[138.63252,35.10255],[138.63276,35.09992]]}},{"type":"Feature","properties":{"_color":"#3388ff","_opacity":1,"_weight":3},"geometry":{"type":"LineString","coordinates":[[138.62268,35.11721],[138.6226,35.11393],[138.62162,35.10854],[138.62097,35.10454]]}},{"type":"Feature","properties":{"_color":"#3388ff","_opacity":1,"_weight":3},"geometry":{"type":"LineString","coordinates":[[138.60217,35.13392],[138.60451,35.12788],[138.6058,35.12367],[138.60507,35.11179],[138.60579,35.107],[138.60789,35.10141]]}},{"type":"Feature","properties":{"_color":"#3388ff","_opacity":1,"_weight":3},"geometry":{"type":"LineString","coordinates":[[138.58222,35.14006],[138.58295,35.14308],[138.58643,35.14609],[138.58796,35.15042],[138.59119,35.15377],[138.59467,35.1575]]}},{"type":"Feature","properties":{"_color":"#3388ff","_opacity":1,"_weight":3},"geometry":{"type":"LineString","coordinates":[[138.53756,35.10539],[138.53586,35.09397],[138.53417,35.08846]]}},{"type":"Feature","properties":{"_color":"#3388ff","_opacity":1,"_weight":3},"geometry":{"type":"LineString","coordinates":[[138.57381,35.08289],[138.56921,35.09215],[138.56122,35.10621],[138.55831,35.12046],[138.55783,35.12756],[138.55823,35.1309],[138.56009,35.13582],[138.56219,35.14015],[138.56267,35.14337],[138.56195,35.14646],[138.56009,35.15027],[138.55992,35.15539],[138.56114,35.16044],[138.56211,35.16366],[138.56186,35.16714],[138.5613,35.17246]]}},{"type":"Feature","properties":{"_color":"#3388ff","_opacity":1,"_weight":3},"geometry":{"type":"LineString","coordinates":[[137.86437,36.72987],[137.8688,36.7365],[137.87162,36.74085]]}},{"type":"Feature","properties":{"_color":"#3388ff","_opacity":1,"_weight":3},"geometry":{"type":"LineString","coordinates":[[137.83725,36.69514],[137.83942,36.70051],[137.84392,36.70355],[137.84717,36.70515]]}},{"type":"Feature","properties":{"_color":"#3388ff","_opacity":1,"_weight":3},"geometry":{"type":"LineString","coordinates":[[137.8745,36.74487],[137.87547,36.74651],[137.87835,36.751],[137.88502,36.75478],[137.88646,36.75666]]}},{"type":"Feature","properties":{"_color":"#3388ff","_opacity":1,"_weight":3},"geometry":{"type":"LineString","coordinates":[[137.86362,36.70812],[137.86812,36.71396],[137.86862,36.71778],[137.86887,36.72021]]}},{"type":"Feature","properties":{"_color":"#3388ff","_opacity":1,"_weight":3},"geometry":{"type":"LineString","coordinates":[[137.85974,36.71235],[137.86231,36.72039],[137.8655,36.72534]]}},{"type":"Feature","properties":{"_color":"#3388ff","_opacity":1,"_weight":3},"geometry":{"type":"LineString","coordinates":[[137.8755,36.73823],[137.87412,36.73269],[137.87186,36.72772],[137.87096,36.72511],[137.87087,36.72001],[137.8715,36.71408],[137.8724,36.70929],[137.87339,36.70493],[137.87312,36.70254],[137.86934,36.69608],[137.86546,36.69093],[137.86321,36.68672],[137.86069,36.68127],[137.85681,36.67793],[137.85402,36.67379],[137.85185,36.6666],[137.8523,36.66348],[137.85636,36.66051],[137.85816,36.65847],[137.85825,36.656],[137.85735,36.65375],[137.85771,36.64968],[137.85708,36.64693],[137.85447,36.64482],[137.85176,36.63901],[137.85249,36.63436],[137.85023,36.63153],[137.8487,36.62884],[137.84825,36.62651],[137.84816,36.6247],[137.84852,36.62128],[137.84699,36.61896],[137.84753,36.61627],[137.85104,36.61271],[137.8524,36.60958],[137.8524,36.6082],[137.85122,36.60617],[137.84969,36.60312],[137.84627,36.60159],[137.84555,36.59781],[137.84428,36.59381],[137.84275,36.59069],[137.84113,36.58662],[137.84014,36.58277],[137.83807,36.5787],[137.83834,36.57295],[137.83942,36.56895],[137.84293,36.56554],[137.84447,36.56285],[137.84465,36.56059],[137.84365,36.55885],[137.84014,36.55703],[137.83951,36.55477],[137.83888,36.55012],[137.83798,36.54701],[137.8387,36.54445],[137.83951,36.54118],[137.84223,36.53732],[137.84561,36.53308]]}},{"type":"Feature","properties":{"_color":"#3388ff","_opacity":1,"_weight":3},"geometry":{"type":"LineString","coordinates":[[137.84599,36.53681],[137.85061,36.53177],[137.85324,36.52975]]}},{"type":"Feature","properties":{"_color":"#3388ff","_opacity":1,"_weight":3},"geometry":{"type":"LineString","coordinates":[[137.85681,36.53114],[137.86168,36.52488],[137.86258,36.52096],[137.86393,36.51812],[137.86592,36.51514],[137.86646,36.5115],[137.86863,36.50734],[137.86826,36.50371],[137.86727,36.50218],[137.86709,36.50051],[137.86646,36.49862],[137.86421,36.49571],[137.86411,36.49163],[137.8643,36.4786],[137.8624,36.47067],[137.86231,36.46223],[137.86448,36.45509],[137.86736,36.44694],[137.87376,36.43478],[137.8789,36.428],[137.88377,36.41999],[137.88584,36.41511],[137.88791,36.40855],[137.88926,36.40214],[137.88935,36.39376],[137.88998,36.38706],[137.89152,36.37773],[137.89557,36.36796],[137.89837,36.36337],[137.90026,36.36067],[137.90549,36.3571],[137.91063,36.35404],[137.91531,36.35054],[137.91883,36.34566],[137.92036,36.33866],[137.92153,36.33078],[137.92207,36.32042],[137.92279,36.31634],[137.92396,36.31247],[137.92676,36.30613],[137.93,36.2965],[137.93127,36.28854],[137.93478,36.28081],[137.93902,36.27117],[137.94073,36.26336],[137.94316,36.25577],[137.94686,36.24891],[137.95006,36.24344],[137.95353,36.23978]]}},{"type":"Feature","properties":{"_color":"#3388ff","_opacity":1,"_weight":3},"geometry":{"type":"LineString","coordinates":[[137.89963,36.36512],[137.89837,36.36855],[137.89765,36.37095],[137.8949,36.37656]]}},{"type":"Feature","properties":{"_color":"#3388ff","_opacity":1,"_weight":3},"geometry":{"type":"LineString","coordinates":[[137.89206,36.40156],[137.89152,36.40469],[137.89143,36.40651],[137.89107,36.40892],[137.89089,36.41154],[137.88926,36.41482],[137.88764,36.42014]]}},{"type":"Feature","properties":{"_color":"#3388ff","_opacity":1,"_weight":3},"geometry":{"type":"LineString","coordinates":[[137.88576,36.42742],[137.88401,36.42914],[137.88106,36.43303],[137.88001,36.43713],[137.87976,36.44127]]}},{"type":"Feature","properties":{"_color":"#3388ff","_opacity":1,"_weight":3},"geometry":{"type":"LineString","coordinates":[[137.95659,36.24212],[137.96128,36.24453],[137.9666,36.24942],[137.96957,36.25315],[137.97146,36.25804]]}},{"type":"Feature","properties":{"_color":"#3388ff","_opacity":1,"_weight":3},"geometry":{"type":"LineString","coordinates":[[137.97219,36.26512],[137.97408,36.26979],[137.97561,36.27752],[137.97783,36.28173]]}},{"type":"Feature","properties":{"_color":"#3388ff","_opacity":1,"_weight":3},"geometry":{"type":"LineString","coordinates":[[137.96363,36.2422],[137.96741,36.24365],[137.96982,36.24577],[137.97174,36.24855],[137.9748,36.25212],[137.97687,36.25658],[137.97868,36.26008],[137.97922,36.26417],[137.97976,36.27066],[137.98102,36.27526],[137.98138,36.27942]]}},{"type":"Feature","properties":{"_color":"#3388ff","_opacity":1,"_weight":3},"geometry":{"type":"LineString","coordinates":[[137.96885,36.22613],[137.96822,36.23241],[137.96745,36.23665],[137.96669,36.23993]]}},{"type":"Feature","properties":{"_color":"#3388ff","_opacity":1,"_weight":3},"geometry":{"type":"LineString","coordinates":[[137.98058,36.22337],[137.98071,36.22763],[137.97931,36.2311],[137.97877,36.23431],[137.97841,36.2357]]}},{"type":"Feature","properties":{"_color":"#3388ff","_opacity":1,"_weight":3},"geometry":{"type":"LineString","coordinates":[[137.97985,36.21561],[137.98282,36.20904],[137.98526,36.20232],[137.99085,36.19275],[137.99517,36.18493],[137.99923,36.17967],[138.00383,36.17302],[138.01023,36.16112],[138.01736,36.1457]]}},{"type":"Feature","properties":{"_color":"#3388ff","_opacity":1,"_weight":3},"geometry":{"type":"LineString","coordinates":[[138.00157,36.188],[137.99535,36.19414]]}},{"type":"Feature","properties":{"_color":"#3388ff","_opacity":1,"_weight":3},"geometry":{"type":"LineString","coordinates":[[137.99995,36.19319],[137.99742,36.19903],[137.99202,36.20466],[137.98679,36.21021],[137.98273,36.21225]]}},{"type":"Feature","properties":{"_color":"#3388ff","_opacity":1,"_weight":3},"geometry":{"type":"LineString","coordinates":[[138.00743,36.13823],[138.00973,36.14063],[138.01123,36.14388],[138.01248,36.14946]]}},{"type":"Feature","properties":{"_color":"#3388ff","_opacity":1,"_weight":3},"geometry":{"type":"LineString","coordinates":[[138.01824,36.12795],[138.01611,36.12145],[138.01582,36.11534],[138.01419,36.10715],[138.01437,36.10328],[138.01744,36.09801],[138.02194,36.09399]]}},{"type":"Feature","properties":{"_color":"#3388ff","_opacity":1,"_weight":3},"geometry":{"type":"LineString","coordinates":[[137.97183,36.14715],[137.97517,36.15197],[137.97895,36.15782],[137.98059,36.16011],[137.98219,36.16257],[137.98371,36.16609]]}},{"type":"Feature","properties":{"_color":"#3388ff","_opacity":1,"_weight":3},"geometry":{"type":"LineString","coordinates":[[137.97066,36.14773],[137.97138,36.15402],[137.97192,36.15943],[137.97221,36.16254],[137.97446,36.16802],[137.97371,36.17836]]}},{"type":"Feature","properties":{"_color":"#3388ff","_opacity":1,"_weight":3},"geometry":{"type":"LineString","coordinates":[[138.02561,36.10324],[138.03262,36.09364],[138.03937,36.0872],[138.04611,36.08054]]}},{"type":"Feature","properties":{"_color":"#3388ff","_opacity":1,"_weight":3},"geometry":{"type":"LineString","coordinates":[[138.02399,36.09476],[138.02843,36.08599],[138.03304,36.07934],[138.04333,36.0715]]}},{"type":"Feature","properties":{"_color":"#3388ff","_opacity":1,"_weight":3},"geometry":{"type":"LineString","coordinates":[[138.04013,36.0844],[138.04588,36.07313],[138.05126,36.06023],[138.05256,36.05117],[138.05519,36.04605],[138.06237,36.0407],[138.06827,36.03576],[138.07057,36.03142],[138.07778,36.02722],[138.08024,36.02345],[138.08361,36.01714],[138.09108,36.01179],[138.09254,36.00917],[138.10133,36.00513],[138.11129,36.00108],[138.12198,35.9962],[138.12469,35.99547]]}},{"type":"Feature","properties":{"_color":"#3388ff","_opacity":1,"_weight":3},"geometry":{"type":"LineString","coordinates":[[138.12389,35.99442],[138.13106,35.99287],[138.13721,35.99108],[138.14014,35.98787],[138.14864,35.98418]]}},{"type":"Feature","properties":{"_color":"#3388ff","_opacity":1,"_weight":3},"geometry":{"type":"LineString","coordinates":[[138.05461,36.08589],[138.06237,36.08553],[138.07013,36.08446],[138.07467,36.08375]]}},{"type":"Feature","properties":{"_color":"#3388ff","_opacity":1,"_weight":3},"geometry":{"type":"LineString","coordinates":[[138.07731,36.08446],[138.08346,36.08066],[138.08697,36.07864],[138.0902,36.07459],[138.09488,36.07198]]}},{"type":"Feature","properties":{"_color":"#3388ff","_opacity":1,"_weight":3},"geometry":{"type":"LineString","coordinates":[[138.09181,36.07019],[138.09829,36.06877],[138.1047,36.06663],[138.10938,36.06282]]}},{"type":"Feature","properties":{"_color":"#3388ff","_opacity":1,"_weight":3},"geometry":{"type":"LineString","coordinates":[[138.10616,36.06948],[138.11612,36.05902],[138.11876,36.0545],[138.12481,36.04657]]}},{"type":"Feature","properties":{"_color":"#3388ff","_opacity":1,"_weight":3},"geometry":{"type":"LineString","coordinates":[[138.11744,36.04891],[138.12271,36.04356]]}},{"type":"Feature","properties":{"_color":"#3388ff","_opacity":1,"_weight":3},"geometry":{"type":"LineString","coordinates":[[138.11744,36.0432],[138.12799,36.03309],[138.13223,36.02571],[138.13575,36.02143],[138.13985,36.01477],[138.14439,36.00798],[138.14849,36.00322]]}},{"type":"Feature","properties":{"_color":"#3388ff","_opacity":1,"_weight":3},"geometry":{"type":"LineString","coordinates":[[138.13634,36.01013],[138.14366,35.99989],[138.15699,35.98704],[138.16402,35.98037],[138.16841,35.97228],[138.18291,35.9568],[138.19687,35.9431]]}},{"type":"Feature","properties":{"_color":"#3388ff","_opacity":1,"_weight":3},"geometry":{"type":"LineString","coordinates":[[138.17896,35.95846],[138.18079,35.95271],[138.18403,35.94721],[138.18712,35.94219],[138.19149,35.93852]]}},{"type":"Feature","properties":{"_color":"#3388ff","_opacity":1,"_weight":3},"geometry":{"type":"LineString","coordinates":[[138.19149,35.93751],[138.2011,35.93124],[138.20725,35.92632]]}},{"type":"Feature","properties":{"_color":"#3388ff","_opacity":1,"_weight":3},"geometry":{"type":"LineString","coordinates":[[138.19267,35.935],[138.19687,35.92957]]}},{"type":"Feature","properties":{"_color":"#3388ff","_opacity":1,"_weight":3},"geometry":{"type":"LineString","coordinates":[[138.21188,35.92804],[138.21926,35.92174],[138.22612,35.91702],[138.23213,35.91046],[138.23974,35.89962],[138.24926,35.88973],[138.2601,35.87853],[138.28192,35.86219],[138.28881,35.8579]]}},{"type":"Feature","properties":{"_color":"#3388ff","_opacity":1,"_weight":3},"geometry":{"type":"LineString","coordinates":[[138.29203,35.85337],[138.29408,35.84753],[138.29555,35.84014],[138.29452,35.83346],[138.29118,35.82513],[138.29306,35.82095],[138.29744,35.81749],[138.30053,35.81306],[138.30069,35.80852],[138.30132,35.80394],[138.30126,35.79612],[138.30282,35.79191],[138.30407,35.78671],[138.30557,35.78121],[138.31005,35.77619],[138.31225,35.77428]]}},{"type":"Feature","properties":{"_color":"#3388ff","_opacity":1,"_weight":3},"geometry":{"type":"LineString","coordinates":[[138.30957,35.77713],[138.31082,35.7806],[138.3077,35.786]]}},{"type":"Feature","properties":{"_color":"#3388ff","_opacity":1,"_weight":3},"geometry":{"type":"LineString","coordinates":[[138.3117,35.78814],[138.308,35.79385],[138.30448,35.79683]]}},{"type":"Feature","properties":{"_color":"#3388ff","_opacity":1,"_weight":3},"geometry":{"type":"LineString","coordinates":[[138.22401,35.91105],[138.21675,35.91511]]}},{"type":"Feature","properties":{"_color":"#3388ff","_opacity":1,"_weight":3},"geometry":{"type":"LineString","coordinates":[[138.214,35.91706],[138.21167,35.91878],[138.20973,35.92012]]}},{"type":"Feature","properties":{"_color":"#3388ff","_opacity":1,"_weight":3},"geometry":{"type":"LineString","coordinates":[[138.19924,35.92754],[138.20312,35.92255],[138.20712,35.9198],[138.21313,35.91553],[138.21704,35.90999],[138.22041,35.90605],[138.22524,35.902]]}},{"type":"Feature","properties":{"_color":"#3388ff","_opacity":1,"_weight":3},"geometry":{"type":"LineString","coordinates":[[138.22651,35.90047],[138.23202,35.89314],[138.23677,35.88897],[138.2399,35.88571]]}},{"type":"Feature","properties":{"_color":"#3388ff","_opacity":1,"_weight":3},"geometry":{"type":"LineString","coordinates":[[138.23827,35.89599],[138.23517,35.90081],[138.23039,35.90429],[138.2283,35.90513],[138.22601,35.90546]]}},{"type":"Feature","properties":{"_color":"#3388ff","_opacity":1,"_weight":3},"geometry":{"type":"LineString","coordinates":[[138.32191,35.76795],[138.32982,35.76222],[138.33627,35.75757]]}},{"type":"Feature","properties":{"_color":"#3388ff","_opacity":1,"_weight":3},"geometry":{"type":"LineString","coordinates":[[138.31781,35.76461],[138.32675,35.75422],[138.33334,35.74121],[138.34022,35.72903],[138.34257,35.72437],[138.34271,35.71744],[138.34257,35.70992]]}},{"type":"Feature","properties":{"_color":"#3388ff","_opacity":1,"_weight":3},"geometry":{"type":"LineString","coordinates":[[138.33363,35.77738],[138.34579,35.77798],[138.3575,35.77786],[138.36136,35.77713],[138.36586,35.7755],[138.36986,35.77459],[138.37411,35.77102]]}},{"type":"Feature","properties":{"_color":"#3388ff","_opacity":1,"_weight":3},"geometry":{"type":"LineString","coordinates":[[138.36861,35.77836],[138.36761,35.7818]]}},{"type":"Feature","properties":{"_color":"#3388ff","_opacity":1,"_weight":3},"geometry":{"type":"LineString","coordinates":[[138.38112,35.77805],[138.38312,35.77581],[138.38475,35.77346],[138.38725,35.77092],[138.39104,35.76903],[138.3928,35.76724],[138.39295,35.76461],[138.39412,35.76282],[138.39646,35.759],[138.39749,35.75518],[138.39837,35.7516],[138.39851,35.74957],[138.40247,35.743],[138.40598,35.73918],[138.40862,35.73297],[138.40833,35.73058],[138.41257,35.72676],[138.42004,35.71721],[138.42136,35.71327],[138.42004,35.70801],[138.42136,35.70311],[138.42415,35.70192],[138.42693,35.6975],[138.42971,35.69344],[138.43293,35.68352],[138.43616,35.67969],[138.43616,35.67109],[138.43469,35.66762],[138.4281,35.6632],[138.42459,35.66177],[138.42429,35.65914],[138.4259,35.65483],[138.43,35.65304],[138.43132,35.65113],[138.4366,35.64742],[138.44114,35.63882],[138.43923,35.63391],[138.43616,35.62997],[138.43645,35.62566],[138.43894,35.62088],[138.43674,35.6161],[138.43176,35.61143],[138.42869,35.60497],[138.42991,35.60111],[138.43103,35.59815],[138.43323,35.596],[138.43674,35.59325],[138.4404,35.59026],[138.44216,35.58631],[138.44417,35.58354],[138.44407,35.58021],[138.44604,35.57802],[138.44568,35.57554],[138.44319,35.57183],[138.44143,35.56848],[138.44292,35.56412]]}},{"type":"Feature","properties":{"_color":"#3388ff","_opacity":1,"_weight":3},"geometry":{"type":"LineString","coordinates":[[138.45285,35.55113],[138.4503,35.55625],[138.44629,35.55875],[138.44429,35.5608]]}},{"type":"Feature","properties":{"_color":"#3388ff","_opacity":1,"_weight":3},"geometry":{"type":"LineString","coordinates":[[138.4493,35.57659],[138.44817,35.58088],[138.44567,35.58436],[138.44542,35.58722],[138.44692,35.58977],[138.4508,35.59233],[138.4543,35.59488],[138.45705,35.59774],[138.45705,35.60142],[138.45593,35.6033],[138.45446,35.60701],[138.44992,35.6106],[138.44787,35.61442],[138.44692,35.61694],[138.44509,35.62004],[138.4448,35.62375],[138.44216,35.62578],[138.43909,35.62698],[138.43616,35.62889]]}},{"type":"Feature","properties":{"_color":"#3388ff","_opacity":1,"_weight":3},"geometry":{"type":"LineString","coordinates":[[138.45154,35.59576],[138.45373,35.59983],[138.45388,35.60246]]}},{"type":"Feature","properties":{"_color":"#3388ff","_opacity":1,"_weight":3},"geometry":{"type":"LineString","coordinates":[[138.4366,35.59409],[138.43674,35.59804],[138.43396,35.60067],[138.43323,35.60174],[138.43308,35.60222]]}},{"type":"Feature","properties":{"_color":"#3388ff","_opacity":1,"_weight":3},"geometry":{"type":"LineString","coordinates":[[138.42884,35.5115],[138.43557,35.51234],[138.44194,35.51396],[138.44626,35.51647],[138.45092,35.52164],[138.45393,35.52839],[138.45918,35.53289],[138.46543,35.53596]]}},{"type":"Feature","properties":{"_color":"#3388ff","_opacity":1,"_weight":3},"geometry":{"type":"LineString","coordinates":[[138.42774,35.48347],[138.42635,35.49006],[138.42532,35.49665],[138.42576,35.50132],[138.42781,35.50527]]}},{"type":"Feature","properties":{"_color":"#3388ff","_opacity":1,"_weight":3},"geometry":{"type":"LineString","coordinates":[[138.4013,35.45885],[138.40474,35.46382],[138.4076,35.46598],[138.41075,35.47083],[138.41368,35.47467],[138.41965,35.48994]]}},{"type":"Feature","properties":{"_color":"#3388ff","_opacity":1,"_weight":3},"geometry":{"type":"LineString","coordinates":[[138.41126,35.45064],[138.41302,35.45538],[138.41631,35.45921],[138.41741,35.46155],[138.41749,35.46401],[138.41939,35.4676],[138.42108,35.47191],[138.42488,35.47509]]}},{"type":"Feature","properties":{"_color":"#3388ff","_opacity":1,"_weight":3},"geometry":{"type":"LineString","coordinates":[[138.38607,35.42547],[138.3868,35.43099],[138.389,35.43422],[138.39134,35.43854],[138.39149,35.44321],[138.39244,35.44831],[138.39237,35.45286],[138.39186,35.45681],[138.39457,35.46179],[138.39874,35.46718],[138.39896,35.47113],[138.40306,35.47772],[138.40438,35.4794],[138.40394,35.48132],[138.40445,35.48353],[138.40789,35.48575],[138.41155,35.48767],[138.41126,35.49162],[138.41146,35.49547],[138.41404,35.49988],[138.41595,35.50731]]}},{"type":"Feature","properties":{"_color":"#3388ff","_opacity":1,"_weight":3},"geometry":{"type":"LineString","coordinates":[[138.4221,35.51677],[138.42591,35.5236],[138.43206,35.53341],[138.43689,35.54179],[138.44231,35.54981]]}},{"type":"Feature","properties":{"_color":"#3388ff","_opacity":1,"_weight":3},"geometry":{"type":"LineString","coordinates":[[138.42342,35.5303],[138.42488,35.5394],[138.42473,35.54395]]}},{"type":"Feature","properties":{"_color":"#3388ff","_opacity":1,"_weight":3},"geometry":{"type":"LineString","coordinates":[[137.88769,36.75799],[137.9162,36.80084]]}},{"type":"Feature","properties":{"_color":"#3388ff","_opacity":1,"_weight":3},"geometry":{"type":"LineString","coordinates":[[138.8494,36.38431],[138.8671,36.38166],[138.88611,36.37582],[138.91167,36.36416],[138.92413,36.35356],[138.93396,36.34242],[138.94445,36.33447]]}},{"type":"Feature","properties":{"_color":"#3388ff","_opacity":1,"_weight":3},"geometry":{"type":"LineString","coordinates":[[138.90053,36.30953],[138.91692,36.29733]]}},{"type":"Feature","properties":{"_color":"#3388ff","_opacity":1,"_weight":3},"geometry":{"type":"LineString","coordinates":[[138.83563,36.33234],[138.85858,36.30316],[138.87169,36.29043],[138.88349,36.2814],[138.89332,36.27663]]}},{"type":"Feature","properties":{"_color":"#3388ff","_opacity":1,"_weight":3},"geometry":{"type":"LineString","coordinates":[[138.96346,36.33075],[138.97985,36.32173],[138.99231,36.309],[139.01001,36.29149],[139.0264,36.27981],[139.05131,36.27185],[139.08671,36.26176],[139.11359,36.25699],[139.13522,36.25433],[139.15948,36.25433],[139.17718,36.25009],[139.20274,36.23947],[139.21979,36.22672],[139.23945,36.21663],[139.25257,36.20441],[139.26174,36.19644],[139.27354,36.19059],[139.28928,36.18422],[139.30501,36.17253],[139.3195,36.1575]]}},{"type":"Feature","properties":{"_color":"#3388ff","_opacity":1,"_weight":3},"geometry":{"type":"LineString","coordinates":[[139.0382,36.2607],[139.05393,36.25911],[139.07032,36.26017]]}},{"type":"Feature","properties":{"_color":"#3388ff","_opacity":1,"_weight":3},"geometry":{"type":"LineString","coordinates":[[139.0323,36.25699],[139.0441,36.25274]]}},{"type":"Feature","properties":{"_color":"#3388ff","_opacity":1,"_weight":3},"geometry":{"type":"LineString","coordinates":[[139.00346,36.25114],[139.01526,36.23203],[139.02837,36.22406],[139.04345,36.21822],[139.05393,36.21184],[139.06049,36.20547]]}},{"type":"Feature","properties":{"_color":"#3388ff","_opacity":1,"_weight":3},"geometry":{"type":"LineString","coordinates":[[139.00083,36.23999],[139.00739,36.2299],[139.01788,36.2214],[139.0323,36.2129],[139.0441,36.206],[139.05459,36.19909],[139.06573,36.18634],[139.08868,36.1773],[139.11228,36.16721],[139.13391,36.1603],[139.14834,36.15657]]}},{"type":"Feature","properties":{"_color":"#3388ff","_opacity":1,"_weight":3},"geometry":{"type":"LineString","coordinates":[[139.08147,36.19006],[139.10245,36.18209],[139.12015,36.17465]]}},{"type":"Feature","properties":{"_color":"#3388ff","_opacity":1,"_weight":3},"geometry":{"type":"LineString","coordinates":[[139.09655,36.19803],[139.11818,36.18581],[139.13195,36.18262]]}},{"type":"Feature","properties":{"_color":"#3388ff","_opacity":1,"_weight":3},"geometry":{"type":"LineString","coordinates":[[139.03427,36.22512],[139.0618,36.22034],[139.08868,36.2129],[139.10835,36.20494],[139.12342,36.19431],[139.13719,36.18421]]}},{"type":"Feature","properties":{"_color":"#3388ff","_opacity":1,"_weight":3},"geometry":{"type":"LineString","coordinates":[[139.29944,36.12999],[139.31124,36.11723],[139.31813,36.10792],[139.32698,36.09675],[139.33419,36.09462]]}},{"type":"Feature","properties":{"_color":"#3388ff","_opacity":1,"_weight":3},"geometry":{"type":"LineString","coordinates":[[139.33386,36.11457],[139.34959,36.10579],[139.36598,36.09967]]}},{"type":"Feature","properties":{"_color":"#3388ff","_opacity":1,"_weight":3},"geometry":{"type":"LineString","coordinates":[[139.36828,36.10659],[139.37713,36.10207]]}},{"type":"Feature","properties":{"_color":"#3388ff","_opacity":1,"_weight":3},"geometry":{"type":"LineString","coordinates":[[139.36566,36.11404],[139.38237,36.10287]]}},{"type":"Feature","properties":{"_color":"#3388ff","_opacity":1,"_weight":3},"geometry":{"type":"LineString","coordinates":[[139.14145,36.168],[139.15555,36.16295],[139.17161,36.15339],[139.18406,36.1486]]}},{"type":"Feature","properties":{"_color":"#3388ff","_opacity":1,"_weight":3},"geometry":{"type":"LineString","coordinates":[[139.18701,36.15259],[139.20471,36.14116]]}},{"type":"Feature","properties":{"_color":"#3388ff","_opacity":1,"_weight":3},"geometry":{"type":"LineString","coordinates":[[139.14112,36.17491],[139.1526,36.16827],[139.16538,36.16561],[139.17587,36.16375],[139.1857,36.15977],[139.19488,36.15525],[139.21159,36.15286]]}},{"type":"Feature","properties":{"_color":"#3388ff","_opacity":1,"_weight":3},"geometry":{"type":"LineString","coordinates":[[139.17488,36.17757],[139.19029,36.17438],[139.20373,36.16747],[139.21749,36.1595],[139.24011,36.14887]]}},{"type":"Feature","properties":{"_color":"#3388ff","_opacity":1,"_weight":3},"geometry":{"type":"LineString","coordinates":[[139.4322,36.08877],[139.44432,36.08185],[139.46038,36.07387],[139.49742,36.05285]]}},{"type":"Feature","properties":{"_color":"#3388ff","_opacity":1,"_weight":3},"geometry":{"type":"LineString","coordinates":[[139.48103,36.08185],[139.50267,36.07361],[139.52496,36.06243],[139.53905,36.05205],[139.55052,36.03847],[139.57019,36.01611]]}},{"type":"Feature","properties":{"_color":"#3388ff","_opacity":1,"_weight":3},"geometry":{"type":"LineString","coordinates":[[139.57576,36.02144],[139.60067,36.00892],[139.62067,35.9972],[139.63214,35.98655]]}},{"type":"Feature","properties":{"_color":"#3388ff","_opacity":1,"_weight":3},"geometry":{"type":"LineString","coordinates":[[139.6269,36.00599],[139.63411,35.9948],[139.63706,35.98362],[139.6387,35.97269]]}},{"type":"Feature","properties":{"_color":"#3388ff","_opacity":1,"_weight":3},"geometry":{"type":"LineString","coordinates":[[139.70753,35.99374],[139.71277,35.98602],[139.71376,35.97829],[139.71835,35.96417]]}},{"type":"Feature","properties":{"_color":"#3388ff","_opacity":1,"_weight":3},"geometry":{"type":"LineString","coordinates":[[139.18491,36.46906],[139.21634,36.45293]]}},{"type":"Feature","properties":{"_color":"#3388ff","_opacity":1,"_weight":3},"geometry":{"type":"LineString","coordinates":[[139.30418,36.42591],[139.3589,36.38834],[139.37713,36.37613]]}},{"type":"Feature","properties":{"_color":"#3388ff","_opacity":1,"_weight":3},"geometry":{"type":"LineString","coordinates":[[138.00666,36.4139],[138.00879,36.41887],[138.00929,36.42609],[138.00953,36.43258],[138.00994,36.43748]]}},{"type":"Feature","properties":{"_color":"#3388ff","_opacity":1,"_weight":3},"geometry":{"type":"LineString","coordinates":[[138.01281,36.43642],[138.02018,36.44509],[138.02862,36.45198],[138.03452,36.45661],[138.03952,36.46376],[138.04075,36.46509]]}},{"type":"Feature","properties":{"_color":"#3388ff","_opacity":1,"_weight":3},"geometry":{"type":"LineString","coordinates":[[138.03223,36.45185],[138.041,36.458],[138.04739,36.4625]]}},{"type":"Feature","properties":{"_color":"#3388ff","_opacity":1,"_weight":3},"geometry":{"type":"LineString","coordinates":[[138.07992,36.46376],[138.07091,36.4676],[138.06452,36.47131],[138.05911,36.47554]]}},{"type":"Feature","properties":{"_color":"#3388ff","_opacity":1,"_weight":3},"geometry":{"type":"LineString","coordinates":[[138.0455,36.46548],[138.05353,36.47356],[138.06042,36.48348],[138.06615,36.49169],[138.07271,36.5032]]}},{"type":"Feature","properties":{"_color":"#3388ff","_opacity":1,"_weight":3},"geometry":{"type":"LineString","coordinates":[[138.07697,36.5032],[138.07763,36.51551],[138.07763,36.52212]]}},{"type":"Feature","properties":{"_color":"#3388ff","_opacity":1,"_weight":3},"geometry":{"type":"LineString","coordinates":[[138.0832,36.51961],[138.08353,36.529]]}},{"type":"Feature","properties":{"_color":"#3388ff","_opacity":1,"_weight":3},"geometry":{"type":"LineString","coordinates":[[138.09352,36.52701],[138.09385,36.53455],[138.0991,36.54275],[138.10582,36.54989],[138.10926,36.55928],[138.10926,36.56576],[138.11155,36.56854],[138.11827,36.57198],[138.12351,36.57541],[138.12564,36.57977],[138.1263,36.58731],[138.12695,36.58969],[138.12876,36.59312],[138.13072,36.6033],[138.13269,36.61691],[138.13597,36.62312],[138.14187,36.62708],[138.15219,36.62946],[138.1617,36.63276],[138.16727,36.63633],[138.17169,36.64055],[138.17432,36.64703],[138.17514,36.65257]]}},{"type":"Feature","properties":{"_color":"#3388ff","_opacity":1,"_weight":3},"geometry":{"type":"LineString","coordinates":[[138.17825,36.64359],[138.1853,36.6531],[138.19382,36.6605],[138.19759,36.66459],[138.20086,36.66908],[138.20529,36.67225],[138.20824,36.67581]]}},{"type":"Feature","properties":{"_color":"#3388ff","_opacity":1,"_weight":3},"geometry":{"type":"LineString","coordinates":[[138.22004,36.69099],[138.2284,36.68993],[138.2343,36.68782]]}},{"type":"Feature","properties":{"_color":"#3388ff","_opacity":1,"_weight":3},"geometry":{"type":"LineString","coordinates":[[138.21922,36.68043],[138.23168,36.68268],[138.24282,36.68307],[138.24806,36.68598],[138.25396,36.6939],[138.25839,36.70182],[138.26199,36.71211]]}},{"type":"Feature","properties":{"_color":"#3388ff","_opacity":1,"_weight":3},"geometry":{"type":"LineString","coordinates":[[138.26773,36.70736],[138.28527,36.71409],[138.29674,36.72069],[138.30198,36.72636],[138.30379,36.73164]]}},{"type":"Feature","properties":{"_color":"#3388ff","_opacity":1,"_weight":3},"geometry":{"type":"LineString","coordinates":[[138.2992,36.7195],[138.31231,36.72174],[138.32558,36.72557],[138.33083,36.72926],[138.33312,36.73375],[138.33443,36.73916],[138.34148,36.74417],[138.34705,36.75142],[138.34984,36.75802],[138.34967,36.77067],[138.34951,36.7803],[138.34918,36.78425],[138.35098,36.79019],[138.35164,36.80205],[138.35131,36.81404],[138.35098,36.82076],[138.35246,36.8313],[138.35377,36.83828],[138.35704,36.84737],[138.36147,36.85475],[138.36262,36.85988],[138.36262,36.86291],[138.36376,36.86502]]}},{"type":"Feature","properties":{"_color":"#3388ff","_opacity":1,"_weight":3},"geometry":{"type":"LineString","coordinates":[[138.33951,36.82274],[138.34836,36.83222]]}},{"type":"Feature","properties":{"_color":"#3388ff","_opacity":1,"_weight":3},"geometry":{"type":"LineString","coordinates":[[138.37048,36.85936],[138.37245,36.87279],[138.37376,36.88358],[138.37818,36.89425],[138.38458,36.9053],[138.39162,36.91544],[138.39916,36.92044],[138.40408,36.92597],[138.40637,36.93241],[138.40834,36.94149],[138.41112,36.94583]]}},{"type":"Feature","properties":{"_color":"#3388ff","_opacity":1,"_weight":3},"geometry":{"type":"LineString","coordinates":[[138.35622,36.87937],[138.36344,36.88806],[138.36933,36.89793],[138.37409,36.90386]]}},{"type":"Feature","properties":{"_color":"#3388ff","_opacity":1,"_weight":3},"geometry":{"type":"LineString","coordinates":[[138.3695,36.87779],[138.37245,36.8853],[138.37392,36.89359],[138.37605,36.90267]]}},{"type":"Feature","properties":{"_color":"#3388ff","_opacity":1,"_weight":3},"geometry":{"type":"LineString","coordinates":[[138.38802,36.92136],[138.39785,36.92728]]}},{"type":"Feature","properties":{"_color":"#3388ff","_opacity":1,"_weight":3},"geometry":{"type":"LineString","coordinates":[[138.41063,36.91794],[138.41358,36.92386],[138.41539,36.93004]]}},{"type":"Feature","properties":{"_color":"#3388ff","_opacity":1,"_weight":3},"geometry":{"type":"LineString","coordinates":[[138.40883,36.89175],[138.41014,36.90175],[138.41457,36.90715],[138.41948,36.9136],[138.42096,36.91978],[138.42227,36.93241],[138.42178,36.94504],[138.4203,36.96412]]}},{"type":"Feature","properties":{"_color":"#3388ff","_opacity":1,"_weight":3},"geometry":{"type":"LineString","coordinates":[[138.41342,36.87792],[138.41391,36.88464],[138.41637,36.8899],[138.41555,36.89267]]}},{"type":"Feature","properties":{"_color":"#3388ff","_opacity":1,"_weight":3},"geometry":{"type":"LineString","coordinates":[[138.40801,36.90649],[138.4149,36.91597]]}},{"type":"Feature","properties":{"_color":"#3388ff","_opacity":1,"_weight":3},"geometry":{"type":"LineString","coordinates":[[138.41965,36.90544],[138.42325,36.91399]]}},{"type":"Feature","properties":{"_color":"#3388ff","_opacity":1,"_weight":3},"geometry":{"type":"LineString","coordinates":[[138.42014,36.8591],[138.42145,36.8641],[138.4208,36.87108],[138.42211,36.87635]]}},{"type":"Feature","properties":{"_color":"#3388ff","_opacity":1,"_weight":3},"geometry":{"type":"LineString","coordinates":[[138.40998,36.86291],[138.41588,36.87305],[138.41817,36.88345],[138.42522,36.89267],[138.42719,36.90109],[138.43096,36.90846],[138.43177,36.91412],[138.42899,36.92504],[138.42915,36.93583],[138.4321,36.94307],[138.43849,36.94912],[138.44275,36.95912]]}},{"type":"Feature","properties":{"_color":"#3388ff","_opacity":1,"_weight":3},"geometry":{"type":"LineString","coordinates":[[138.45111,36.94518],[138.45111,36.95333],[138.45423,36.95728],[138.45685,36.9628],[138.45881,36.96661],[138.45996,36.9678]]}},{"type":"Feature","properties":{"_color":"#3388ff","_opacity":1,"_weight":3},"geometry":{"type":"LineString","coordinates":[[138.89487,35.33216],[138.91821,35.35079],[138.93195,35.36191]]}},{"type":"Feature","properties":{"_color":"#3388ff","_opacity":1,"_weight":3},"geometry":{"type":"LineString","coordinates":[[138.93354,35.36331],[138.946,35.37083],[138.95272,35.37378],[138.96157,35.37593],[138.97091,35.37861],[138.97697,35.3809],[138.98435,35.38184],[138.99516,35.38157],[139.00811,35.3817]]}},{"type":"Feature","properties":{"_color":"#3388ff","_opacity":1,"_weight":3},"geometry":{"type":"LineString","coordinates":[[138.99582,35.36881],[139.01319,35.38694]]}},{"type":"Feature","properties":{"_color":"#3388ff","_opacity":1,"_weight":3},"geometry":{"type":"LineString","coordinates":[[138.99828,35.36532],[139.00795,35.37633],[139.01762,35.38559],[139.01909,35.3872]]}},{"type":"Feature","properties":{"_color":"#3388ff","_opacity":1,"_weight":3},"geometry":{"type":"LineString","coordinates":[[138.99828,35.35686],[139.00615,35.36814],[139.01417,35.37781],[139.01991,35.38358],[139.0281,35.39002],[139.03794,35.39619],[139.03941,35.39713]]}},{"type":"Feature","properties":{"_color":"#3388ff","_opacity":1,"_weight":3},"geometry":{"type":"LineString","coordinates":[[139.0009,35.34787],[139.00565,35.36089],[139.00926,35.37163]]}},{"type":"Feature","properties":{"_color":"#3388ff","_opacity":1,"_weight":3},"geometry":{"type":"LineString","coordinates":[[139.02647,35.28904],[139.04302,35.31685],[139.05826,35.33982],[139.07055,35.3562]]}},{"type":"Feature","properties":{"_color":"#3388ff","_opacity":1,"_weight":3},"geometry":{"type":"LineString","coordinates":[[139.03401,35.30261],[139.0245,35.31577]]}},{"type":"Feature","properties":{"_color":"#3388ff","_opacity":1,"_weight":3},"geometry":{"type":"LineString","coordinates":[[139.05957,35.33364],[139.0717,35.34331],[139.07743,35.34707],[139.08235,35.34922]]}},{"type":"Feature","properties":{"_color":"#3388ff","_opacity":1,"_weight":3},"geometry":{"type":"LineString","coordinates":[[139.08284,35.35083],[139.08923,35.35486],[139.09349,35.35566],[139.10415,35.35593]]}},{"type":"Feature","properties":{"_color":"#3388ff","_opacity":1,"_weight":3},"geometry":{"type":"LineString","coordinates":[[139.10202,35.36452],[139.11021,35.35781],[139.11726,35.35526],[139.1284,35.35311],[139.13774,35.35123],[139.1461,35.34868],[139.15102,35.3464]]}},{"type":"Feature","properties":{"_color":"#3388ff","_opacity":1,"_weight":3},"geometry":{"type":"LineString","coordinates":[[139.15102,35.3464],[139.15463,35.3366],[139.15987,35.32961],[139.17167,35.32021],[139.18216,35.31135],[139.19199,35.30302]]}},{"type":"Feature","properties":{"_color":"#3388ff","_opacity":1,"_weight":3},"geometry":{"type":"LineString","coordinates":[[139.17528,35.30638],[139.18183,35.29496],[139.18577,35.29133],[139.19052,35.28663]]}},{"type":"Feature","properties":{"_color":"#3388ff","_opacity":1,"_weight":3},"geometry":{"type":"LineString","coordinates":[[139.12414,35.36238],[139.13316,35.35754],[139.14037,35.35486],[139.14889,35.35325]]}},{"type":"Feature","properties":{"_color":"#3388ff","_opacity":1,"_weight":3},"geometry":{"type":"LineString","coordinates":[[139.15594,35.34667],[139.16282,35.34009],[139.16921,35.33378],[139.17331,35.32881],[139.17675,35.32451]]}},{"type":"Feature","properties":{"_color":"#3388ff","_opacity":1,"_weight":3},"geometry":{"type":"LineString","coordinates":[[139.1543,35.36976],[139.16331,35.36694],[139.17183,35.3664],[139.18101,35.36627],[139.18904,35.36641],[139.19871,35.36614]]}},{"type":"Feature","properties":{"_color":"#3388ff","_opacity":1,"_weight":3},"geometry":{"type":"LineString","coordinates":[[139.17249,35.37392],[139.18035,35.37352],[139.18855,35.37191],[139.19625,35.36909],[139.20428,35.36667],[139.21068,35.36533],[139.21871,35.36493],[139.22837,35.3648],[139.24165,35.36547]]}},{"type":"Feature","properties":{"_color":"#3388ff","_opacity":1,"_weight":3},"geometry":{"type":"LineString","coordinates":[[139.18724,35.31027],[139.19379,35.30879],[139.19625,35.30611],[139.19838,35.30047],[139.20035,35.29576],[139.20379,35.29187],[139.20609,35.28958],[139.20773,35.28663],[139.20887,35.28381],[139.21068,35.28031],[139.21166,35.27803]]}},{"type":"Feature","properties":{"_color":"#3388ff","_opacity":1,"_weight":3},"geometry":{"type":"LineString","coordinates":[[139.21428,35.2744],[139.21888,35.26726],[139.2233,35.26216],[139.22887,35.25812],[139.23379,35.25409],[139.23805,35.25033],[139.24133,35.24495],[139.24445,35.23823],[139.25149,35.22949],[139.25854,35.22465],[139.26597,35.22183],[139.27174,35.21784],[139.27689,35.21062],[139.27902,35.20041],[139.28115,35.18147],[139.28418,35.16552],[139.28843,35.15331],[139.29359,35.13661],[139.29814,35.12663],[139.30604,35.1189],[139.31575,35.11367],[139.32789,35.10594],[139.33791,35.09521],[139.34701,35.08623],[139.35126,35.07525]]}},{"type":"Feature","properties":{"_color":"#3388ff","_opacity":1,"_weight":3},"geometry":{"type":"LineString","coordinates":[[139.26558,35.30168],[139.27525,35.3096],[139.27951,35.31605],[139.28131,35.32062],[139.28312,35.32317],[139.28656,35.32545],[139.29147,35.32881],[139.29377,35.33177],[139.29573,35.33593],[139.29704,35.34103]]}},{"type":"Feature","properties":{"_color":"#3388ff","_opacity":1,"_weight":3},"geometry":{"type":"LineString","coordinates":[[139.20767,34.86072],[139.17313,34.97373]]}},{"type":"Feature","properties":{"_color":"#3388ff","_opacity":1,"_weight":3},"geometry":{"type":"LineString","coordinates":[[138.97645,34.78852],[139.02305,34.76605],[139.03358,34.76146],[139.22064,34.75924]]}},{"type":"Feature","properties":{"_color":"#3388ff","_opacity":1,"_weight":3},"geometry":{"type":"LineString","coordinates":[[138.84753,34.60749],[138.82131,34.62226],[138.80082,34.63364],[138.78525,34.64366],[138.77607,34.64908]]}},{"type":"Feature","properties":{"_color":"#3388ff","_opacity":1,"_weight":3},"geometry":{"type":"LineString","coordinates":[[138.85081,34.60682],[138.90343,34.57808]]}},{"type":"Feature","properties":{"_color":"#3388ff","_opacity":1,"_weight":3},"geometry":{"type":"LineString","coordinates":[[138.77066,34.65355],[138.72478,34.68252]]}},{"type":"Feature","properties":{"_color":"#3388ff","_opacity":1,"_weight":3},"geometry":{"type":"LineString","coordinates":[[139.26258,36.795],[139.25189,36.80615],[139.24512,36.81482]]}},{"type":"Feature","properties":{"_color":"#3388ff","_opacity":1,"_weight":3},"geometry":{"type":"LineString","coordinates":[[137.99265,36.32546],[137.9881,36.33894],[137.98417,36.35177]]}},{"type":"Feature","properties":{"_color":"#3388ff","_opacity":1,"_weight":3},"geometry":{"type":"LineString","coordinates":[[139.32045,36.15674],[139.35407,36.1333]]}},{"type":"Feature","properties":{"_color":"#3388ff","_opacity":1,"_weight":3},"geometry":{"type":"LineString","coordinates":[[139.85895,36.81893],[139.86586,36.8356],[139.86963,36.84747]]}},{"type":"Feature","properties":{"_color":"#3388ff","_opacity":1,"_weight":3},"geometry":{"type":"LineString","coordinates":[[139.87497,36.84974],[139.87403,36.86463],[139.8756,36.87322],[139.87748,36.87675]]}},{"type":"Feature","properties":{"_color":"#3388ff","_opacity":1,"_weight":3},"geometry":{"type":"LineString","coordinates":[[139.87843,36.87726],[139.88282,36.88811],[139.88565,36.89391],[139.89476,36.9025],[139.89665,36.90956],[139.89696,36.92142],[139.89947,36.92823],[139.89759,36.93428],[139.89413,36.94059],[139.8957,36.94866],[139.89727,36.95799],[139.90042,36.96681],[139.90136,36.97589],[139.89602,36.98597],[139.89696,36.98975],[139.90167,36.99303],[139.9133,36.99782],[139.92178,37.00639],[139.92555,37.01218],[139.92492,37.01722],[139.92586,37.02856],[139.93372,37.04191],[139.93812,37.05803],[139.93686,37.0749],[139.93592,37.07892]]}},{"type":"Feature","properties":{"_color":"#3388ff","_opacity":1,"_weight":3},"geometry":{"type":"LineString","coordinates":[[139.9356,37.08421],[139.93215,37.10485],[139.9312,37.11567],[139.93277,37.12372]]}},{"type":"Feature","properties":{"_color":"#3388ff","_opacity":1,"_weight":3},"geometry":{"type":"LineString","coordinates":[[139.93277,37.12523],[139.93937,37.14585],[139.94346,37.15441]]}},{"type":"Feature","properties":{"_color":"#3388ff","_opacity":1,"_weight":3},"geometry":{"type":"LineString","coordinates":[[139.92995,37.03914],[139.93058,37.0477]]}},{"type":"Feature","properties":{"_color":"#3388ff","_opacity":1,"_weight":3},"geometry":{"type":"LineString","coordinates":[[139.89036,36.94538],[139.89507,36.9537]]}},{"type":"Feature","properties":{"_color":"#3388ff","_opacity":1,"_weight":3},"geometry":{"type":"LineString","coordinates":[[139.88596,36.92117],[139.89162,36.93554]]}},{"type":"Feature","properties":{"_color":"#3388ff","_opacity":1,"_weight":3},"geometry":{"type":"LineString","coordinates":[[138.45955,35.54787],[138.4568,35.5538],[138.45455,35.55738],[138.45105,35.56187],[138.44905,35.56504],[138.44705,35.57025],[138.44629,35.57363]]}},{"type":"Feature","properties":{"_color":"#3388ff","_opacity":1,"_weight":3},"geometry":{"type":"LineString","coordinates":[[138.36699,35.77723],[138.36361,35.77815],[138.36073,35.78019],[138.35848,35.78254]]}},{"type":"Feature","properties":{"_color":"#3388ff","_opacity":1,"_weight":3},"geometry":{"type":"LineString","coordinates":[[138.01173,36.12054],[138.00773,36.12734],[138.00485,36.13586],[138.00248,36.14357],[138.00285,36.14702],[138.00473,36.14966],[138.00635,36.15098],[138.0071,36.1527],[138.0061,36.15524],[138.00147,36.15879],[137.99797,36.16284],[137.99735,36.16579],[137.9981,36.16924],[137.99997,36.17126],[138.0011,36.17441]]}},{"type":"Feature","properties":{"_color":"#3388ff","_opacity":1,"_weight":3},"geometry":{"type":"LineString","coordinates":[[137.87363,36.46128],[137.87513,36.45683],[137.87463,36.45208],[137.87426,36.44784],[137.87363,36.44561]]}},{"type":"Feature","properties":{"_color":"#3388ff","_opacity":1,"_weight":3},"geometry":{"type":"LineString","coordinates":[[137.85386,36.71104],[137.85787,36.71668],[137.85962,36.72051],[137.86137,36.72736],[137.86124,36.73078]]}},{"type":"Feature","properties":{"_color":"#3388ff","_opacity":1,"_weight":3},"geometry":{"type":"LineString","coordinates":[[137.86912,36.7491],[137.86737,36.74477],[137.86262,36.73964],[137.85987,36.73763]]}},{"type":"Feature","properties":{"_color":"#3388ff","_opacity":1,"_weight":3},"geometry":{"type":"LineString","coordinates":[[137.87775,36.70691],[137.87838,36.71235],[137.87838,36.71235]]}},{"type":"Feature","properties":{"_color":"#3388ff","_opacity":1,"_weight":3},"geometry":{"type":"LineString","coordinates":[[139.67813,35.93142],[139.69173,35.91763],[139.70871,35.90435],[139.72889,35.88928],[139.74433,35.87403],[139.75668,35.85697],[139.77277,35.83884]]}},{"type":"Feature","properties":{"_color":"#3388ff","_opacity":1,"_weight":3},"geometry":{"type":"LineString","coordinates":[[139.66,35.95431],[139.67563,35.93395],[139.67813,35.93142]]}},{"type":"Feature","properties":{"_color":"#3388ff","_opacity":1,"_weight":3},"geometry":{"type":"LineString","coordinates":[[139.65726,35.96855],[139.65804,35.96737],[139.67443,35.95484],[139.69573,35.93565],[139.71704,35.91673],[139.73244,35.90526]]}},{"type":"Feature","properties":{"_color":"#3388ff","_opacity":1,"_weight":3},"geometry":{"type":"LineString","coordinates":[[139.64755,35.98335],[139.65726,35.96855]]}},{"type":"Feature","properties":{"_color":"#3388ff","_opacity":1,"_weight":3},"geometry":{"type":"LineString","coordinates":[[140.22874,38.70951],[140.22869,38.70899],[140.2286,38.70818],[140.22855,38.7075],[140.22844,38.70679],[140.22838,38.70625],[140.22833,38.70565],[140.22829,38.70488],[140.22824,38.70406],[140.22818,38.70337],[140.22813,38.70262],[140.22792,38.69937],[140.2279,38.69861],[140.22792,38.69806],[140.22796,38.69723],[140.22801,38.69665],[140.22819,38.69602],[140.22844,38.69516],[140.2287,38.69437],[140.22885,38.69385],[140.22908,38.693],[140.22926,38.69237],[140.22949,38.69167],[140.22957,38.69125],[140.22972,38.69084],[140.22986,38.69014],[140.22995,38.68957],[140.23007,38.689],[140.23018,38.68839],[140.23033,38.68762],[140.23042,38.68708],[140.23062,38.68646],[140.23098,38.6854],[140.2313,38.68453],[140.23148,38.68401],[140.2316,38.68355],[140.23211,38.68247],[140.23231,38.68201],[140.2327,38.68113],[140.23298,38.68055],[140.23335,38.67979],[140.23362,38.67907],[140.23396,38.6783],[140.2344,38.67737]]}},{"type":"Feature","properties":{"_color":"#3388ff","_opacity":1,"_weight":3},"geometry":{"type":"LineString","coordinates":[[140.26209,38.81305],[140.26221,38.81232],[140.26243,38.81115],[140.26262,38.8106],[140.26297,38.80976],[140.26412,38.8077],[140.2645,38.80684],[140.26472,38.8059],[140.26478,38.80543],[140.26483,38.80482],[140.26483,38.80424],[140.26463,38.80306],[140.2642,38.80139],[140.26411,38.80042],[140.26412,38.79964],[140.26421,38.79871],[140.26436,38.79793],[140.26488,38.79631],[140.2658,38.79322],[140.26614,38.79246],[140.26642,38.79192],[140.2678,38.78954]]}},{"type":"Feature","properties":{"name":"滝部（たきべ）断層","description":"地域評価対象断層（主要活断層帯ではない）","_color":"#ff0000","_opacity":0,"_weight":1,"_fillColor":"#ffffff","_fillOpacity":0},"geometry":{"type":"Polygon","coordinates":[[[130.99823,34.28672],[130.97626,34.27084],[130.92133,34.29126],[130.89935,34.31395],[130.92133,34.32302],[130.96527,34.30714],[130.99823,34.28672]]]}},{"type":"Feature","properties":{"name":"栄谷（さかえだに）断層","description":"地域評価対象断層（主要活断層帯ではない）","_color":"#ff0000","_opacity":0,"_weight":1,"_fillColor":"#ffffff","_fillOpacity":0},"geometry":{"type":"Polygon","coordinates":[[[131.82632,34.05038],[131.80572,34.06745],[131.8689,34.13454],[131.88126,34.12204],[131.82632,34.05038]]]}},{"type":"Feature","properties":{"name":"高田平野（たかだへいや）断層帯","_color":"#ff0000","_opacity":0,"_weight":1,"_fillColor":"#ffffff","_fillOpacity":0},"geometry":{"type":"Polygon","coordinates":[[[138.26843,36.98281],[138.21625,37.00036],[138.17505,37.07271],[138.18878,37.2347],[138.22998,37.30027],[138.26843,37.28717],[138.26294,37.06175],[138.35358,37.22377],[138.40027,37.20627],[138.39203,37.10777],[138.33435,37.02229],[138.26843,36.98281]]]}},{"type":"Feature","properties":{"name":"十日町（とおかまち）断層帯","_color":"#ff0000","_opacity":0,"_weight":1,"_fillColor":"#ffffff","_fillOpacity":0},"geometry":{"type":"Polygon","coordinates":[[[138.5733,36.97184],[138.63373,36.97842],[138.74634,37.03325],[138.81226,37.17783],[138.7738,37.25657],[138.74359,37.23907],[138.67767,37.12967],[138.67767,37.07928],[138.55957,36.99597],[138.5733,36.97184]]]}},{"type":"Feature","properties":{"name":"六日町（むいかまち）断層帯","_color":"#ff0000","_opacity":0,"_weight":1,"_fillColor":"#ffffff","_fillOpacity":0},"geometry":{"type":"Polygon","coordinates":[[[138.8205,36.90159],[138.83697,36.91916],[138.83423,36.98939],[139.07318,37.35924],[139.04022,37.37016],[138.95508,37.34396],[138.92487,37.27842],[138.86993,37.15594],[138.76282,36.96745],[138.78204,36.91037],[138.8205,36.90159]]]}},{"type":"Feature","properties":{"name":"長岡平野西縁（ながおかへいやせいえん）断層帯","_color":"#ff0000","_opacity":0,"_weight":1,"_fillColor":"#ffffff","_fillOpacity":0},"geometry":{"type":"Polygon","coordinates":[[[138.79028,37.30465],[138.7381,37.30465],[138.72986,37.40071],[138.71613,37.48576],[138.86993,37.92903],[138.83972,38.00049],[138.84521,38.08053],[138.88092,38.08269],[138.88641,37.994],[138.91388,37.88352],[138.89465,37.76203],[138.86993,37.63381],[138.80402,37.47268],[138.79028,37.30465]]]}},{"type":"Feature","properties":{"name":"月岡（つきおか）断層帯","_color":"#ff0000","_opacity":0,"_weight":1,"_fillColor":"#ffffff","_fillOpacity":0},"geometry":{"type":"Polygon","coordinates":[[[139.19678,37.64686],[139.15832,37.66208],[139.21051,37.79676],[139.30115,37.9312],[139.35059,37.92037],[139.30664,37.79459],[139.27643,37.73163],[139.19678,37.64686]]]}},{"type":"Feature","properties":{"name":"櫛形山脈（くしがたさんみゃく）断層帯","_color":"#ff0000","_opacity":0,"_weight":1,"_fillColor":"#ffffff","_fillOpacity":0},"geometry":{"type":"Polygon","coordinates":[[[139.44946,38.00049],[139.35883,37.99183],[139.35608,38.01131],[139.44672,38.15184],[139.48791,38.1324],[139.50439,38.04809],[139.44946,38.00049]]]}},{"type":"Feature","properties":{"name":"会津（あいづ）盆地西縁・東縁断層帯","description":"・会津盆地西縁断層帯","_color":"#ff0000","_opacity":0,"_weight":1,"_fillColor":"#ffffff","_fillOpacity":0},"geometry":{"type":"Polygon","coordinates":[[[139.79828,37.4138],[139.78455,37.42034],[139.7406,37.55873],[139.75983,37.6436],[139.84085,37.72945],[139.88342,37.73163],[139.81476,37.54893],[139.83536,37.51735],[139.79828,37.4138]]]}},{"type":"Feature","properties":{"name":"会津（あいづ）盆地西縁・東縁断層帯","description":"・会津盆地東縁断層帯","_color":"#ff0000","_opacity":0,"_weight":1,"_fillColor":"#ffffff","_fillOpacity":0},"geometry":{"type":"Polygon","coordinates":[[[139.9411,37.66643],[139.96719,37.66425],[139.96994,37.56635],[139.96582,37.49774],[139.92737,37.38216],[139.88892,37.24782],[139.82163,37.21393],[139.82987,37.29372],[139.91089,37.50319],[139.9205,37.52933],[139.90265,37.57288],[139.9411,37.66643]]]}},{"type":"Feature","properties":{"name":"長井（ながい）盆地西縁断層帯","_color":"#ff0000","_opacity":0,"_weight":1,"_fillColor":"#ffffff","_fillOpacity":0},"geometry":{"type":"Polygon","coordinates":[[[140.1059,37.84341],[140.03174,37.86076],[140.00015,37.9312],[139.96445,38.07945],[139.9823,38.15184],[140.121,38.30503],[140.14847,38.32011],[140.15808,38.30934],[140.13748,38.26514],[140.06058,38.18962],[140.01251,38.10323],[140.00839,38.05458],[140.05646,38.05674],[140.08804,37.95178],[140.1059,37.84341]]]}},{"type":"Feature","properties":{"name":"福島盆地（ふくしまぼんち）西縁断層帯","_color":"#ff0000","_opacity":0,"_weight":1,"_fillColor":"#ffffff","_fillOpacity":0},"geometry":{"type":"Polygon","coordinates":[[[140.67719,38.13564],[140.69641,38.13672],[140.7019,38.12159],[140.65933,38.03511],[140.63324,38.00698],[140.61539,37.9182],[140.58792,37.8651],[140.49316,37.80978],[140.43961,37.80544],[140.37781,37.76203],[140.35996,37.69034],[140.33386,37.69034],[140.34073,37.77723],[140.39429,37.84341],[140.47806,37.85534],[140.51376,37.89978],[140.58105,37.94745],[140.57693,38.00698],[140.58655,38.02646],[140.67719,38.13564]]]}},{"type":"Feature","properties":{"name":"長町−利府（ながまち−りふ）線断層帯","_color":"#ff0000","_opacity":0,"_weight":1,"_fillColor":"#ffffff","_fillOpacity":0},"geometry":{"type":"Polygon","coordinates":[[[141.03561,38.38365],[141.04935,38.37719],[141.02737,38.34704],[140.86945,38.21337],[140.85846,38.17559],[140.81589,38.1961],[140.77881,38.18639],[140.74448,38.14428],[140.71701,38.1378],[140.67856,38.1432],[140.68131,38.15724],[140.71838,38.16048],[140.73212,38.19394],[140.85434,38.25652],[140.94635,38.33735],[141.03561,38.38365]]]}},{"type":"Feature","properties":{"name":"双葉（ふたば）断層","_color":"#ff0000","_opacity":0,"_weight":1,"_fillColor":"#ffffff","_fillOpacity":0},"geometry":{"type":"Polygon","coordinates":[[[140.83099,38.02213],[140.85159,38.02538],[140.88043,37.96802],[140.91339,37.65664],[140.88318,37.65664],[140.83374,37.84558],[140.84747,37.97451],[140.83099,38.02213]]]}},{"type":"Feature","properties":{"name":"山形盆地（やまがたぼんち）断層帯","_color":"#ff0000","_opacity":0,"_weight":1,"_fillColor":"#ffffff","_fillOpacity":0},"geometry":{"type":"Polygon","coordinates":[[[140.33798,38.66192],[140.35446,38.66621],[140.38193,38.50949],[140.36408,38.47079],[140.29129,38.40087],[140.29816,38.21876],[140.32288,38.18531],[140.24734,38.11295],[140.23361,38.12591],[140.24048,38.41163],[140.3064,38.55783],[140.33936,38.58038],[140.33798,38.66192]]]}},{"type":"Feature","properties":{"name":"庄内（しょうない）平野東縁断層帯","_color":"#ff0000","_opacity":0,"_weight":1,"_fillColor":"#ffffff","_fillOpacity":0},"geometry":{"type":"Polygon","coordinates":[[[139.94247,38.73052],[139.98093,38.73159],[140.00427,38.81082],[139.98367,38.97009],[140.00427,39.00531],[140.00427,39.03625],[139.9411,39.08104],[139.90402,39.08211],[139.89716,39.03732],[139.92325,38.9829],[139.9205,38.87821],[139.93835,38.82794],[139.96307,38.80868],[139.94247,38.73052]]]}},{"type":"Feature","properties":{"name":"北上（きたかみ）低地西縁断層帯","_color":"#ff0000","_opacity":0,"_weight":1,"_fillColor":"#ffffff","_fillOpacity":0},"geometry":{"type":"Polygon","coordinates":[[[141.07132,39.64377],[141.12076,39.64588],[141.10702,39.575],[141.13724,39.51252],[141.10428,39.4521],[141.05072,39.38526],[141.00952,39.37253],[140.98068,39.32686],[141.01914,39.24608],[141.05759,39.21097],[141.06445,39.14604],[141.05896,39.12154],[141.08231,39.05758],[141.05484,39.05865],[141.01364,39.13965],[140.96695,39.15882],[140.95047,39.32792],[140.97931,39.39375],[141.03012,39.42877],[141.07956,39.52947],[141.05896,39.57606],[141.07132,39.64377]]]}},{"type":"Feature","properties":{"name":"雫石（しずくいし）盆地西縁−真昼山地（まひるさんち）東縁断層帯","description":"・雫石盆地西縁断層帯","_color":"#ff0000","_opacity":0,"_weight":1,"_fillColor":"#ffffff","_fillOpacity":0},"geometry":{"type":"Polygon","coordinates":[[[140.94223,39.81381],[140.96832,39.81486],[140.95459,39.69134],[140.91888,39.64059],[140.9024,39.65857],[140.9079,39.74838],[140.94223,39.81381]]]}},{"type":"Feature","properties":{"name":"雫石（しずくいし）盆地西縁−真昼山地（まひるさんち）東縁断層帯","description":"・真昼山地東縁断層帯","_color":"#ff0000","_opacity":0,"_weight":1,"_fillColor":"#ffffff","_fillOpacity":0},"geometry":{"type":"Polygon","coordinates":[[[140.81589,39.61098],[140.83649,39.61098],[140.84061,39.50722],[140.78705,39.4627],[140.75958,39.40967],[140.7225,39.39482],[140.73624,39.3343],[140.71838,39.26416],[140.69504,39.2716],[140.7074,39.32792],[140.6868,39.38102],[140.73624,39.47331],[140.80902,39.5157],[140.80765,39.56018],[140.81589,39.61098]]]}},{"type":"Feature","properties":{"name":"北由利（きたゆり）断層","_color":"#ff0000","_opacity":0,"_weight":1,"_fillColor":"#ffffff","_fillOpacity":0},"geometry":{"type":"Polygon","coordinates":[[[139.99191,39.40224],[140.01526,39.40331],[140.03448,39.46376],[140.01251,39.52417],[140.02762,39.68183],[139.99741,39.68077],[139.97955,39.61627],[139.97131,39.52311],[139.99878,39.4627],[139.99191,39.40224]]]}},{"type":"Feature","properties":{"name":"花輪東（はなわひがし）断層帯","_color":"#ff0000","_opacity":0,"_weight":1,"_fillColor":"#ffffff","_fillOpacity":0},"geometry":{"type":"Polygon","coordinates":[[[140.76233,40.07492],[140.80902,40.09908],[140.85983,40.25018],[140.8461,40.25018],[140.8049,40.23656],[140.7431,40.11484],[140.76233,40.07492]]]}},{"type":"Feature","properties":{"name":"青森湾西岸（あおもりわんせいがん）断層帯","_color":"#ff0000","_opacity":0,"_weight":1,"_fillColor":"#ffffff","_fillOpacity":0},"geometry":{"type":"Polygon","coordinates":[[[140.73074,40.71083],[140.71014,40.70979],[140.68817,40.81901],[140.61127,40.82628],[140.60715,40.84083],[140.62363,40.8886],[140.60852,40.9353],[140.60577,40.98923],[140.62912,40.98716],[140.67581,40.88237],[140.72662,40.81485],[140.73074,40.71083]]]}},{"type":"Feature","properties":{"name":"津軽山地（つがるさんち）西縁断層帯","_color":"#ff0000","_opacity":0,"_weight":1,"_fillColor":"#ffffff","_fillOpacity":0},"geometry":{"type":"Polygon","coordinates":[[[140.60165,40.56598],[140.62912,40.56494],[140.64972,40.6348],[140.65521,40.78678],[140.625,40.78678],[140.60852,40.7483],[140.5838,40.75454],[140.54947,40.7639],[140.5275,40.82524],[140.49591,40.85329],[140.4808,40.84706],[140.47257,40.8242],[140.49728,40.75246],[140.54947,40.68689],[140.59616,40.69105],[140.59479,40.61187],[140.58655,40.5931],[140.60165,40.56598]]]}},{"type":"Feature","properties":{"name":"函館（はこだて）平野西縁断層帯","_color":"#ff0000","_opacity":0,"_weight":1,"_fillColor":"#ffffff","_fillOpacity":0},"geometry":{"type":"Polygon","coordinates":[[[140.64697,41.93498],[140.65933,41.92782],[140.63599,41.72418],[140.60852,41.69753],[140.59891,41.71086],[140.59341,41.81329],[140.58929,41.85524],[140.59616,41.89308],[140.64697,41.93498]]]}},{"type":"Feature","properties":{"name":"黒松内低地（くろまつないていち）断層帯","_color":"#ff0000","_opacity":0,"_weight":1,"_fillColor":"#ffffff","_fillOpacity":0},"geometry":{"type":"Polygon","coordinates":[[[140.26382,42.75306],[140.30365,42.74701],[140.34485,42.70262],[140.38605,42.6481],[140.35034,42.63194],[140.33936,42.58544],[140.36545,42.546],[140.37369,42.51361],[140.32837,42.45184],[140.3215,42.46095],[140.32013,42.49944],[140.33386,42.51969],[140.32288,42.54701],[140.2803,42.58241],[140.28168,42.64103],[140.25558,42.7339],[140.26382,42.75306]]]}},{"type":"Feature","properties":{"name":"増毛（ましけ）山地東縁断層帯","_color":"#ff0000","_opacity":0,"_weight":1,"_fillColor":"#ffffff","_fillOpacity":0},"geometry":{"type":"Polygon","coordinates":[[[141.81152,43.82462],[141.8692,43.87612],[141.99554,43.87216],[142.0285,43.82462],[141.97906,43.5983],[141.92688,43.48282],[141.66321,43.32718],[141.64673,43.35314],[141.80603,43.47485],[141.81152,43.82462]]]}},{"type":"Feature","properties":{"name":"富良野（ふらの）断層帯","_color":"#ff0000","_opacity":0,"_weight":1,"_fillColor":"#ffffff","_fillOpacity":0},"geometry":{"type":"Polygon","coordinates":[[[142.40753,43.14509],[142.37457,43.1511],[142.33612,43.18315],[142.32239,43.26521],[142.33337,43.33716],[142.34985,43.38908],[142.38831,43.44096],[142.45972,43.46887],[142.48993,43.3811],[142.42127,43.26321],[142.40753,43.14509]]]}},{"type":"Feature","properties":{"name":"十勝（とかち）平野断層帯","_color":"#ff0000","_opacity":0,"_weight":1,"_fillColor":"#ffffff","_fillOpacity":0},"geometry":{"type":"Polygon","coordinates":[[[143.41003,43.31119],[143.4375,43.30719],[143.40729,43.11702],[143.31116,43.00063],[143.38257,42.76315],[143.26996,42.53082],[143.34686,42.30169],[143.3194,42.28137],[143.1134,42.47817],[143.1546,42.53487],[143.21228,42.60364],[143.13812,42.87596],[143.19305,43.06488],[143.41003,43.31119]]]}},{"type":"Feature","properties":{"name":"標津（しべつ）断層帯","_color":"#ff0000","_opacity":0,"_weight":1,"_fillColor":"#ffffff","_fillOpacity":0},"geometry":{"type":"Polygon","coordinates":[[[144.70093,43.54855],[144.85474,43.56447],[144.98657,43.65595],[145.11841,43.89393],[145.12665,43.94933],[145.0882,43.94933],[145.01404,43.88008],[144.69269,43.56049],[144.70093,43.54855]]]}},{"type":"Feature","properties":{"name":"サロベツ断層帯","_color":"#ff0000","_opacity":0,"_weight":1,"_fillColor":"#ffffff","_fillOpacity":0},"geometry":{"type":"Polygon","coordinates":[[[141.53412,45.19946],[141.58905,45.21687],[141.81976,44.81692],[141.75934,44.80717],[141.53412,45.19946]]]}},{"type":"Feature","properties":{"name":"鴨川低地（かもがわていち）断層帯","_color":"#ff0000","_opacity":0,"_weight":1,"_fillColor":"#ffffff","_fillOpacity":0},"geometry":{"type":"Polygon","coordinates":[[[139.81339,35.07384],[139.84634,35.11429],[139.88892,35.12328],[140.121,35.09519],[140.09766,35.05248],[139.98779,35.04686],[139.82575,35.06372],[139.81339,35.07384]]]}},{"type":"Feature","properties":{"name":"立川（たちかわ）断層帯","_color":"#ff0000","_opacity":0,"_weight":1,"_fillColor":"#ffffff","_fillOpacity":0},"geometry":{"type":"Polygon","coordinates":[[[139.1748,35.87125],[139.18442,35.89572],[139.31625,35.84342],[139.4577,35.69746],[139.45084,35.65618],[139.42749,35.6506],[139.32037,35.77214],[139.25171,35.83118],[139.1748,35.87125]]]}},{"type":"Feature","properties":{"name":"越生（おごせ）断層","description":"地域評価対象断層（主要活断層帯ではない）","_color":"#ff0000","_opacity":0,"_weight":1,"_fillColor":"#ffffff","_fillOpacity":0},"geometry":{"type":"Polygon","coordinates":[[[139.24347,36.01911],[139.29291,36.02023],[139.32449,35.94021],[139.319,35.88015],[139.29703,35.88015],[139.25034,35.95689],[139.24347,36.01911]]]}},{"type":"Feature","properties":{"name":"深谷（ふかや）断層帯・綾瀬川（あやせがわ）断層","description":"（※関東平野北西縁断層帯・元荒川断層帯が、再評価により<br>深谷断層帯・綾瀬川断層に再区分された。）<br><br>・深谷断層帯","_color":"#ff0000","_opacity":0,"_weight":1,"_fillColor":"#ffffff","_fillOpacity":0},"geometry":{"type":"Polygon","coordinates":[[[138.80539,36.32508],[138.83423,36.4047],[138.98804,36.35938],[139.2009,36.26421],[139.44397,36.10571],[139.4632,36.08129],[139.50577,36.05465],[139.49615,36.04022],[139.32861,36.0824],[139.25034,36.13011],[139.14871,36.13566],[139.02649,36.18555],[138.84796,36.28192],[138.80539,36.32508]]]}},{"type":"Feature","properties":{"name":"深谷（ふかや）断層帯・綾瀬川（あやせがわ）断層","description":"（※関東平野北西縁断層帯・元荒川断層帯が、再評価により<br>深谷断層帯・綾瀬川断層に再区分された。）<br><br>・綾瀬川断層","_color":"#ff0000","_opacity":0,"_weight":1,"_fillColor":"#ffffff","_fillOpacity":0},"geometry":{"type":"Polygon","coordinates":[[[139.47418,36.09572],[139.55246,36.07685],[139.66232,35.99801],[139.70352,36.00356],[139.73511,35.98801],[139.75571,35.89795],[139.79416,35.83563],[139.76669,35.82672],[139.53049,36.03244],[139.50577,36.06242],[139.47281,36.08018],[139.47418,36.09572]]]}},{"type":"Feature","properties":{"name":"太田（おおた）断層","description":"地域評価対象断層（主要活断層帯ではない）","_color":"#ff0000","_opacity":0,"_weight":1,"_fillColor":"#ffffff","_fillOpacity":0},"geometry":{"type":"Polygon","coordinates":[[[139.44534,36.22877],[139.42474,36.22323],[139.41101,36.23984],[139.40826,36.29078],[139.36844,36.32398],[139.32449,36.38149],[139.33685,36.38923],[139.35608,36.37707],[139.38629,36.35274],[139.43298,36.29963],[139.44534,36.22877]]]}},{"type":"Feature","properties":{"name":"大久保（おおくぼ）断層","_color":"#ff0000","_opacity":0,"_weight":1,"_fillColor":"#ffffff","_fillOpacity":0},"geometry":{"type":"Polygon","coordinates":[[[139.16931,36.46547],[139.18579,36.48204],[139.32175,36.44117],[139.39247,36.38094],[139.37668,36.37043],[139.29359,36.42184],[139.19197,36.44835],[139.16931,36.46547]]]}},{"type":"Feature","properties":{"name":"内ノ籠（うちのこもり）断層","description":"地域評価対象断層（主要活断層帯ではない）","_color":"#ff0000","_opacity":0,"_weight":1,"_fillColor":"#ffffff","_fillOpacity":0},"geometry":{"type":"Polygon","coordinates":[[[139.43298,36.60009],[139.51813,36.61994],[139.54147,36.67723],[139.51675,36.72017],[139.44534,36.67393],[139.43298,36.60009]]]}},{"type":"Feature","properties":{"name":"片品川左岸（かたしながわさがん）断層","description":"地域評価対象断層（主要活断層帯ではない）","_color":"#ff0000","_opacity":0,"_weight":1,"_fillColor":"#ffffff","_fillOpacity":0},"geometry":{"type":"Polygon","coordinates":[[[139.20364,36.70366],[139.23248,36.69045],[139.28192,36.78729],[139.24347,36.82907],[139.23111,36.81258],[139.23935,36.78289],[139.20364,36.70366]]]}},{"type":"Feature","properties":{"name":"関谷（せきや）断層","_color":"#ff0000","_opacity":0,"_weight":1,"_fillColor":"#ffffff","_fillOpacity":0},"geometry":{"type":"Polygon","coordinates":[[[139.87793,36.80379],[139.83536,36.81368],[139.8793,37.00036],[139.93424,37.17345],[139.9617,37.15922],[139.95209,37.02997],[139.87793,36.80379]]]}},{"type":"Feature","properties":{"name":"石廊崎（いろうざき）断層","description":"地域評価対象断層（主要活断層帯ではない）","_color":"#ff0000","_opacity":0,"_weight":1,"_fillColor":"#ffffff","_fillOpacity":0},"geometry":{"type":"Polygon","coordinates":[[[138.70789,34.68065],[138.72299,34.69646],[138.918,34.58008],[138.90289,34.56651],[138.70789,34.68065]]]}},{"type":"Feature","properties":{"name":"稲取（いなとり）断層帯","description":"地域評価対象断層（主要活断層帯ではない）","_color":"#ff0000","_opacity":0,"_weight":1,"_fillColor":"#ffffff","_fillOpacity":0},"geometry":{"type":"Polygon","coordinates":[[[138.97018,34.79351],[138.98254,34.80365],[139.22974,34.77433],[139.22974,34.74613],[139.02237,34.745],[138.96332,34.77997],[138.97018,34.79351]]]}},{"type":"Feature","properties":{"name":"伊東沖（いとうおき）断層","description":"地域評価対象断層（主要活断層帯ではない）","_color":"#ff0000","_opacity":0,"_weight":1,"_fillColor":"#ffffff","_fillOpacity":0},"geometry":{"type":"Polygon","coordinates":[[[139.22424,34.85889],[139.19678,34.85213],[139.16107,34.97713],[139.17892,34.98275],[139.22424,34.85889]]]}},{"type":"Feature","properties":{"name":"塩沢（しおざわ）断層帯・平山−松田北（ひらやま−まつだきた）断層帯・国府津−松田（こうづ−まつだ）断層帯","description":"（※神縄・国府津−松田断層帯の再評価により<br>塩沢断層帯・平山−松田北断層帯・国府津−松田断層帯に再区分された。）<br><br>・塩沢断層帯","_color":"#ff0000","_opacity":0,"_weight":1,"_fillColor":"#ffffff","_fillOpacity":0},"geometry":{"type":"Polygon","coordinates":[[[138.88779,35.32409],[138.90839,35.32409],[138.96469,35.35658],[139.00314,35.33417],[139.05121,35.39689],[139.0361,35.41144],[138.99765,35.39912],[138.95508,35.39577],[138.8768,35.34202],[138.88779,35.32409]]]}},{"type":"Feature","properties":{"name":"塩沢（しおざわ）断層帯・平山−松田北（ひらやま−まつだきた）断層帯・国府津−松田（こうづ−まつだ）断層帯","description":"（※神縄・国府津−松田断層帯の再評価により<br>塩沢断層帯・平山−松田北断層帯・国府津−松田断層帯に再区分された。）<br><br>・平山−松田北断層帯","_color":"#ff0000","_opacity":0,"_weight":1,"_fillColor":"#ffffff","_fillOpacity":0},"geometry":{"type":"Polygon","coordinates":[[[139.15352,35.35574],[139.15214,35.34622],[139.09893,35.34566],[139.06185,35.32493],[139.03061,35.28178],[139.01344,35.28963],[139.01997,35.31905],[139.06391,35.36666],[139.1264,35.36917],[139.15352,35.35574]]]}},{"type":"Feature","properties":{"name":"塩沢（しおざわ）断層帯・平山−松田北（ひらやま−まつだきた）断層帯・国府津−松田（こうづ−まつだ）断層帯","description":"（※神縄・国府津−松田断層帯の再評価により<br>塩沢断層帯・平山−松田北断層帯・国府津−松田断層帯に再区分された。）<br><br>・国府津ー松田断層帯","_color":"#ff0000","_opacity":0,"_weight":1,"_fillColor":"#ffffff","_fillOpacity":0},"geometry":{"type":"Polygon","coordinates":[[[139.14459,35.33725],[139.14983,35.346],[139.15227,35.34607],[139.15592,35.35882],[139.14768,35.37421],[139.18922,35.38065],[139.2596,35.36861],[139.2318,35.35574],[139.16862,35.35602],[139.19266,35.32325],[139.2318,35.2843],[139.23729,35.27702],[139.26304,35.30756],[139.29737,35.34649],[139.30664,35.33977],[139.27334,35.29355],[139.2596,35.30084],[139.25377,35.29355],[139.23969,35.27562],[139.24587,35.2616],[139.28742,35.21954],[139.31145,35.13535],[139.36672,35.07328],[139.342,35.06654],[139.28124,35.12272],[139.26201,35.20271],[139.1748,35.28991],[139.14459,35.33725]]]}},{"type":"Feature","properties":{"name":"伊勢原（いせはら）断層","_color":"#ff0000","_opacity":0,"_weight":1,"_fillColor":"#ffffff","_fillOpacity":0},"geometry":{"type":"Polygon","coordinates":[[[139.31007,35.3633],[139.29153,35.3633],[139.28742,35.44053],[139.22081,35.51602],[139.26544,35.56128],[139.30183,35.53558],[139.27162,35.50652],[139.29565,35.47185],[139.32243,35.47297],[139.32106,35.43326],[139.31007,35.3633]]]}},{"type":"Feature","properties":{"name":"三浦半島断層群（みうらはんとうだんそうぐん）","_color":"#ff0000","_opacity":0,"_weight":1,"_fillColor":"#ffffff","_fillOpacity":0},"geometry":{"type":"Polygon","coordinates":[[[139.6788,35.15248],[139.73717,35.23945],[139.65134,35.27814],[139.6122,35.2815],[139.55658,35.27533],[139.59709,35.22038],[139.61083,35.17493],[139.62456,35.15248],[139.6788,35.15248]]]}},{"type":"Feature","properties":{"name":"糸魚川−静岡構造線（いといがわ－しずおかこうぞうせん）断層帯","_color":"#ff0000","_opacity":0,"_weight":1,"_fillColor":"#ffffff","_fillOpacity":0},"geometry":{"type":"Polygon","coordinates":[[[137.90314,36.81368],[137.93335,36.80489],[137.90863,36.71247],[137.87567,36.6023],[137.90863,36.44117],[137.94983,36.36601],[137.98828,36.36601],[138.00751,36.33062],[138.00476,36.23763],[138.06244,36.1046],[138.12836,36.08462],[138.20526,35.98467],[138.32336,35.8668],[138.34534,35.81336],[138.414,35.78885],[138.46893,35.67068],[138.46069,35.57021],[138.4758,35.53558],[138.39615,35.41256],[138.36319,35.42487],[138.40851,35.56798],[138.38516,35.69076],[138.33023,35.69523],[138.26157,35.84231],[138.14072,35.968],[138.06931,36.00245],[138.03909,36.06325],[138.01025,36.10709],[137.99343,36.14314],[137.96699,36.14397],[137.9591,36.20744],[137.87705,36.3649],[137.82211,36.54605],[137.82623,36.70366],[137.84683,36.74659],[137.90314,36.81368]]]}},{"type":"Feature","properties":{"name":"長野盆地西縁（ながのぼんちせいえん）断層帯","description":"<b>（信濃川（しなのがわ）断層帯）</b>","_color":"#ff0000","_opacity":0,"_weight":1,"_fillColor":"#ffffff","_fillOpacity":0},"geometry":{"type":"Polygon","coordinates":[[[138.47099,36.97184],[138.43529,36.856],[138.38173,36.83347],[138.36525,36.73888],[138.24852,36.67062],[138.16475,36.61442],[138.09059,36.45829],[137.99927,36.40028],[137.98965,36.44007],[138.12973,36.63977],[138.24165,36.72017],[138.3213,36.76584],[138.33229,36.88237],[138.41744,36.97458],[138.47099,36.97184]]]}},{"type":"Feature","properties":{"name":"曽根丘陵（そねきゅうりょう）断層帯","_color":"#ff0000","_opacity":0,"_weight":1,"_fillColor":"#ffffff","_fillOpacity":0},"geometry":{"type":"Polygon","coordinates":[[[138.4758,35.56575],[138.72093,35.66901],[138.73879,35.71641],[138.77792,35.73759],[138.79097,35.71809],[138.75938,35.63944],[138.67424,35.59981],[138.49228,35.54117],[138.4758,35.56575]]]}},{"type":"Feature","properties":{"name":"富士川河口（ふじかわかこう）断層帯","_color":"#ff0000","_opacity":0,"_weight":1,"_fillColor":"#ffffff","_fillOpacity":0},"geometry":{"type":"Polygon","coordinates":[[[138.58292,35.32353],[138.60558,35.31569],[138.6145,35.22711],[138.66325,35.18335],[138.64403,35.09407],[138.5733,35.07496],[138.52524,35.08508],[138.53348,35.11879],[138.5527,35.18054],[138.56094,35.1957],[138.54172,35.26805],[138.58292,35.32353]]]}},{"type":"Feature","properties":{"name":"身延（みのぶ）断層","_color":"#ff0000","_opacity":0,"_weight":1,"_fillColor":"#ffffff","_fillOpacity":0},"geometry":{"type":"Polygon","coordinates":[[[138.41538,35.38569],[138.43666,35.38345],[138.4346,35.34593],[138.45451,35.3112],[138.45863,35.2787],[138.53828,35.22879],[138.53279,35.21645],[138.47031,35.24394],[138.43872,35.26861],[138.43254,35.30504],[138.40714,35.3409],[138.41538,35.38569]]]}},{"type":"Feature","properties":{"name":"北伊豆（きたいず）断層帯","_color":"#ff0000","_opacity":0,"_weight":1,"_fillColor":"#ffffff","_fillOpacity":0},"geometry":{"type":"Polygon","coordinates":[[[138.98872,35.17661],[139.02031,35.18559],[139.03542,35.1317],[139.04022,35.02156],[138.94547,34.91353],[138.93379,34.92591],[138.92967,34.97769],[138.94753,34.97881],[138.9798,35.01875],[138.99216,35.05473],[138.98872,35.17661]]]}},{"type":"Feature","properties":{"name":"伊那谷（いなだに）断層帯","_color":"#ff0000","_opacity":0,"_weight":1,"_fillColor":"#ffffff","_fillOpacity":0},"geometry":{"type":"Polygon","coordinates":[[[137.82074,35.32297],[137.71637,35.21982],[137.69852,35.23889],[137.76581,35.32297],[137.76169,35.35882],[137.70676,35.39129],[137.67242,35.32745],[137.65183,35.33977],[137.67448,35.37841],[137.68616,35.40696],[137.69714,35.46011],[137.76512,35.52664],[137.84615,35.59032],[137.87155,35.71864],[137.8894,35.85455],[137.89215,35.86847],[137.97043,36.00967],[137.98141,36.00301],[138.01094,35.93632],[137.98347,35.85678],[137.94502,35.62605],[137.81044,35.39241],[137.82074,35.32297]]]}},{"type":"Feature","properties":{"name":"境峠・神谷（さかいとうげ・かみや）断層帯","description":"・境峠・神谷断層帯主部","_color":"#ff0000","_opacity":0,"_weight":1,"_fillColor":"#ffffff","_fillOpacity":0},"geometry":{"type":"Polygon","coordinates":[[[137.887,35.84871],[137.8894,35.86624],[137.82692,35.89795],[137.78332,35.9391],[137.69508,36.13926],[137.60685,36.21492],[137.58591,36.19913],[137.65903,36.13122],[137.67311,36.10376],[137.67139,36.08268],[137.6865,36.03022],[137.76787,35.91352],[137.80151,35.9024],[137.80357,35.89128],[137.80941,35.87876],[137.887,35.84871]]]}},{"type":"Feature","properties":{"name":"境峠・神谷（さかいとうげ・かみや）断層帯","description":"・霧訪山−奈良井（むとうやま−ならい）断層帯","_color":"#ff0000","_opacity":0,"_weight":1,"_fillColor":"#ffffff","_fillOpacity":0},"geometry":{"type":"Polygon","coordinates":[[[137.79087,35.93382],[137.78435,35.93966],[137.78366,35.96217],[137.79362,35.98273],[137.89318,36.04771],[137.96185,36.10071],[138.01197,36.10349],[138.01575,36.09544],[138.01781,36.08934],[138.00201,36.06659],[138.03635,36.06298],[138.03429,36.05659],[137.99515,36.04105],[137.95086,36.03661],[137.88048,36.00162],[137.79087,35.93382]]]}},{"type":"Feature","properties":{"name":"牛首（うしくび）断層帯","_color":"#ff0000","_opacity":0,"_weight":1,"_fillColor":"#ffffff","_fillOpacity":0},"geometry":{"type":"Polygon","coordinates":[[[137.37167,36.57914],[137.3909,36.55598],[137.36069,36.52619],[137.32498,36.51736],[137.211,36.45332],[137.19177,36.40249],[137.09839,36.36601],[136.97617,36.2941],[136.90613,36.26642],[136.88621,36.26698],[136.89102,36.28303],[137.01942,36.35993],[137.19177,36.48204],[137.37167,36.57914]]]}},{"type":"Feature","properties":{"name":"跡津川（あとつがわ）断層帯","_color":"#ff0000","_opacity":0,"_weight":1,"_fillColor":"#ffffff","_fillOpacity":0},"geometry":{"type":"Polygon","coordinates":[[[137.51381,36.57198],[137.60445,36.59899],[137.61475,36.57804],[137.55981,36.49694],[137.43828,36.45111],[137.30644,36.39199],[137.15195,36.30793],[137.01874,36.25479],[136.96106,36.24317],[136.92192,36.25701],[136.9281,36.26919],[136.97136,36.26642],[137.07504,36.31291],[137.22061,36.37762],[137.26181,36.44669],[137.33666,36.47155],[137.51381,36.57198]]]}},{"type":"Feature","properties":{"name":"森本・富樫（もりもと・とがし）断層帯","_color":"#ff0000","_opacity":0,"_weight":1,"_fillColor":"#ffffff","_fillOpacity":0},"geometry":{"type":"Polygon","coordinates":[[[136.59576,36.45443],[136.6301,36.45443],[136.69327,36.5273],[136.75232,36.67943],[136.72485,36.68274],[136.64108,36.59679],[136.604,36.52067],[136.59576,36.45443]]]}},{"type":"Feature","properties":{"name":"邑知潟（おうちがた）断層帯","_color":"#ff0000","_opacity":0,"_weight":1,"_fillColor":"#ffffff","_fillOpacity":0},"geometry":{"type":"Polygon","coordinates":[[[136.97205,37.05627],[137.01462,37.03764],[136.93634,36.95209],[136.81686,36.84776],[136.76056,36.69926],[136.72348,36.69045],[136.70013,36.71577],[136.72623,36.79279],[136.76743,36.85875],[136.82648,36.93782],[136.97205,37.05627]]]}},{"type":"Feature","properties":{"name":"砺波（となみ）平野断層帯・呉羽山（くれはやま）断層帯","description":"・砺波平野断層帯東部","_color":"#ff0000","_opacity":0,"_weight":1,"_fillColor":"#ffffff","_fillOpacity":0},"geometry":{"type":"Polygon","coordinates":[[[136.85806,36.49749],[136.90338,36.46878],[136.99265,36.5615],[137.04346,36.64308],[137.01187,36.653],[136.94733,36.56039],[136.85806,36.49749]]]}},{"type":"Feature","properties":{"name":"砺波（となみ）平野断層帯・呉羽山（くれはやま）断層帯","description":"・砺波平野断層帯西部","_color":"#ff0000","_opacity":0,"_weight":1,"_fillColor":"#ffffff","_fillOpacity":0},"geometry":{"type":"Polygon","coordinates":[[[136.89651,36.67283],[136.90681,36.61663],[136.8409,36.5135],[136.81824,36.53061],[136.84364,36.59844],[136.81412,36.61442],[136.80176,36.64088],[136.81824,36.68384],[136.94733,36.76419],[136.97617,36.74659],[136.89651,36.67283]]]}},{"type":"Feature","properties":{"name":"砺波（となみ）平野断層帯・呉羽山（くれはやま）断層帯","description":"・呉羽山断層帯","_color":"#ff0000","_opacity":0,"_weight":1,"_fillColor":"#ffffff","_fillOpacity":0},"geometry":{"type":"Polygon","coordinates":[[[137.2831,36.75869],[137.25082,36.71247],[137.22404,36.67833],[137.1595,36.65079],[137.14233,36.58355],[137.11006,36.58521],[137.08946,36.67613],[137.18559,36.73448],[137.25906,36.76639],[137.2831,36.75869]]]}},{"type":"Feature","properties":{"name":"魚津（うおづ）断層帯","_color":"#ff0000","_opacity":0,"_weight":1,"_fillColor":"#ffffff","_fillOpacity":0},"geometry":{"type":"Polygon","coordinates":[[[137.37305,36.66511],[137.32773,36.68384],[137.38129,36.79829],[137.44858,36.91037],[137.56531,36.94111],[137.58041,36.91037],[137.51312,36.89061],[137.51038,36.81918],[137.42798,36.75429],[137.37305,36.66511]]]}},{"type":"Feature","properties":{"name":"木曽山脈西縁（きそさんみゃくせいえん）断層帯","_color":"#ff0000","_opacity":0,"_weight":1,"_fillColor":"#ffffff","_fillOpacity":0},"geometry":{"type":"Polygon","coordinates":[[[137.69371,35.76212],[137.70813,35.82895],[137.76581,35.90463],[137.80014,35.90073],[137.80151,35.89155],[137.75001,35.80779],[137.73697,35.77465],[137.73216,35.71335],[137.70985,35.63777],[137.68581,35.54871],[137.68032,35.41983],[137.67757,35.39017],[137.61166,35.37645],[137.61784,35.41284],[137.65011,35.50121],[137.66419,35.61767],[137.65869,35.62772],[137.58316,35.52021],[137.58041,35.52049],[137.58316,35.54843],[137.58625,35.561],[137.59037,35.56854],[137.58762,35.57245],[137.55432,35.58725],[137.55158,35.59367],[137.58316,35.63247],[137.61646,35.66594],[137.66556,35.71307],[137.69371,35.76212]]]}},{"type":"Feature","properties":{"name":"長良川上流（ながらがわじょうりゅう）断層帯","_color":"#ff0000","_opacity":0,"_weight":1,"_fillColor":"#ffffff","_fillOpacity":0},"geometry":{"type":"Polygon","coordinates":[[[136.79627,35.97578],[136.83746,35.98245],[136.96106,35.80668],[136.98853,35.72422],[136.95831,35.70638],[136.86493,35.76434],[136.79352,35.8846],[136.79627,35.97578]]]}},{"type":"Feature","properties":{"name":"高山・大原（たかやま・おっぱら）断層帯","description":"・高山（たかやま）断層帯","_color":"#ff0000","_opacity":0,"_weight":1,"_fillColor":"#ffffff","_fillOpacity":0},"geometry":{"type":"Polygon","coordinates":[[[137.41425,36.14342],[137.41013,36.15894],[137.30988,36.14342],[137.27966,36.13122],[137.2522,36.11347],[137.19452,36.09905],[137.13821,36.07796],[137.07916,36.02467],[137.05856,35.99023],[137.06268,35.95355],[137.07642,35.9391],[137.05719,35.9113],[136.99265,35.88015],[136.99265,35.8668],[137.00638,35.86123],[137.04483,35.87125],[137.08328,35.91686],[137.14783,36.01023],[137.26456,36.06242],[137.38541,36.12013],[137.41425,36.14342]]]}},{"type":"Feature","properties":{"name":"高山・大原（たかやま・おっぱら）断層帯","description":"・猪之鼻（いのはな）断層","_color":"#ff0000","_opacity":0,"_weight":1,"_fillColor":"#ffffff","_fillOpacity":0},"geometry":{"type":"Polygon","coordinates":[[[137.27692,35.92464],[137.25632,35.94577],[137.25082,35.95578],[137.37167,36.0391],[137.509,36.07796],[137.5145,36.04355],[137.38815,35.9969],[137.27692,35.92464]]]}},{"type":"Feature","properties":{"name":"高山・大原（たかやま・おっぱら）断層帯","description":"・国府（こくふ）断層帯","_color":"#ff0000","_opacity":0,"_weight":1,"_fillColor":"#ffffff","_fillOpacity":0},"geometry":{"type":"Polygon","coordinates":[[[137.04071,36.03355],[137.13547,36.10571],[137.23572,36.15007],[137.24945,36.20993],[137.20413,36.2188],[137.12036,36.18777],[137.00363,36.11791],[137.00089,36.04355],[137.04071,36.03355]]]}},{"type":"Feature","properties":{"name":"庄川（しょうかわ）断層帯","_color":"#ff0000","_opacity":0,"_weight":1,"_fillColor":"#ffffff","_fillOpacity":0},"geometry":{"type":"Polygon","coordinates":[[[136.80725,36.51957],[136.77292,36.52178],[136.76743,36.44228],[136.82648,36.27085],[136.89789,36.10238],[136.9693,36.00801],[137.03934,35.91575],[137.06131,35.94021],[137.02286,35.99912],[136.99677,36.04355],[136.95007,36.12013],[136.99402,36.16892],[136.95831,36.20439],[136.91025,36.25978],[136.88141,36.26531],[136.8869,36.28081],[136.8663,36.30738],[136.82373,36.42018],[136.80725,36.51957]]]}},{"type":"Feature","properties":{"name":"阿寺（あてら）断層帯","description":"・阿寺断層帯主部","_color":"#ff0000","_opacity":0,"_weight":1,"_fillColor":"#ffffff","_fillOpacity":0},"geometry":{"type":"Polygon","coordinates":[[[137.0929,35.86902],[137.14783,35.90685],[137.17117,36.00578],[137.19452,36.01023],[137.23434,35.86902],[137.49664,35.64502],[137.55364,35.58362],[137.58934,35.56798],[137.58247,35.55569],[137.57835,35.52105],[137.59586,35.51686],[137.59174,35.50009],[137.57526,35.51434],[137.50557,35.5149],[137.50008,35.59144],[137.38884,35.69132],[137.32155,35.74596],[137.28584,35.7571],[137.17392,35.80445],[137.0929,35.86902]]]}},{"type":"Feature","properties":{"name":"阿寺（あてら）断層帯","description":"・佐見（さみ）断層帯","_color":"#ff0000","_opacity":0,"_weight":1,"_fillColor":"#ffffff","_fillOpacity":0},"geometry":{"type":"Polygon","coordinates":[[[137.08397,35.61042],[137.16087,35.61991],[137.25288,35.65897],[137.31331,35.67571],[137.33528,35.66678],[137.34215,35.66511],[137.34833,35.66901],[137.34695,35.68574],[137.34558,35.71697],[137.3188,35.73091],[137.27692,35.72645],[137.17392,35.68407],[137.08534,35.62047],[137.08397,35.61042]]]}},{"type":"Feature","properties":{"name":"阿寺（あてら）断層帯","description":"・白川（しらかわ）断層帯","_color":"#ff0000","_opacity":0,"_weight":1,"_fillColor":"#ffffff","_fillOpacity":0},"geometry":{"type":"Polygon","coordinates":[[[137.38129,35.69411],[137.38884,35.68798],[137.40669,35.6294],[137.34146,35.60093],[137.26936,35.61098],[137.20413,35.58753],[137.06474,35.57692],[137.06749,35.58418],[137.11968,35.60316],[137.23846,35.63163],[137.33528,35.65897],[137.35382,35.66957],[137.38129,35.69411]]]}},{"type":"Feature","properties":{"name":"福井平野東縁（ふくいへいやとうえん）断層帯","_color":"#ff0000","_opacity":0,"_weight":1,"_fillColor":"#ffffff","_fillOpacity":0},"geometry":{"type":"Polygon","coordinates":[[[136.11786,36.30849],[136.14533,36.32398],[136.23596,36.33947],[136.22223,36.44559],[136.27441,36.44559],[136.32385,36.33947],[136.33484,36.19331],[136.32935,35.99356],[136.25244,36.018],[136.17004,36.22655],[136.1261,36.25313],[136.11786,36.30849]]]}},{"type":"Feature","properties":{"name":"濃尾（のうび）断層帯","_color":"#ff0000","_opacity":0,"_weight":1,"_fillColor":"#ffffff","_fillOpacity":0},"geometry":{"type":"Polygon","coordinates":[[[136.98853,35.43382],[136.87592,35.42487],[136.81,35.44948],[136.71387,35.49422],[136.63147,35.54787],[136.55182,35.62158],[136.409,35.70192],[136.31561,35.76434],[136.33209,35.93132],[136.37329,35.92687],[136.51611,35.82227],[136.71387,35.72199],[136.68915,35.64167],[136.91162,35.52552],[136.99402,35.46067],[136.98853,35.43382]]]}},{"type":"Feature","properties":{"name":"伊勢湾（いせわん）断層帯","description":"・伊勢湾断層帯主部","_color":"#ff0000","_opacity":0,"_weight":1,"_fillColor":"#ffffff","_fillOpacity":0},"geometry":{"type":"Polygon","coordinates":[[[136.98029,34.67501],[136.98853,34.6942],[136.92123,34.71001],[136.83334,34.76531],[136.83197,34.82733],[136.79627,34.86678],[136.76193,34.985],[136.71524,34.98275],[136.72211,34.91296],[136.73721,34.84424],[136.77429,34.81493],[136.81137,34.78674],[136.81137,34.76192],[136.82648,34.73597],[136.85532,34.70211],[136.92947,34.67839],[136.98029,34.67501]]]}},{"type":"Feature","properties":{"name":"伊勢湾断層帯","description":"・白子−野間（しろこ−のま）断層","_color":"#ff0000","_opacity":0,"_weight":1,"_fillColor":"#ffffff","_fillOpacity":0},"geometry":{"type":"Polygon","coordinates":[[[136.5786,34.78223],[136.58684,34.75459],[136.61018,34.74556],[136.8148,34.74951],[136.80725,34.76136],[136.80725,34.7732],[136.73653,34.78054],[136.64726,34.78505],[136.5786,34.78223]]]}},{"type":"Feature","properties":{"name":"屏風山（びょうぶやま）・恵那山（えなさん）断層帯及び猿投山（さなげやま）断層帯","description":"・加木屋（かぎや）断層帯","_color":"#ff0000","_opacity":0,"_weight":1,"_fillColor":"#ffffff","_fillOpacity":0},"geometry":{"type":"Polygon","coordinates":[[[136.93222,34.72299],[136.93016,34.82846],[136.92535,34.90508],[136.95076,34.93379],[136.91574,34.99175],[136.91231,35.04911],[136.89514,35.04799],[136.8512,34.96756],[136.84364,34.87805],[136.89995,34.73766],[136.93222,34.72299]]]}},{"type":"Feature","properties":{"name":"屏風山（びょうぶやま）・恵那山（えなさん）断層帯及び猿投山（さなげやま）断層帯","description":"・猿投ー高浜（さなげーたかはま）断層帯","_color":"#ff0000","_opacity":0,"_weight":1,"_fillColor":"#ffffff","_fillOpacity":0},"geometry":{"type":"Polygon","coordinates":[[[137.07573,34.8803],[137.05307,34.85889],[137.02904,34.85438],[137.00981,34.87467],[136.97205,34.9428],[136.93977,35.01763],[136.93428,35.06766],[136.95076,35.0671],[136.97754,35.05248],[137.17186,35.19177],[137.19589,35.23048],[137.2007,35.24898],[137.20688,35.2501],[137.21168,35.22823],[137.21168,35.17942],[137.09221,35.0862],[137.01187,35.02719],[136.99402,34.99007],[137.0002,34.94899],[137.04071,34.89776],[137.07573,34.8803]]]}},{"type":"Feature","properties":{"name":"屏風山（びょうぶやま）・恵那山（えなさん）断層帯及び猿投山（さなげやま）断層帯","description":"・恵那山−猿投山北（えなさんーさなげやまきた）断層帯","_color":"#ff0000","_opacity":0,"_weight":1,"_fillColor":"#ffffff","_fillOpacity":0},"geometry":{"type":"Polygon","coordinates":[[[137.13272,35.171],[137.09495,35.18279],[137.11418,35.19962],[137.26112,35.33249],[137.28928,35.33809],[137.30095,35.32689],[137.46368,35.39689],[137.46368,35.41815],[137.53578,35.45564],[137.56531,35.46458],[137.59483,35.38625],[137.58934,35.37673],[137.4836,35.35994],[137.2934,35.28374],[137.2237,35.25319],[137.20173,35.25235],[137.18868,35.23917],[137.13272,35.171]]]}},{"type":"Feature","properties":{"name":"屏風山（びょうぶやま）・恵那山（えなさん）断層帯及び猿投山（さなげやま）断層帯","description":"・屏風山断層帯","_color":"#ff0000","_opacity":0,"_weight":1,"_fillColor":"#ffffff","_fillOpacity":0},"geometry":{"type":"Polygon","coordinates":[[[137.58385,35.49422],[137.57767,35.50959],[137.56531,35.50372],[137.50832,35.47801],[137.4987,35.48723],[137.4836,35.48472],[137.41631,35.45508],[137.43038,35.43634],[137.44274,35.4327],[137.5684,35.48024],[137.58385,35.49422]]]}},{"type":"Feature","properties":{"name":"屏風山（びょうぶやま）・恵那山（えなさん）断層帯及び猿投山（さなげやま）断層帯","description":"・赤河（あこう）断層帯","_color":"#ff0000","_opacity":0,"_weight":1,"_fillColor":"#ffffff","_fillOpacity":0},"geometry":{"type":"Polygon","coordinates":[[[137.19452,35.57636],[137.20688,35.58474],[137.29271,35.55234],[137.33597,35.52105],[137.41013,35.44613],[137.33254,35.42431],[137.31331,35.44165],[137.26387,35.52217],[137.19452,35.57636]]]}},{"type":"Feature","properties":{"name":"三方・花折（みかた・はなおれ）断層帯","description":"・花折断層帯","_color":"#ff0000","_opacity":0,"_weight":1,"_fillColor":"#ffffff","_fillOpacity":0},"geometry":{"type":"Polygon","coordinates":[[[135.84045,34.92873],[135.82809,34.87692],[135.78827,34.88706],[135.74707,34.91522],[135.75119,35.0075],[135.802,35.13451],[135.85693,35.31176],[135.91736,35.42375],[135.9462,35.42599],[135.87341,35.21758],[135.85556,35.13788],[135.81985,35.04574],[135.83427,35.01819],[135.84526,35.00188],[135.84045,34.92873]]]}},{"type":"Feature","properties":{"name":"三方・花折（みかた・はなおれ）断層帯","description":"・三方断層帯","_color":"#ff0000","_opacity":0,"_weight":1,"_fillColor":"#ffffff","_fillOpacity":0},"geometry":{"type":"Polygon","coordinates":[[[135.8741,35.68519],[135.88715,35.68853],[135.8947,35.6679],[135.92148,35.60428],[135.92697,35.43997],[135.9153,35.43606],[135.88509,35.44557],[135.88577,35.56128],[135.87135,35.63721],[135.8741,35.68519]]]}},{"type":"Feature","properties":{"name":"野坂・集福寺（のさか・しゅうふくじ）断層帯","description":"・野坂断層帯","_color":"#ff0000","_opacity":0,"_weight":1,"_fillColor":"#ffffff","_fillOpacity":0},"geometry":{"type":"Polygon","coordinates":[[[136.04301,35.59814],[136.05057,35.60539],[136.02173,35.63219],[135.88028,35.727],[135.81573,35.8128],[135.79308,35.80278],[135.82603,35.73091],[135.88852,35.69021],[135.92079,35.66845],[136.00388,35.61656],[136.04301,35.59814]]]}},{"type":"Feature","properties":{"name":"野坂・集福寺（のさか・しゅうふくじ）断層帯","description":"・集福寺断層","_color":"#ff0000","_opacity":0,"_weight":1,"_fillColor":"#ffffff","_fillOpacity":0},"geometry":{"type":"Polygon","coordinates":[[[136.16215,35.53614],[136.1721,35.54396],[136.09417,35.61209],[136.08318,35.60539],[136.10928,35.58334],[136.12369,35.56351],[136.16215,35.53614]]]}},{"type":"Feature","properties":{"name":"湖北山地（こほくさんち）断層帯","_color":"#ff0000","_opacity":0,"_weight":1,"_fillColor":"#ffffff","_fillOpacity":0},"geometry":{"type":"Polygon","coordinates":[[[135.99907,35.45843],[135.96817,35.47828],[136.0025,35.53893],[136.04713,35.59814],[136.10104,35.67292],[136.11065,35.67766],[136.11168,35.67236],[136.09348,35.62716],[136.07254,35.60567],[136.06602,35.59088],[136.0619,35.55765],[136.10584,35.5825],[136.11031,35.561],[136.13022,35.55234],[136.10035,35.51546],[136.04988,35.47493],[136.04233,35.47493],[136.031,35.48835],[136.02379,35.48779],[136.02001,35.48108],[136.01521,35.47493],[135.99907,35.45843]]]}},{"type":"Feature","properties":{"name":"琵琶湖西岸（びわこせいがん）断層帯","_color":"#ff0000","_opacity":0,"_weight":1,"_fillColor":"#ffffff","_fillOpacity":0},"geometry":{"type":"Polygon","coordinates":[[[135.90637,34.96025],[135.88371,34.95856],[135.86243,34.98613],[135.84663,35.012],[135.84183,35.0463],[135.87341,35.17493],[135.88577,35.20523],[135.95375,35.28823],[135.95512,35.31793],[135.99014,35.3633],[136.00456,35.44725],[136.02241,35.48248],[136.03065,35.4713],[136.03546,35.43662],[136.04919,35.38849],[136.04439,35.33361],[136.03958,35.32577],[136.05743,35.28935],[135.97023,35.19233],[135.93933,35.17886],[135.93796,35.11935],[135.88577,35.04124],[135.90637,34.96025]]]}},{"type":"Feature","properties":{"name":"柳ヶ瀬（やながせ）・関ヶ原（せきがはら）断層帯","description":"・浦底（うらぞこ）−柳ヶ瀬山（やながせやま）断層帯","_color":"#ff0000","_opacity":0,"_weight":1,"_fillColor":"#ffffff","_fillOpacity":0},"geometry":{"type":"Polygon","coordinates":[[[136.18103,35.5825],[136.18034,35.59088],[136.16867,35.61042],[136.16112,35.6266],[136.14121,35.66287],[136.11511,35.69746],[136.02035,35.77716],[135.99564,35.76044],[136.03821,35.71418],[136.09795,35.67403],[136.11237,35.68574],[136.11443,35.67905],[136.11649,35.66399],[136.12267,35.64502],[136.15837,35.59925],[136.18103,35.5825]]]}},{"type":"Feature","properties":{"name":"柳ヶ瀬（やながせ）・関ヶ原（せきがはら）断層帯","description":"・柳ヶ瀬・関ヶ原断層帯主部","_color":"#ff0000","_opacity":0,"_weight":1,"_fillColor":"#ffffff","_fillOpacity":0},"geometry":{"type":"Polygon","coordinates":[[[135.92835,36.03466],[135.9359,36.06187],[136.04507,36.10737],[136.05606,36.10127],[136.03271,36.04854],[135.98877,35.95522],[136.08902,35.83563],[136.16798,35.75766],[136.18996,35.68519],[136.25107,35.52999],[136.3623,35.4685],[136.50169,35.36778],[136.51268,35.36442],[136.51817,35.36078],[136.52092,35.35714],[136.51337,35.34986],[136.49139,35.33641],[136.40144,35.34313],[136.33278,35.40248],[136.21536,35.48248],[136.18378,35.59032],[136.16386,35.62605],[136.1515,35.67347],[136.13915,35.72756],[135.92148,35.91575],[135.92835,36.03466]]]}},{"type":"Feature","properties":{"name":"鈴鹿西縁（すずかせいえん）断層帯","_color":"#ff0000","_opacity":0,"_weight":1,"_fillColor":"#ffffff","_fillOpacity":0},"geometry":{"type":"Polygon","coordinates":[[[136.32042,35.31849],[136.33278,35.31625],[136.35338,35.1884],[136.35269,35.17437],[136.3163,35.16371],[136.32111,35.11317],[136.35612,35.04967],[136.3623,34.9062],[136.33964,34.9079],[136.31424,34.95518],[136.27441,34.95968],[136.25862,34.98107],[136.2751,35.05473],[136.24008,35.13339],[136.24489,35.19962],[136.25931,35.28094],[136.32042,35.31849]]]}},{"type":"Feature","properties":{"name":"鈴鹿東縁（すずかとうえん）断層帯","_color":"#ff0000","_opacity":0,"_weight":1,"_fillColor":"#ffffff","_fillOpacity":0},"geometry":{"type":"Polygon","coordinates":[[[136.39114,34.92704],[136.45432,34.92028],[136.50375,35.021],[136.52229,35.13339],[136.47354,35.23609],[136.49208,35.32689],[136.45706,35.32465],[136.4138,35.27085],[136.43234,35.16876],[136.44539,35.07159],[136.39114,34.92704]]]}},{"type":"Feature","properties":{"name":"養老−桑名−四日市（ようろうーくわなーよっかいち）断層帯","_color":"#ff0000","_opacity":0,"_weight":1,"_fillColor":"#ffffff","_fillOpacity":0},"geometry":{"type":"Polygon","coordinates":[[[136.50478,35.3682],[136.5065,35.36694],[136.51405,35.36526],[136.51937,35.36148],[136.52298,35.35672],[136.52967,35.34327],[136.53414,35.32521],[136.55594,35.23777],[136.60812,35.1536],[136.60126,35.07553],[136.58066,35.0165],[136.58272,34.89945],[136.604,34.89945],[136.61911,34.96531],[136.64383,34.985],[136.68777,35.04068],[136.68983,35.0789],[136.63147,35.22543],[136.59714,35.26468],[136.5683,35.31008],[136.54152,35.3633],[136.5247,35.36861],[136.50547,35.37282],[136.50478,35.3682]]]}},{"type":"Feature","properties":{"name":"布引山地（ぬのびきさんち）東縁断層帯","_color":"#ff0000","_opacity":0,"_weight":1,"_fillColor":"#ffffff","_fillOpacity":0},"geometry":{"type":"Polygon","coordinates":[[[136.39389,34.91972],[136.42479,34.91071],[136.4502,34.80027],[136.52435,34.80986],[136.53122,34.8741],[136.62735,34.87917],[136.62323,34.86227],[136.59645,34.82564],[136.56898,34.79012],[136.57448,34.75967],[136.57722,34.75233],[136.56349,34.71453],[136.45912,34.44486],[136.40625,34.47373],[136.4447,34.60156],[136.37672,34.6863],[136.35475,34.8386],[136.39389,34.91972]]]}},{"type":"Feature","properties":{"name":"頓宮（とんぐう）断層","_color":"#ff0000","_opacity":0,"_weight":1,"_fillColor":"#ffffff","_fillOpacity":0},"geometry":{"type":"Polygon","coordinates":[[[136.1982,34.98163],[136.21193,34.99119],[136.25725,34.96869],[136.28677,34.90508],[136.28403,34.87016],[136.22841,34.68969],[136.21193,34.69138],[136.20987,34.73597],[136.22978,34.82057],[136.24764,34.84029],[136.26171,34.85804],[136.26068,34.86171],[136.25278,34.87692],[136.23562,34.93717],[136.22635,34.95912],[136.1982,34.98163]]]}},{"type":"Feature","properties":{"name":"木津川（きづがわ）断層帯","_color":"#ff0000","_opacity":0,"_weight":1,"_fillColor":"#ffffff","_fillOpacity":0},"geometry":{"type":"Polygon","coordinates":[[[136.21708,34.8248],[136.25862,34.85748],[136.25588,34.86227],[136.2291,34.85664],[136.14223,34.84452],[136.09451,34.82621],[135.93281,34.76897],[135.93658,34.75346],[136.01933,34.76813],[136.16524,34.79576],[136.21708,34.8248]]]}},{"type":"Feature","properties":{"name":"京都盆地−奈良盆地（きょうとぼんちーならぼんち）断層帯南部","description":"<b>（奈良盆地東縁（ならぼんちとうえん）断層帯）</b>","_color":"#ff0000","_opacity":0,"_weight":1,"_fillColor":"#ffffff","_fillOpacity":0},"geometry":{"type":"Polygon","coordinates":[[[135.79994,34.83635],[135.81265,34.8386],[135.83427,34.76136],[135.86483,34.69505],[135.87238,34.60919],[135.8662,34.51787],[135.84869,34.51702],[135.82844,34.57019],[135.81059,34.6366],[135.80131,34.67218],[135.76389,34.70323],[135.75943,34.75205],[135.77728,34.78843],[135.79925,34.81042],[135.79994,34.83635]]]}},{"type":"Feature","properties":{"name":"中央構造線断層帯","_color":"#ff0000","_opacity":0,"_weight":1,"_fillColor":"#ffffff","_fillOpacity":0},"geometry":{"type":"Polygon","coordinates":[[[135.66193,34.54276],[135.68939,34.54955],[135.71686,34.53371],[135.74432,34.45901],[135.71137,34.37291],[135.65094,34.33663],[135.45319,34.28218],[135.06592,34.21862],[134.89288,34.1959],[134.77753,34.15955],[134.32983,34.09134],[133.92883,34.02307],[133.25867,33.88866],[133.07739,33.84989],[132.92633,33.76545],[132.78076,33.75175],[132.61322,33.64435],[132.50061,33.60089],[132.22046,33.4956],[132.11883,33.40164],[131.82495,33.25477],[131.70136,33.2272],[131.51184,33.23869],[131.33606,33.21284],[131.31889,33.24156],[131.34087,33.25362],[131.42944,33.30413],[131.50291,33.31332],[131.50291,33.33913],[131.50566,33.35692],[131.52489,33.36208],[131.55304,33.35003],[131.56815,33.34774],[131.58188,33.3443],[131.61003,33.35175],[131.632,33.34889],[131.64711,33.37355],[131.67252,33.37699],[131.81053,33.39648],[131.93893,33.42457],[132.00073,33.47154],[132.47864,33.69235],[132.77802,33.81909],[133.12271,33.92969],[134.4754,34.18454],[134.75143,34.21748],[134.92447,34.26743],[135.38864,34.32869],[135.56992,34.39105],[135.67154,34.42164],[135.67978,34.48505],[135.66193,34.54276]]]}},{"type":"Feature","properties":{"name":"長尾（ながお）断層帯","_color":"#ff0000","_opacity":0,"_weight":1,"_fillColor":"#ffffff","_fillOpacity":0},"geometry":{"type":"Polygon","coordinates":[[[133.91098,34.25835],[133.9151,34.23905],[133.99887,34.19249],[134.1774,34.19817],[134.26666,34.22316],[134.25156,34.26857],[134.03595,34.28672],[133.91098,34.25835]]]}},{"type":"Feature","properties":{"name":"綱附森（つなつけもり）断層","description":"地域評価対象断層（主要活断層帯ではない）","_color":"#ff0000","_opacity":0,"_weight":1,"_fillColor":"#ffffff","_fillOpacity":0},"geometry":{"type":"Polygon","coordinates":[[[133.85879,33.80197],[133.88214,33.76202],[134.0387,33.82822],[134.02496,33.85787],[133.85879,33.80197]]]}},{"type":"Feature","properties":{"name":"上浦－西月ノ宮（かみうら－にしつきのみや）断層","description":"地域評価対象断層（主要活断層帯ではない）","_color":"#ff0000","_opacity":0,"_weight":1,"_fillColor":"#ffffff","_fillOpacity":0},"geometry":{"type":"Polygon","coordinates":[[[134.35593,34.04128],[134.35593,34.05949],[134.42596,34.07769],[134.49326,34.06062],[134.49188,34.04469],[134.43146,34.03559],[134.35593,34.04128]]]}},{"type":"Feature","properties":{"name":" 宍道（鹿島）（しんじ（かしま））断層 ","_color":"#ff0000","_opacity":0,"_weight":1,"_fillColor":"#ffffff","_fillOpacity":0},"geometry":{"type":"Polygon","coordinates":[[[133.21953,35.53334],[133.12203,35.50596],[132.95929,35.50596],[132.96135,35.52999],[133.10555,35.54005],[133.1543,35.56742],[133.19756,35.5691],[133.21953,35.53334]]]}},{"type":"Feature","properties":{"name":"山崎（やまさき）断層帯","description":"・山崎断層帯主部","_color":"#ff0000","_opacity":0,"_weight":1,"_fillColor":"#ffffff","_fillOpacity":0},"geometry":{"type":"Polygon","coordinates":[[[134.25087,35.15753],[134.24812,35.11822],[134.4445,35.02437],[134.68002,34.8848],[134.75212,34.85945],[134.82147,34.86227],[134.88464,34.84649],[134.96361,34.79294],[135,34.78843],[135.01648,34.7811],[135.02541,34.79463],[134.96635,34.85889],[134.93545,34.91859],[134.88808,34.94449],[134.79538,34.97488],[134.6814,34.99682],[134.32091,35.15472],[134.25087,35.15753]]]}},{"type":"Feature","properties":{"name":"山崎（やまさき）断層帯","description":"・草谷（くさだに）断層","_color":"#ff0000","_opacity":0,"_weight":1,"_fillColor":"#ffffff","_fillOpacity":0},"geometry":{"type":"Polygon","coordinates":[[[134.85718,34.74105],[134.88121,34.71001],[135.00275,34.77602],[135.00206,34.78618],[134.99176,34.78787],[134.96498,34.78956],[134.85718,34.74105]]]}},{"type":"Feature","properties":{"name":"六甲（ろっこう）・淡路島（あわじしま）断層帯","description":"・六甲・淡路島断層帯主部","_color":"#ff0000","_opacity":0,"_weight":1,"_fillColor":"#ffffff","_fillOpacity":0},"geometry":{"type":"Polygon","coordinates":[[[135.50331,34.83015],[135.49438,34.83071],[135.47619,34.82621],[135.46211,34.82254],[135.43911,34.81183],[135.4137,34.80196],[135.36907,34.78871],[135.35809,34.7904],[135.35328,34.7983],[135.33817,34.80732],[135.33371,34.80788],[135.30556,34.79717],[135.29182,34.79435],[135.25097,34.7639],[135.21423,34.73541],[135.18299,34.71481],[135.10162,34.67896],[135.07587,34.64903],[135.06043,34.63264],[134.98695,34.61456],[134.87022,34.52608],[134.88258,34.44826],[134.90181,34.44344],[134.99725,34.46552],[135.01991,34.50062],[135.03193,34.52862],[135.05356,34.57443],[135.09956,34.62671],[135.13733,34.64309],[135.16823,34.67303],[135.19535,34.68997],[135.24479,34.70662],[135.30899,34.71791],[135.35912,34.74838],[135.42332,34.78307],[135.44666,34.80084],[135.47584,34.8186],[135.50331,34.83015]]]}},{"type":"Feature","properties":{"name":"六甲（ろっこう）・淡路島（あわじしま）断層帯","description":"・先山（せんざん）断層","_color":"#ff0000","_opacity":0,"_weight":1,"_fillColor":"#ffffff","_fillOpacity":0},"geometry":{"type":"Polygon","coordinates":[[[134.8098,34.32359],[134.81289,34.35761],[134.84447,34.41569],[134.86267,34.42674],[134.89529,34.43325],[134.90215,34.42107],[134.89838,34.38],[134.86439,34.35988],[134.83005,34.32246],[134.8098,34.32359]]]}},{"type":"Feature","properties":{"name":"大阪湾（おおさかわん）断層帯","_color":"#ff0000","_opacity":0,"_weight":1,"_fillColor":"#ffffff","_fillOpacity":0},"geometry":{"type":"Polygon","coordinates":[[[135.19398,34.68545],[135.23895,34.68884],[135.25646,34.6719],[135.25784,34.64705],[135.16377,34.54163],[135.07381,34.35081],[135.02163,34.35874],[135.08034,34.53513],[135.15621,34.6123],[135.19398,34.68545]]]}},{"type":"Feature","properties":{"name":"上町（うえまち）断層帯","_color":"#ff0000","_opacity":0,"_weight":1,"_fillColor":"#ffffff","_fillOpacity":0},"geometry":{"type":"Polygon","coordinates":[[[135.47207,34.81352],[135.48237,34.81888],[135.49267,34.8014],[135.52528,34.7165],[135.54485,34.68263],[135.53043,34.60072],[135.4858,34.51052],[135.43945,34.42702],[135.41405,34.42164],[135.3883,34.43268],[135.3804,34.45618],[135.43224,34.54022],[135.44701,34.60439],[135.46314,34.66738],[135.47722,34.72299],[135.47207,34.81352]]]}},{"type":"Feature","properties":{"name":"生駒（いこま）断層帯","_color":"#ff0000","_opacity":0,"_weight":1,"_fillColor":"#ffffff","_fillOpacity":0},"geometry":{"type":"Polygon","coordinates":[[[135.67841,34.88537],[135.68768,34.88283],[135.7251,34.8355],[135.70072,34.76813],[135.66296,34.73004],[135.66467,34.59619],[135.61489,34.52608],[135.59978,34.53286],[135.59532,34.57358],[135.62622,34.65383],[135.62828,34.72751],[135.61832,34.78899],[135.62416,34.80563],[135.66708,34.84142],[135.67841,34.88537]]]}},{"type":"Feature","properties":{"name":"有馬（ありま）−高槻（たかつき）断層帯","_color":"#ff0000","_opacity":0,"_weight":1,"_fillColor":"#ffffff","_fillOpacity":0},"geometry":{"type":"Polygon","coordinates":[[[135.06901,34.80563],[135.09235,34.76418],[135.17132,34.74302],[135.23312,34.76672],[135.29251,34.79802],[135.33405,34.81127],[135.34298,34.80732],[135.36255,34.80365],[135.42915,34.8186],[135.49679,34.83269],[135.50331,34.83269],[135.51086,34.83015],[135.52906,34.82621],[135.58742,34.8355],[135.6554,34.86537],[135.67257,34.88734],[135.68596,34.89522],[135.68493,34.89804],[135.67738,34.89776],[135.66742,34.89438],[135.66227,34.89128],[135.65918,34.88847],[135.65575,34.88424],[135.6506,34.87805],[135.64064,34.87072],[135.62519,34.86593],[135.56786,34.85974],[135.49438,34.85326],[135.45387,34.84621],[135.3392,34.8279],[135.25166,34.81803],[135.1799,34.81944],[135.09991,34.81493],[135.06901,34.80563]]]}},{"type":"Feature","properties":{"name":"三峠（みとけ）・京都西山（きょうとにしやま）断層帯","description":"・京都西山断層帯","_color":"#ff0000","_opacity":0,"_weight":1,"_fillColor":"#ffffff","_fillOpacity":0},"geometry":{"type":"Polygon","coordinates":[[[135.34401,35.17381],[135.36804,35.18672],[135.51155,35.16539],[135.62553,35.11654],[135.67085,35.06035],[135.71549,34.93717],[135.70004,34.90733],[135.69042,34.89945],[135.66914,34.90001],[135.66193,34.89551],[135.65609,34.88762],[135.65266,34.88593],[135.63755,34.93689],[135.6427,34.96869],[135.59704,35.00582],[135.54897,35.06485],[135.51189,35.11092],[135.48443,35.14181],[135.34401,35.17381]]]}},{"type":"Feature","properties":{"name":"三峠（みとけ）・京都西山（きょうとにしやま）断層帯","description":"・三峠断層","_color":"#ff0000","_opacity":0,"_weight":1,"_fillColor":"#ffffff","_fillOpacity":0},"geometry":{"type":"Polygon","coordinates":[[[135.17097,35.26917],[135.18127,35.28739],[135.30006,35.26552],[135.47482,35.22431],[135.46486,35.20327],[135.42023,35.19093],[135.17097,35.26917]]]}},{"type":"Feature","properties":{"name":"三峠（みとけ）・京都西山（きょうとにしやま）断層帯","description":"・上林川（かんばやしがわ）断層","_color":"#ff0000","_opacity":0,"_weight":1,"_fillColor":"#ffffff","_fillOpacity":0},"geometry":{"type":"Polygon","coordinates":[[[135.22659,35.29832],[135.25131,35.27814],[135.41885,35.3549],[135.4834,35.38625],[135.50949,35.41535],[135.48752,35.42711],[135.43671,35.39968],[135.32616,35.34313],[135.22659,35.29832]]]}},{"type":"Feature","properties":{"name":"山田（やまだ）断層帯","description":"・山田断層帯主部","_color":"#ff0000","_opacity":0,"_weight":1,"_fillColor":"#ffffff","_fillOpacity":0},"geometry":{"type":"Polygon","coordinates":[[[135.23827,35.68073],[135.26848,35.66566],[135.29251,35.60372],[135.19913,35.53949],[134.93614,35.4685],[134.92172,35.48807],[134.99725,35.5339],[135.08514,35.56016],[135.1181,35.60874],[135.23827,35.68073]]]}},{"type":"Feature","properties":{"name":"山田（やまだ）断層帯","description":"・郷村（ごうむら）断層帯","_color":"#ff0000","_opacity":0,"_weight":1,"_fillColor":"#ffffff","_fillOpacity":0},"geometry":{"type":"Polygon","coordinates":[[[135.10986,35.62605],[135.08034,35.5691],[135.04875,35.57357],[134.98833,35.68296],[134.88052,35.82227],[134.91554,35.87792],[134.94644,35.87403],[135.02472,35.78551],[135.10986,35.62605]]]}},{"type":"Feature","properties":{"name":"筒賀（つつが）断層","_color":"#ff0000","_opacity":0,"_weight":1,"_fillColor":"#ffffff","_fillOpacity":0},"geometry":{"type":"Polygon","coordinates":[[[132.0282,34.36838],[131.98425,34.40918],[132.16553,34.55633],[132.26166,34.64225],[132.48962,34.80027],[132.53357,34.74838],[132.37152,34.61061],[132.1463,34.44316],[132.0282,34.36838]]]}},{"type":"Feature","properties":{"name":"岩国（いわくに）－五日市（いつかいち）断層帯","_color":"#ff0000","_opacity":0,"_weight":1,"_fillColor":"#ffffff","_fillOpacity":0},"geometry":{"type":"Polygon","coordinates":[[[132.07764,34.17773],[131.85516,34.05494],[131.84006,34.04128],[131.8483,34.01966],[131.91834,33.98778],[132.16003,34.12204],[132.22595,34.18681],[132.2493,34.24814],[132.34199,34.32699],[132.36397,34.3457],[132.37495,34.3457],[132.45323,34.38991],[132.52808,34.5026],[132.40517,34.52636],[132.24793,34.31168],[132.07764,34.17773]]]}},{"type":"Feature","properties":{"name":"安芸灘（あきなだ）断層帯・広島湾（ひろしまわん）－岩国沖（いわくにおき）断層帯","description":"（※安芸灘断層群の再評価により、<br>安芸灘断層帯・広島湾－岩国沖断層帯に再区分された。）<br><br>・安芸灘断層帯","_color":"#ff0000","_opacity":0,"_weight":1,"_fillColor":"#ffffff","_fillOpacity":0},"geometry":{"type":"Polygon","coordinates":[[[132.20123,33.96159],[132.18063,33.98038],[132.19643,34.00315],[132.28638,34.05835],[132.31453,34.07769],[132.30698,34.10839],[132.30698,34.11237],[132.32277,34.12261],[132.41272,34.15614],[132.43538,34.11465],[132.3674,34.0299],[132.20123,33.96159]]]}},{"type":"Feature","properties":{"name":"安芸灘（あきなだ）断層帯・広島湾（ひろしまわん）－岩国沖（いわくにおき）断層帯","description":"（※安芸灘断層群の再評価により、<br>安芸灘断層帯・広島湾－岩国沖断層帯に再区分された。）<br><br>・広島湾ー岩国沖断層帯","_color":"#ff0000","_opacity":0,"_weight":1,"_fillColor":"#ffffff","_fillOpacity":0},"geometry":{"type":"Polygon","coordinates":[[[132.40585,34.2924],[132.39693,34.34117],[132.3674,34.344],[132.35504,34.33436],[132.31659,34.25268],[132.28294,34.18341],[132.25411,34.17091],[132.15317,34.03275],[132.17377,34.02478],[132.27196,34.05437],[132.30972,34.08508],[132.30286,34.11124],[132.30286,34.11692],[132.31796,34.13795],[132.38937,34.16011],[132.40585,34.2924]]]}},{"type":"Feature","properties":{"name":"佐賀平野北縁（さがへいやほくえん）断層帯","_color":"#ff0000","_opacity":0,"_weight":1,"_fillColor":"#ffffff","_fillOpacity":0},"geometry":{"type":"Polygon","coordinates":[[[130.5011,33.33282],[130.49835,33.30299],[130.37888,33.28921],[130.33081,33.26166],[130.0795,33.24443],[130.07126,33.28577],[130.15366,33.34085],[130.24704,33.38788],[130.28824,33.38444],[130.38849,33.342],[130.5011,33.33282]]]}},{"type":"Feature","properties":{"name":"宇美（うみ）断層","_color":"#ff0000","_opacity":0,"_weight":1,"_fillColor":"#ffffff","_fillOpacity":0},"geometry":{"type":"Polygon","coordinates":[[[130.55878,33.48873],[130.53543,33.51277],[130.40497,33.67978],[130.44205,33.69578],[130.55191,33.58488],[130.59174,33.50476],[130.55878,33.48873]]]}},{"type":"Feature","properties":{"name":"日向峠（ひなたとうげ）−小笠木峠（おかさぎとうげ）断層帯","_color":"#ff0000","_opacity":0,"_weight":1,"_fillColor":"#ffffff","_fillOpacity":0},"geometry":{"type":"Polygon","coordinates":[[[130.44891,33.37412],[130.51758,33.39476],[130.50934,33.43603],[130.41046,33.49216],[130.24567,33.57229],[130.22781,33.53682],[130.3212,33.42227],[130.44891,33.37412]]]}},{"type":"Feature","properties":{"name":"警固（けご）断層帯","_color":"#ff0000","_opacity":0,"_weight":1,"_fillColor":"#ffffff","_fillOpacity":0},"geometry":{"type":"Polygon","coordinates":[[[130.54779,33.47842],[130.51483,33.4578],[130.34729,33.59632],[130.28275,33.65692],[130.04105,33.79741],[130.09323,33.86585],[130.13855,33.84989],[130.14404,33.78714],[130.33356,33.67635],[130.54779,33.47842]]]}},{"type":"Feature","properties":{"name":"西山（にしやま）断層帯","_color":"#ff0000","_opacity":0,"_weight":1,"_fillColor":"#ffffff","_fillOpacity":0},"geometry":{"type":"Polygon","coordinates":[[[130.78537,33.3638],[130.7991,33.34774],[130.91309,33.39132],[130.80872,33.53109],[130.44479,33.9445],[130.13168,34.21521],[130.07263,34.17318],[130.27039,33.93766],[130.50659,33.72434],[130.77026,33.44978],[130.82245,33.39934],[130.78537,33.3638]]]}},{"type":"Feature","properties":{"name":"菊川（きくがわ）断層帯","_color":"#ff0000","_opacity":0,"_weight":1,"_fillColor":"#ffffff","_fillOpacity":0},"geometry":{"type":"Polygon","coordinates":[[[131.20422,33.94678],[131.1644,33.92285],[131.02432,34.09134],[130.75653,34.30488],[130.49835,34.40464],[130.19348,34.65241],[130.33356,34.70775],[130.86914,34.32302],[131.12732,34.10498],[131.20422,33.94678]]]}},{"type":"Feature","properties":{"name":"周防灘（すおうなだ）断層帯","_color":"#ff0000","_opacity":0,"_weight":1,"_fillColor":"#ffffff","_fillOpacity":0},"geometry":{"type":"Polygon","coordinates":[[[131.36627,33.65349],[131.35117,33.76773],[131.36078,33.82137],[131.47613,33.9445],[131.65329,34.03218],[131.65466,33.9388],[131.53381,33.71749],[131.36627,33.65349]]]}},{"type":"Feature","properties":{"name":"宇部南方沖（うべなんぽうおき）断層","description":"地域評価対象断層（主要活断層帯ではない）","_color":"#ff0000","_opacity":0,"_weight":1,"_fillColor":"#ffffff","_fillOpacity":0},"geometry":{"type":"Polygon","coordinates":[[[131.30997,33.73233],[131.33331,33.76088],[131.29349,33.89208],[131.27289,33.88638],[131.23718,33.84875],[131.29074,33.72891],[131.30997,33.73233]]]}},{"type":"Feature","properties":{"name":"大原湖（おおはらこ）断層・小郡（おごおり）断層","description":"・大原湖断層","_color":"#ff0000","_opacity":0,"_weight":1,"_fillColor":"#ffffff","_fillOpacity":0},"geometry":{"type":"Polygon","coordinates":[[[131.4418,34.18227],[131.46378,34.15841],[131.54892,34.18909],[131.68488,34.28218],[131.84967,34.41371],[131.82358,34.42957],[131.75766,34.38651],[131.70685,34.34684],[131.54617,34.23905],[131.50497,34.21521],[131.4418,34.18227]]]}},{"type":"Feature","properties":{"name":"大原湖（おおはらこ）断層・小郡（おごおり）断層","description":"・小郡断層","_color":"#ff0000","_opacity":0,"_weight":1,"_fillColor":"#ffffff","_fillOpacity":0},"geometry":{"type":"Polygon","coordinates":[[[131.26327,33.9012],[131.32507,33.90234],[131.37039,33.94678],[131.45416,34.15386],[131.42532,34.17432],[131.36765,34.12886],[131.29211,34.00144],[131.25366,33.92855],[131.26327,33.9012]]]}},{"type":"Feature","properties":{"name":"弥栄断層・地福断層","description":"・弥栄（やさか）断層","_color":"#ff0000","_opacity":0,"_weight":1,"_fillColor":"#ffffff","_fillOpacity":0},"geometry":{"type":"Polygon","coordinates":[[[131.73981,34.45335],[131.77551,34.43297],[131.92932,34.55407],[132.22183,34.78223],[132.19162,34.80478],[132.06528,34.76756],[131.89087,34.63321],[131.73981,34.45335]]]}},{"type":"Feature","properties":{"name":"弥栄断層・地福断層","description":"・地福（じふく）断層","_color":"#ff0000","_opacity":0,"_weight":1,"_fillColor":"#ffffff","_fillOpacity":0},"geometry":{"type":"Polygon","coordinates":[[[131.52283,34.23111],[131.49124,34.22997],[131.483,34.25949],[131.52008,34.31962],[131.71509,34.4273],[131.74667,34.40124],[131.61072,34.30941],[131.52283,34.23111]]]}},{"type":"Feature","properties":{"name":"出水（いずみ）断層帯","_color":"#ff0000","_opacity":0,"_weight":1,"_fillColor":"#ffffff","_fillOpacity":0},"geometry":{"type":"Polygon","coordinates":[[[130.43381,32.15817],[130.47226,32.14655],[130.4187,32.06512],[130.37201,32.02205],[130.27725,31.98595],[130.26077,32.02438],[130.35278,32.07908],[130.43381,32.15817]]]}},{"type":"Feature","properties":{"name":"布田川（ふたがわ）断層帯・日奈久（ひなぐ）断層帯","description":"・布田川断層帯","_color":"#ff0000","_opacity":0,"_weight":1,"_fillColor":"#ffffff","_fillOpacity":0},"geometry":{"type":"Polygon","coordinates":[[[130.38025,32.56649],[130.35416,32.61277],[130.59311,32.72375],[130.98038,32.89458],[131.00235,32.84729],[130.8458,32.76418],[130.81696,32.76765],[130.76614,32.73415],[130.57938,32.63822],[130.38025,32.56649]]]}},{"type":"Feature","properties":{"name":"布田川（ふたがわ）断層帯・日奈久（ひなぐ）断層帯","description":"・日奈久断層帯","_color":"#ff0000","_opacity":0,"_weight":1,"_fillColor":"#ffffff","_fillOpacity":0},"geometry":{"type":"Polygon","coordinates":[[[130.18799,32.20815],[130.26627,32.13376],[130.46265,32.2581],[130.55328,32.373],[130.69473,32.4808],[130.81009,32.61162],[130.83069,32.75148],[130.81318,32.76331],[130.80391,32.75725],[130.7373,32.67984],[130.61302,32.53292],[130.18799,32.20815]]]}},{"type":"Feature","properties":{"name":"人吉盆地南縁（ひとよしぼんちなんえん）断層","_color":"#ff0000","_opacity":0,"_weight":1,"_fillColor":"#ffffff","_fillOpacity":0},"geometry":{"type":"Polygon","coordinates":[[[130.7634,32.17096],[130.78812,32.13492],[130.93918,32.18607],[131.0257,32.26391],[130.98999,32.29294],[130.91309,32.24301],[130.7634,32.17096]]]}},{"type":"Feature","properties":{"name":"緑川（みどりかわ）断層帯","_color":"#ff0000","_opacity":0,"_weight":1,"_fillColor":"#ffffff","_fillOpacity":0},"geometry":{"type":"Polygon","coordinates":[[[130.8197,32.58964],[130.81696,32.60352],[130.8252,32.6255],[131.15067,32.70758],[131.1644,32.65788],[130.99548,32.62434],[130.8197,32.58964]]]}},{"type":"Feature","properties":{"name":"雲仙（うんぜん）断層群","_color":"#ff0000","_opacity":0,"_weight":1,"_fillColor":"#ffffff","_fillOpacity":0},"geometry":{"type":"Polygon","coordinates":[[[130.48187,32.67869],[130.50659,32.69024],[130.49835,32.72722],[130.35416,32.81959],[130.05203,32.80344],[129.82407,32.64284],[129.84467,32.60352],[130.05066,32.6093],[130.27313,32.65325],[130.43243,32.66366],[130.48187,32.67869]]]}},{"type":"Feature","properties":{"name":"万年山ー崩平山（はねやまーくえのひらやま）断層帯","_color":"#ff0000","_opacity":0,"_weight":1,"_fillColor":"#ffffff","_fillOpacity":0},"geometry":{"type":"Polygon","coordinates":[[[131.27838,33.24788],[131.28731,33.24386],[131.31203,33.23352],[131.33125,33.17951],[131.30997,33.16227],[131.19392,33.1111],[131.13556,33.14733],[131.02501,33.18066],[130.9893,33.1979],[130.97832,33.24328],[131.00372,33.25879],[131.10878,33.26166],[131.18706,33.22203],[131.27838,33.24788]]]}},{"type":"Feature","properties":{"name":"日出生（ひじう）断層帯","_color":"#ff0000","_opacity":0,"_weight":1,"_fillColor":"#ffffff","_fillOpacity":0},"geometry":{"type":"Polygon","coordinates":[[[131.33194,33.25017],[131.30791,33.245],[131.29761,33.24386],[131.28181,33.25247],[131.26877,33.29954],[131.1438,33.30069],[131.14655,33.33684],[131.25915,33.34602],[131.40129,33.36036],[131.45279,33.42743],[131.51253,33.43774],[131.59286,33.39591],[131.60522,33.35577],[131.58943,33.35061],[131.58119,33.3463],[131.57192,33.34974],[131.55201,33.35233],[131.54102,33.35921],[131.53553,33.36523],[131.51665,33.36552],[131.49914,33.36007],[131.49776,33.3443],[131.49708,33.33397],[131.49399,33.31705],[131.4727,33.31245],[131.43906,33.31418],[131.39339,33.30643],[131.38275,33.29323],[131.38069,33.28118],[131.36524,33.27314],[131.33743,33.26022],[131.33194,33.25017]]]}},{"type":"Feature","properties":{"name":"水縄（みのう）断層帯","_color":"#ff0000","_opacity":0,"_weight":1,"_fillColor":"#ffffff","_fillOpacity":0},"geometry":{"type":"Polygon","coordinates":[[[130.52582,33.32651],[130.52444,33.30241],[130.57938,33.29151],[130.74692,33.30471],[130.82726,33.32077],[130.81558,33.34372],[130.73044,33.34028],[130.52582,33.32651]]]}},{"type":"Feature","properties":{"name":"宮古島（みやこじま）断層帯","_color":"#ff0000","_opacity":0,"_weight":1,"_fillColor":"#ffffff","_fillOpacity":0},"geometry":{"type":"Polygon","coordinates":[[[125.23247,24.94435],[125.16655,24.78798],[125.24002,24.6907],[125.35469,24.69382],[125.43297,24.73748],[125.25719,24.94435],[125.23247,24.94435]]]}},{"type":"Feature","properties":{"name":"市来（いちき）断層帯","description":"地域評価対象断層（主要活断層帯ではない）","_color":"#ff0000","_opacity":0,"_weight":1,"_fillColor":"#ffffff","_fillOpacity":0},"geometry":{"type":"Polygon","coordinates":[[[130.15366,31.78422],[130.11658,31.77371],[129.91333,31.61363],[129.8941,31.45561],[130.18112,31.48138],[130.52719,31.79822],[130.15366,31.78422]]]}},{"type":"Feature","properties":{"name":"甑（こしき）断層帯","_color":"#ff0000","_opacity":0,"_weight":1,"_fillColor":"#ffffff","_fillOpacity":0},"geometry":{"type":"Polygon","coordinates":[[[129.96826,31.89155],[130.10696,31.8379],[130.1152,31.79472],[129.72794,31.60895],[129.72519,31.74919],[130.00809,32.10119],[130.08911,32.05348],[129.96826,31.89155]]]}},{"type":"Feature","properties":{"name":"上法軍寺（かみほうぐんじ）断層","description":"地域評価対象断層（主要活断層帯ではない）","_color":"#ff0000","_opacity":0,"_weight":1,"_fillColor":"#ffffff","_fillOpacity":0},"geometry":{"type":"Polygon","coordinates":[[[133.90686,34.21748],[133.90411,34.24246],[133.8382,34.25835],[133.84094,34.23224],[133.90686,34.21748]]]}},{"type":"Feature","properties":{"name":"黒瀬（くろせ）断層","description":"地域評価対象断層（主要活断層帯ではない）","_color":"#ff0000","_opacity":0,"_weight":1,"_fillColor":"#ffffff","_fillOpacity":0},"geometry":{"type":"Polygon","coordinates":[[[132.68738,34.33266],[132.67364,34.3457],[132.73132,34.37801],[132.74506,34.36158],[132.68738,34.33266]]]}},{"type":"Feature","properties":{"name":"宇津戸（うづと）断層","description":"地域評価対象断層（主要活断層帯ではない）","_color":"#ff0000","_opacity":0,"_weight":1,"_fillColor":"#ffffff","_fillOpacity":0},"geometry":{"type":"Polygon","coordinates":[[[133.09593,34.50543],[133.07396,34.52862],[133.16872,34.6253],[133.19481,34.60495],[133.16391,34.55973],[133.09593,34.50543]]]}},{"type":"Feature","properties":{"name":"長者ヶ原（ちょうじゃがはら）－芳井（よしい）断層","_color":"#ff0000","_opacity":0,"_weight":1,"_fillColor":"#ffffff","_fillOpacity":0},"geometry":{"type":"Polygon","coordinates":[[[133.5141,34.6671],[133.42827,34.60891],[133.36029,34.52919],[133.24699,34.45788],[133.22433,34.48788],[133.32596,34.57217],[133.45367,34.68122],[133.49007,34.69138],[133.5141,34.6671]]]}},{"type":"Feature","properties":{"name":"安田（やすだ）断層","description":"地域評価対象断層（主要活断層帯ではない）","_color":"#ff0000","_opacity":0,"_weight":1,"_fillColor":"#ffffff","_fillOpacity":0},"geometry":{"type":"Polygon","coordinates":[[[133.00117,34.69985],[132.98744,34.7196],[133.03825,34.75628],[133.05611,34.7371],[133.00117,34.69985]]]}},{"type":"Feature","properties":{"name":"奈古（なご）断層","description":"地域評価対象断層（主要活断層帯ではない）","_color":"#ff0000","_opacity":0,"_weight":1,"_fillColor":"#ffffff","_fillOpacity":0},"geometry":{"type":"Polygon","coordinates":[[[131.43082,34.5009],[131.46378,34.46581],[131.61758,34.5586],[131.57501,34.59252],[131.43082,34.5009]]]}},{"type":"Feature","properties":{"name":"小倉東（こくらひがし）断層","description":"地域評価対象断層（主要活断層帯ではない）","_color":"#ff0000","_opacity":0,"_weight":1,"_fillColor":"#ffffff","_fillOpacity":0},"geometry":{"type":"Polygon","coordinates":[[[130.89249,33.76202],[130.85129,33.7586],[130.85953,33.82593],[130.88837,34.00486],[130.9378,34.00258],[130.91995,33.86243],[130.89249,33.76202]]]}},{"type":"Feature","properties":{"name":"福智山（ふくちやま）断層帯","_color":"#ff0000","_opacity":0,"_weight":1,"_fillColor":"#ffffff","_fillOpacity":0},"geometry":{"type":"Polygon","coordinates":[[[130.83893,33.67864],[130.79361,33.6615],[130.71808,33.80083],[130.69199,33.93766],[130.76477,33.9445],[130.79086,33.82479],[130.78949,33.79056],[130.83893,33.67864]]]}},{"type":"Feature","properties":{"name":"日南湖（にちなんこ）断層","description":"地域評価対象断層（主要活断層帯ではない）","_color":"#ff0000","_opacity":0,"_weight":1,"_fillColor":"#ffffff","_fillOpacity":0},"geometry":{"type":"Polygon","coordinates":[[[133.25455,35.26356],[133.30261,35.28262],[133.37814,35.20187],[133.40561,35.1536],[133.35274,35.13844],[133.32115,35.18672],[133.25455,35.26356]]]}},{"type":"Feature","properties":{"name":"山崎（やまさき）断層帯","description":"・那岐山（なぎせん）断層帯","_color":"#ff0000","_opacity":0,"_weight":1,"_fillColor":"#ffffff","_fillOpacity":0},"geometry":{"type":"Polygon","coordinates":[[[134.23645,35.17493],[134.23508,35.139],[134.04625,35.08789],[133.85742,35.09407],[133.86223,35.13563],[134.02359,35.12946],[134.23645,35.17493]]]}},{"type":"Feature","properties":{"name":"岩坪（いわつぼ）断層","description":"地域評価対象断層（主要活断層帯ではない）","_color":"#ff0000","_opacity":0,"_weight":1,"_fillColor":"#ffffff","_fillOpacity":0},"geometry":{"type":"Polygon","coordinates":[[[134.03252,35.41647],[134.03114,35.39353],[134.12453,35.38849],[134.17259,35.39689],[134.16847,35.42263],[134.03252,35.41647]]]}},{"type":"Feature","properties":{"name":"雨滝（あめだき）ー釜戸（かまど）断層","description":"地域評価対象断層（主要活断層帯ではない）","_color":"#ff0000","_opacity":0,"_weight":1,"_fillColor":"#ffffff","_fillOpacity":0},"geometry":{"type":"Polygon","coordinates":[[[134.23576,35.48304],[134.23508,35.5149],[134.30649,35.54899],[134.38477,35.51658],[134.41292,35.43438],[134.36691,35.42263],[134.31404,35.48024],[134.23576,35.48304]]]}},{"type":"Feature","properties":{"name":"鹿野（しかの）－吉岡（よしおか）断層","_color":"#ff0000","_opacity":0,"_weight":1,"_fillColor":"#ffffff","_fillOpacity":0},"geometry":{"type":"Polygon","coordinates":[[[134.21722,35.4383],[134.21104,35.49646],[134.1156,35.49534],[133.9975,35.44613],[134.02153,35.42375],[134.13071,35.4383],[134.21722,35.4383]]]}},{"type":"Feature","properties":{"name":"当別（とうべつ）断層","_color":"#ff0000","_opacity":0,"_weight":1,"_fillColor":"#ffffff","_fillOpacity":0},"geometry":{"type":"Polygon","coordinates":[[[141.56433,43.2492],[141.60278,43.2512],[141.6275,43.34515],[141.60004,43.45491],[141.57257,43.45491],[141.56158,43.43497],[141.55335,43.34116],[141.56433,43.2492]]]}},{"type":"Feature","properties":{"name":"石狩（いしかり）低地東縁断層帯","_color":"#ff0000","_opacity":0,"_weight":1,"_fillColor":"#ffffff","_fillOpacity":0},"geometry":{"type":"Polygon","coordinates":[[[141.91864,42.37681],[141.95984,42.48628],[141.81976,42.69051],[141.82251,42.77524],[141.78955,42.882],[141.80878,42.9524],[141.85272,43.2352],[141.91315,43.33916],[141.88019,43.34316],[141.77856,43.26921],[141.72913,43.16913],[141.69342,43.07691],[141.67419,43.01469],[141.66321,42.83771],[141.72363,42.60768],[141.79504,42.51665],[141.91864,42.37681]]]}},{"type":"Feature","properties":{"name":"折爪（おりつめ）断層","_color":"#ff0000","_opacity":0,"_weight":1,"_fillColor":"#ffffff","_fillOpacity":0},"geometry":{"type":"Polygon","coordinates":[[[141.2471,40.50962],[141.27182,40.52111],[141.31988,40.4762],[141.41327,40.25018],[141.44073,40.10329],[141.40778,40.10119],[141.38031,40.17782],[141.2471,40.50962]]]}},{"type":"Feature","properties":{"name":"能代（のしろ）断層帯","_color":"#ff0000","_opacity":0,"_weight":1,"_fillColor":"#ffffff","_fillOpacity":0},"geometry":{"type":"Polygon","coordinates":[[[140.0235,40.30466],[140.04547,40.30571],[140.1004,40.25333],[140.09766,40.21559],[140.01388,40.07912],[139.98367,40.08753],[140.0235,40.30466]]]}},{"type":"Feature","properties":{"name":"横手（よこて）盆地東縁断層帯","_color":"#ff0000","_opacity":0,"_weight":1,"_fillColor":"#ffffff","_fillOpacity":0},"geometry":{"type":"Polygon","coordinates":[[[140.62363,39.62367],[140.64697,39.62367],[140.66071,39.4892],[140.61264,39.40118],[140.59067,39.35023],[140.58243,39.31836],[140.59753,39.11088],[140.57144,39.11195],[140.54672,39.34492],[140.57281,39.41073],[140.57419,39.45528],[140.62225,39.50828],[140.60577,39.55277],[140.60577,39.60251],[140.62363,39.62367]]]}},{"type":"Feature","properties":{"name":"新庄（しんじょう）盆地断層帯","_color":"#ff0000","_opacity":0,"_weight":1,"_fillColor":"#ffffff","_fillOpacity":0},"geometry":{"type":"Polygon","coordinates":[[[140.27893,38.62545],[140.29541,38.62545],[140.34073,38.67801],[140.33112,38.75087],[140.39017,38.83436],[140.36957,38.83971],[140.31189,38.8044],[140.28168,38.80226],[140.26932,38.82259],[140.20889,38.84719],[140.17456,38.81938],[140.15396,38.73695],[140.24185,38.6587],[140.27893,38.62545]]]}}]}