{"type":"FeatureCollection","features":[{"type":"Feature","properties":{"路線名":"国道445号","道路種別":"補助国道","状態":"全面通行止め","規制理由":"落石","区間":"熊本県八代市泉町葉木 → 熊本県八代市泉町葉木","規制開始":"2026/7/29 13:30","場所":"熊本県八代市","_color":"#e60012","_weight":5,"_opacity":1},"geometry":{"type":"LineString","coordinates":[[130.94428,32.52264],[130.94444,32.5226]]}},{"type":"Feature","properties":{"状態":"不明","_color":"#9e9e9e","_weight":3,"_opacity":0.7},"geometry":{"type":"LineString","coordinates":[[130.61077,33.18812],[130.61077,33.18808],[130.6108,33.18778],[130.61084,33.18729],[130.61088,33.18704],[130.61097,33.18671],[130.61111,33.18603],[130.61132,33.18495],[130.61138,33.18465],[130.61152,33.18395],[130.61168,33.1831],[130.61179,33.18253],[130.61184,33.18226],[130.61188,33.18195],[130.61191,33.18165],[130.61192,33.18138],[130.61191,33.18085],[130.61185,33.18008],[130.61183,33.17977],[130.6118,33.17946],[130.6118,33.17918],[130.61184,33.17896],[130.61188,33.17878],[130.61199,33.17847],[130.61208,33.17828],[130.61217,33.17815],[130.61245,33.17772],[130.61252,33.17757],[130.61257,33.17737],[130.6126,33.17714],[130.61263,33.17659],[130.61268,33.17562],[130.61274,33.17481],[130.61281,33.17358],[130.61285,33.17338],[130.6129,33.17318],[130.61295,33.17307],[130.61305,33.17287],[130.61308,33.17282],[130.61313,33.17275],[130.61327,33.17258],[130.61342,33.17242],[130.61356,33.17231],[130.61398,33.17195],[130.61407,33.17188],[130.61462,33.17137],[130.61483,33.1712],[130.61498,33.1711],[130.61521,33.17098],[130.61536,33.1709],[130.61572,33.17075],[130.61604,33.17067],[130.61619,33.17064],[130.61703,33.17052],[130.61774,33.17042],[130.61839,33.1703],[130.61856,33.17027],[130.61864,33.17024],[130.61874,33.1702],[130.61888,33.17012],[130.61903,33.17],[130.6191,33.16993],[130.61915,33.16987],[130.61921,33.16979],[130.61925,33.1697],[130.6193,33.1696],[130.61933,33.16946],[130.61943,33.16903],[130.61951,33.1687],[130.61962,33.16813],[130.61968,33.16785],[130.61972,33.16763],[130.61973,33.16742],[130.61971,33.16726],[130.61967,33.16706],[130.61954,33.16683],[130.61944,33.16667],[130.61935,33.16655],[130.61931,33.16651],[130.61912,33.16632],[130.61889,33.1661],[130.61857,33.16577],[130.61836,33.16557],[130.61791,33.16512],[130.61773,33.16495],[130.61759,33.1648],[130.6175,33.16468],[130.61739,33.16453],[130.61732,33.1644],[130.61728,33.16428],[130.61726,33.16413],[130.61726,33.16402],[130.61727,33.16391],[130.61729,33.1638],[130.61735,33.16363],[130.6174,33.16351],[130.61749,33.16338],[130.61757,33.16329],[130.61767,33.1632],[130.6178,33.16311],[130.61798,33.163],[130.6182,33.16288],[130.61891,33.16254],[130.61945,33.16235],[130.61969,33.16229],[130.61991,33.16223],[130.62023,33.1621],[130.62043,33.162],[130.6206,33.16189],[130.62076,33.16177],[130.62107,33.16155],[130.62129,33.16137],[130.62145,33.16123],[130.62155,33.16112],[130.62163,33.161],[130.62169,33.16087],[130.62172,33.16075],[130.62175,33.1606],[130.62175,33.16042],[130.62174,33.16028],[130.62168,33.16012],[130.6216,33.15999],[130.62157,33.15995],[130.62151,33.15988],[130.62146,33.15982],[130.62135,33.15973],[130.62125,33.15967],[130.62115,33.15961],[130.62098,33.15954],[130.62011,33.15925],[130.61985,33.15916],[130.61948,33.15904],[130.61925,33.15897],[130.61909,33.1589],[130.61897,33.15884],[130.61887,33.15877],[130.61876,33.15868],[130.61869,33.15859],[130.61863,33.1585],[130.61858,33.15839],[130.61855,33.15829],[130.61853,33.15818],[130.61853,33.15809],[130.61854,33.15795],[130.61857,33.15784],[130.61868,33.15764],[130.61882,33.15748],[130.6191,33.1572],[130.61933,33.15697],[130.6196,33.15668],[130.61976,33.15649],[130.61982,33.15638],[130.61987,33.15626],[130.6199,33.15612],[130.61991,33.15594],[130.61989,33.15578],[130.61983,33.1556],[130.61961,33.15518],[130.61935,33.15465],[130.61929,33.15449],[130.61923,33.15426],[130.6192,33.15409],[130.61918,33.15387],[130.61917,33.15365],[130.61917,33.15362],[130.61913,33.15306],[130.6191,33.15265],[130.61908,33.15243],[130.61908,33.15237],[130.61906,33.15217],[130.619,33.15188],[130.61895,33.15172],[130.61889,33.1516],[130.61884,33.15151],[130.61867,33.15126],[130.61839,33.15077],[130.61832,33.15065],[130.61826,33.15054],[130.61821,33.15038],[130.61818,33.15026],[130.61815,33.15011],[130.61814,33.14991],[130.61815,33.14968],[130.61819,33.14948],[130.61821,33.14937],[130.61826,33.14924],[130.61831,33.14907],[130.61845,33.14869],[130.61863,33.14821],[130.61879,33.14778],[130.61897,33.14728],[130.61904,33.14712],[130.61914,33.14684],[130.61922,33.14659],[130.61926,33.14637],[130.61928,33.14613],[130.61928,33.1459],[130.61927,33.14572],[130.61927,33.14515],[130.61926,33.14478],[130.61926,33.14456],[130.61924,33.14382],[130.61923,33.14355],[130.61921,33.14325],[130.61917,33.14305],[130.61912,33.1429],[130.61908,33.14275],[130.61897,33.14246],[130.61882,33.14205],[130.61877,33.14193],[130.61859,33.14143],[130.61854,33.14127],[130.6185,33.14108],[130.61849,33.14102],[130.61847,33.1408],[130.61847,33.14065],[130.61855,33.13987],[130.61857,33.1396],[130.61865,33.13891],[130.61869,33.13858],[130.6187,33.13848],[130.61873,33.13835],[130.61877,33.13821],[130.61903,33.13773],[130.61935,33.13715],[130.61962,33.1367],[130.62007,33.13589],[130.62033,33.13542],[130.6207,33.13479],[130.62084,33.13459],[130.62092,33.1345],[130.621,33.13442],[130.62112,33.13434],[130.62127,33.13425],[130.62152,33.13415],[130.62187,33.13403],[130.62217,33.1339],[130.62238,33.13379],[130.62251,33.1337],[130.62266,33.13358],[130.62284,33.1334],[130.62297,33.1332],[130.62332,33.13259],[130.62351,33.13225],[130.62366,33.13203],[130.62375,33.13191],[130.62395,33.13169],[130.62416,33.13148],[130.62441,33.13127],[130.625,33.13077],[130.62565,33.13015],[130.62607,33.1299],[130.62629,33.1298],[130.62653,33.12973],[130.62686,33.12966],[130.62708,33.12964],[130.62896,33.1294],[130.63026,33.1292],[130.63054,33.12917],[130.6312,33.12919],[130.63264,33.12927],[130.6331,33.12925],[130.63368,33.12915],[130.63387,33.1291],[130.63465,33.12888],[130.63499,33.12871],[130.6353,33.12847],[130.63547,33.12818],[130.63562,33.1279],[130.63578,33.12742],[130.63595,33.12707],[130.63625,33.12676],[130.63655,33.12658],[130.63807,33.12611],[130.63835,33.126],[130.63854,33.12586],[130.63941,33.12495],[130.63969,33.12478],[130.64007,33.12468],[130.64065,33.1247],[130.64126,33.12479],[130.64168,33.12472],[130.64192,33.1246],[130.64213,33.12437],[130.6423,33.12395],[130.64239,33.12349],[130.64243,33.12326],[130.64266,33.12212],[130.64276,33.12189],[130.64313,33.12134],[130.64335,33.12109],[130.64369,33.12077],[130.6439,33.12065],[130.64422,33.1205],[130.6448,33.1203],[130.64507,33.12019],[130.6453,33.12005],[130.64561,33.11977],[130.64681,33.11848],[130.64784,33.11745],[130.64802,33.11711],[130.6483,33.11617],[130.64857,33.11566],[130.64863,33.11557],[130.64887,33.1152],[130.64966,33.11436],[130.65008,33.11398],[130.65065,33.11365],[130.65206,33.11299],[130.65228,33.11293],[130.65238,33.1129],[130.65283,33.11289],[130.65344,33.11295],[130.6538,33.11298],[130.65453,33.11301],[130.65524,33.11302],[130.65567,33.11309],[130.65624,33.1132],[130.65682,33.11326],[130.65726,33.11323],[130.65772,33.11314],[130.66107,33.1123],[130.66137,33.11225],[130.66167,33.11221],[130.66201,33.11219],[130.66233,33.11218],[130.66272,33.11221],[130.66456,33.11243],[130.66535,33.11257],[130.66591,33.11277],[130.66767,33.11369],[130.66842,33.11412],[130.67024,33.11513],[130.67149,33.11628],[130.67184,33.1166],[130.6722,33.11684],[130.6725,33.11695],[130.67295,33.11701],[130.67408,33.11699],[130.67552,33.11697],[130.67588,33.11693],[130.67618,33.11685],[130.67723,33.11643],[130.67851,33.1159],[130.67952,33.11545],[130.68105,33.11472],[130.68138,33.11463],[130.68166,33.1146],[130.68189,33.1146],[130.68221,33.11464],[130.68263,33.11472],[130.68375,33.11494],[130.68508,33.11526],[130.68575,33.11548],[130.68643,33.11571],[130.6871,33.11594],[130.68752,33.11602],[130.68804,33.11593],[130.68822,33.11582],[130.68833,33.11573],[130.68845,33.11562],[130.68856,33.11549],[130.68865,33.11531],[130.68879,33.11465],[130.68885,33.11436],[130.68889,33.1142],[130.68891,33.11407],[130.68934,33.11204],[130.68942,33.11178],[130.68994,33.11067],[130.69025,33.11011],[130.69052,33.10975],[130.69089,33.10952],[130.691,33.10946],[130.69123,33.10934],[130.69129,33.10931],[130.69168,33.10911],[130.69239,33.10872],[130.69262,33.10856],[130.69286,33.10832],[130.69329,33.10774],[130.69351,33.10739],[130.69372,33.10718],[130.6942,33.10667],[130.69493,33.10586],[130.69582,33.10498],[130.69612,33.10474],[130.69642,33.10457],[130.6968,33.10443],[130.69881,33.10407],[130.69973,33.10377],[130.69998,33.10363],[130.7002,33.10339],[130.70022,33.10294],[130.70014,33.10247],[130.69965,33.10115],[130.69903,33.09936],[130.6989,33.09862],[130.69871,33.09657],[130.69857,33.09617],[130.6983,33.09576],[130.69764,33.09522],[130.69728,33.09493],[130.69719,33.09485],[130.69635,33.0941],[130.69615,33.09371],[130.69611,33.09351],[130.69617,33.09327],[130.69683,33.09223],[130.69723,33.09157],[130.69734,33.09123],[130.69733,33.09087],[130.69727,33.09055],[130.69725,33.09042],[130.69722,33.0903],[130.69703,33.08972],[130.69679,33.08898],[130.69652,33.08813],[130.69643,33.08787],[130.69624,33.08729],[130.69594,33.08668],[130.69586,33.08639],[130.69532,33.08472],[130.69502,33.08376],[130.69496,33.08333],[130.69469,33.0825],[130.6945,33.08186],[130.69418,33.0809],[130.69405,33.08048],[130.69369,33.07938],[130.69356,33.07896],[130.6932,33.07787],[130.69293,33.07698],[130.69257,33.07587],[130.69242,33.07538],[130.69236,33.07516],[130.69233,33.07498],[130.6923,33.0748],[130.6923,33.07466],[130.6923,33.07449],[130.6923,33.07445],[130.69233,33.07421],[130.69251,33.07328],[130.69278,33.07199],[130.69284,33.07177],[130.69296,33.07143],[130.69309,33.07116],[130.69333,33.07073],[130.69379,33.0699],[130.69406,33.06945],[130.69413,33.06935],[130.69426,33.0692],[130.69439,33.06906],[130.69514,33.06842],[130.69525,33.06832],[130.69536,33.06821],[130.6954,33.06816],[130.69549,33.06805],[130.69562,33.06783],[130.6957,33.06765],[130.69575,33.06748],[130.69577,33.06732],[130.69577,33.06718],[130.69575,33.067],[130.6957,33.06683],[130.69563,33.06663],[130.6952,33.06569],[130.69476,33.06479],[130.69437,33.064],[130.6938,33.06291],[130.6933,33.06193],[130.69285,33.06107],[130.69268,33.06074],[130.69213,33.05968],[130.69175,33.05896],[130.69131,33.0581],[130.69102,33.05755],[130.69069,33.05692],[130.69055,33.05663],[130.69035,33.05625],[130.69014,33.05585],[130.68991,33.0554],[130.68982,33.0552],[130.68972,33.05505],[130.68955,33.05477],[130.68938,33.05456],[130.68918,33.05435],[130.68895,33.05417],[130.68864,33.05393],[130.68833,33.05374],[130.68809,33.05358],[130.68793,33.05346],[130.68782,33.05336],[130.68769,33.05322],[130.68759,33.05308],[130.68747,33.05288],[130.6874,33.05274],[130.68735,33.05259],[130.68731,33.05242],[130.6873,33.05226],[130.68731,33.05214],[130.68732,33.05201],[130.68735,33.05189],[130.68745,33.05159],[130.68748,33.05149],[130.68766,33.05083],[130.68768,33.05077],[130.68785,33.05013],[130.68787,33.05002],[130.68789,33.0499],[130.6879,33.0497],[130.68788,33.04945],[130.68783,33.04924],[130.68777,33.04907],[130.68771,33.04893],[130.68763,33.04877],[130.6875,33.04858],[130.68731,33.04837],[130.6871,33.0482],[130.68695,33.04811],[130.68679,33.04803],[130.68654,33.04792],[130.68603,33.04777],[130.68569,33.04764],[130.68529,33.04749],[130.68489,33.04729],[130.6848,33.04722],[130.68467,33.0471],[130.6842,33.04664],[130.68402,33.04643],[130.68381,33.04619],[130.68367,33.04599],[130.68354,33.04572],[130.68266,33.04396],[130.68254,33.04375],[130.6824,33.04345],[130.6823,33.04315],[130.68226,33.0429],[130.68224,33.0427],[130.68224,33.04241],[130.68222,33.04166],[130.68223,33.04104],[130.68225,33.04051],[130.68227,33.03975],[130.68228,33.03948],[130.68223,33.03782],[130.68224,33.0365],[130.68222,33.03533],[130.68222,33.03529],[130.68221,33.0344],[130.6822,33.03404],[130.68219,33.03357],[130.68219,33.03323],[130.68219,33.03117],[130.68214,33.02896],[130.68214,33.02885],[130.68214,33.02854],[130.68217,33.02822],[130.68221,33.02776],[130.68228,33.02728],[130.68242,33.02634],[130.68269,33.02419],[130.683,33.02183],[130.68317,33.02068],[130.68319,33.02057],[130.68324,33.02012],[130.68325,33.02002],[130.68331,33.01967],[130.68339,33.01926],[130.68347,33.01896],[130.68354,33.01877],[130.68368,33.01829],[130.68399,33.0174],[130.68401,33.01734],[130.68442,33.01602],[130.68471,33.01508],[130.68485,33.01463],[130.685,33.01416],[130.68517,33.01365],[130.68547,33.01274],[130.6857,33.01202],[130.6858,33.01175],[130.68582,33.01166],[130.68587,33.01134],[130.68585,33.01077],[130.68585,33.01071],[130.6858,33.00916],[130.6858,33.00901],[130.68578,33.00869],[130.68576,33.00828],[130.68572,33.00775],[130.68567,33.00665],[130.68564,33.0062],[130.68564,33.0059],[130.68563,33.00542],[130.68565,33.00508],[130.68568,33.00482],[130.68572,33.00458],[130.68577,33.00437],[130.68584,33.0041],[130.68599,33.0036],[130.68603,33.00344],[130.68605,33.0034],[130.68606,33.00335],[130.68637,33.00242],[130.68665,33.00158],[130.68682,33.00118],[130.68706,33.00077],[130.6872,33.00057],[130.6873,33.00044],[130.68742,33.00031],[130.68758,33.00015],[130.68774,33],[130.68809,32.99963],[130.69018,32.99766],[130.69076,32.99707],[130.69105,32.99681],[130.69174,32.99608],[130.69219,32.99558],[130.69353,32.99404],[130.69488,32.99249],[130.69567,32.99163],[130.69635,32.99085],[130.69654,32.99063],[130.69761,32.98942],[130.69835,32.98857],[130.69899,32.98785],[130.7001,32.98659],[130.70035,32.9863],[130.70042,32.98621],[130.70102,32.98554],[130.70172,32.98477],[130.70233,32.9842],[130.70301,32.98355],[130.70324,32.98331],[130.70407,32.98253],[130.70421,32.98239],[130.70446,32.98216],[130.70512,32.98154],[130.70622,32.98051],[130.70751,32.97927],[130.70772,32.97907],[130.70844,32.97838],[130.7093,32.97758],[130.71089,32.97609],[130.71131,32.97568],[130.71208,32.97494],[130.71281,32.97425],[130.71328,32.97382],[130.71346,32.97366],[130.71401,32.97312],[130.71459,32.97258],[130.7148,32.9724],[130.71495,32.97225],[130.71508,32.9721],[130.71522,32.97193],[130.71533,32.97178],[130.71543,32.97163],[130.71571,32.97115],[130.71578,32.97097],[130.71582,32.97083],[130.71585,32.9707],[130.71589,32.97055],[130.71592,32.97041],[130.71597,32.97014],[130.71601,32.96988],[130.71601,32.96967],[130.716,32.96948],[130.71597,32.96924],[130.71592,32.96894],[130.7159,32.96881],[130.71587,32.9687],[130.71585,32.96862],[130.71583,32.96856],[130.7158,32.96848],[130.71571,32.96828],[130.71557,32.96801],[130.71513,32.96717],[130.71462,32.96619],[130.71413,32.96526],[130.71398,32.96498],[130.71382,32.96468],[130.71368,32.9644],[130.71348,32.96403],[130.71327,32.96365],[130.71283,32.96284],[130.71254,32.96227],[130.71248,32.96215],[130.71239,32.96198],[130.71223,32.96158],[130.71219,32.96146],[130.71214,32.96134],[130.71208,32.9612],[130.71203,32.96104],[130.71196,32.96084],[130.71193,32.96075],[130.7119,32.96066],[130.71188,32.96058],[130.71186,32.96051],[130.71183,32.96038],[130.7118,32.96019],[130.71175,32.95982],[130.71172,32.95941],[130.71171,32.95903],[130.71173,32.95871],[130.71178,32.95818],[130.71188,32.95747],[130.7119,32.95732],[130.71192,32.95719],[130.71192,32.95707],[130.71191,32.95687],[130.7119,32.95674],[130.71187,32.95661],[130.71185,32.95647],[130.71171,32.95591],[130.71164,32.95565],[130.7116,32.9555],[130.71158,32.95538],[130.71156,32.95526],[130.71155,32.95495],[130.71155,32.95473],[130.71159,32.95434],[130.71166,32.95383],[130.71176,32.95336],[130.71186,32.953],[130.71197,32.95269],[130.71208,32.95232],[130.71213,32.95217],[130.71229,32.95163],[130.71233,32.95148],[130.71242,32.95118],[130.71244,32.95109],[130.71245,32.951],[130.71246,32.95093],[130.71246,32.95081],[130.71246,32.95075],[130.71245,32.95066],[130.71244,32.95059],[130.71243,32.95051],[130.71242,32.95043],[130.7124,32.9503],[130.71236,32.9501],[130.71234,32.94998],[130.71225,32.94928],[130.71223,32.94895],[130.71223,32.94886],[130.71223,32.94876],[130.71224,32.94868],[130.71225,32.94858],[130.71227,32.94848],[130.71233,32.94818],[130.71245,32.94768],[130.7125,32.94741],[130.71252,32.94722],[130.71251,32.94696],[130.71248,32.94669],[130.71241,32.94645],[130.71232,32.9462],[130.71222,32.94598],[130.71205,32.94573],[130.71188,32.94551],[130.71129,32.94492],[130.71092,32.94454],[130.71022,32.94385],[130.70985,32.94349],[130.70963,32.94328],[130.7094,32.94304],[130.7092,32.94288],[130.70867,32.94236],[130.70856,32.94225],[130.70811,32.94182],[130.70763,32.94134],[130.70753,32.94124],[130.70657,32.94031],[130.70605,32.9398],[130.70548,32.93923],[130.70527,32.93902],[130.7052,32.93894],[130.70507,32.9388],[130.7049,32.93859],[130.70472,32.93836],[130.70465,32.93827],[130.70428,32.93779],[130.70392,32.93729],[130.70381,32.93712],[130.70351,32.9366],[130.70328,32.93623],[130.70317,32.93605],[130.70282,32.93544],[130.70258,32.93498],[130.70233,32.9345],[130.70217,32.93421],[130.70178,32.93348],[130.7016,32.93315],[130.70143,32.93284],[130.70118,32.93237],[130.70062,32.93128],[130.70002,32.93015],[130.69997,32.93007],[130.69981,32.92976],[130.69955,32.92927],[130.69947,32.9291],[130.69923,32.92867],[130.69893,32.92812],[130.69849,32.92731],[130.69841,32.92716],[130.69837,32.9271],[130.69833,32.92703],[130.69828,32.92697],[130.69823,32.9269],[130.69798,32.9266],[130.69736,32.92598],[130.69657,32.92525],[130.69622,32.92495],[130.69565,32.9244],[130.69524,32.924],[130.69518,32.92394],[130.69512,32.92388],[130.69506,32.92381],[130.69501,32.92375],[130.69491,32.92361],[130.69474,32.92335],[130.69439,32.92275],[130.69357,32.92126],[130.69289,32.92003],[130.6927,32.91972],[130.69234,32.91909],[130.69211,32.91866],[130.69192,32.91831],[130.69188,32.91823],[130.6917,32.91786],[130.69165,32.91776],[130.69158,32.91759],[130.69156,32.91752],[130.69153,32.91745],[130.69151,32.91738],[130.69149,32.9173],[130.69147,32.91722],[130.69145,32.91712],[130.69139,32.91667],[130.69137,32.91655],[130.69137,32.91641],[130.69137,32.91613],[130.69137,32.91601],[130.69138,32.9159],[130.6914,32.9158],[130.69151,32.91497],[130.69168,32.91368],[130.69175,32.91322],[130.69187,32.91231],[130.69198,32.91153],[130.69201,32.91132],[130.69213,32.91053],[130.69235,32.90898],[130.69237,32.90875],[130.69241,32.90831],[130.69245,32.90767],[130.69246,32.90718],[130.69247,32.90698],[130.69242,32.90463],[130.69237,32.90333],[130.69236,32.90322],[130.69235,32.90313],[130.69234,32.90302],[130.69233,32.90294],[130.69224,32.90258],[130.69204,32.90207],[130.69186,32.90163],[130.69181,32.90151],[130.69133,32.90046],[130.69079,32.89933],[130.69054,32.89878],[130.69039,32.89844],[130.69033,32.89831],[130.69023,32.89805],[130.69018,32.89788],[130.69012,32.89775],[130.69006,32.89758],[130.69003,32.8975],[130.68999,32.89735],[130.68995,32.89723],[130.68992,32.8971],[130.68988,32.89696],[130.68985,32.89682],[130.68983,32.89672],[130.6898,32.8966],[130.68979,32.89648],[130.68977,32.89638],[130.68977,32.89625],[130.68976,32.89599],[130.68975,32.8957],[130.68975,32.89566],[130.68975,32.89555],[130.68976,32.89544],[130.68977,32.89534],[130.68977,32.89526],[130.68979,32.89515],[130.68981,32.89503],[130.68988,32.89473],[130.68991,32.89462],[130.69029,32.89321],[130.69053,32.89205],[130.69057,32.89161],[130.69065,32.89076],[130.6908,32.88901],[130.69082,32.88882],[130.69084,32.88864],[130.69088,32.88839],[130.69091,32.88825],[130.69096,32.88804],[130.691,32.88788],[130.6911,32.88752],[130.69116,32.88743],[130.69123,32.88727],[130.69129,32.88712],[130.69134,32.88701],[130.6914,32.88685],[130.69147,32.88673],[130.69159,32.88648],[130.69174,32.88613],[130.69182,32.88593],[130.6918,32.88582],[130.69235,32.8845],[130.69257,32.88401],[130.69289,32.88332],[130.69295,32.8832],[130.69301,32.88311],[130.69331,32.88272],[130.69339,32.88265],[130.69347,32.88258],[130.69359,32.8825],[130.69383,32.88234],[130.69413,32.88214],[130.69486,32.88168],[130.6953,32.8814],[130.69597,32.88095],[130.69636,32.88069],[130.69671,32.88046],[130.69693,32.8803],[130.6971,32.88017],[130.6972,32.88009],[130.69777,32.87962],[130.69789,32.87952],[130.69829,32.87917],[130.6984,32.87907],[130.69848,32.879],[130.69864,32.87889],[130.69875,32.87882],[130.69886,32.87876],[130.69897,32.8787],[130.69906,32.87867],[130.69916,32.87863],[130.69925,32.87861],[130.69992,32.87843],[130.70003,32.8784],[130.70015,32.87835],[130.70025,32.8783],[130.70033,32.87826],[130.70044,32.8782],[130.70054,32.87813],[130.70063,32.87807],[130.70067,32.87804],[130.70071,32.878],[130.70078,32.87792],[130.70084,32.87785],[130.7009,32.87776],[130.70093,32.8777],[130.70097,32.8776],[130.70102,32.87745],[130.70106,32.87732],[130.70108,32.87721],[130.7011,32.877],[130.70112,32.8764],[130.70113,32.8763],[130.70115,32.87619],[130.70116,32.8761],[130.70148,32.87492],[130.7015,32.87483],[130.70151,32.87481],[130.70151,32.87475],[130.70151,32.87467],[130.70151,32.87428],[130.7015,32.87392],[130.70148,32.87355],[130.70148,32.87342],[130.70149,32.87332],[130.7015,32.87322],[130.70153,32.87313],[130.70157,32.87301],[130.7016,32.87295],[130.70165,32.87285],[130.70206,32.87207],[130.70213,32.87194],[130.7022,32.87183],[130.70226,32.87172],[130.70235,32.87161],[130.70241,32.87153],[130.70253,32.87139],[130.70263,32.87129],[130.70317,32.87076],[130.70354,32.87041],[130.70361,32.87034],[130.70369,32.87026],[130.70377,32.87018],[130.70381,32.87012],[130.70386,32.87005],[130.7039,32.86999],[130.70395,32.86991],[130.70402,32.8698],[130.70416,32.86949],[130.70436,32.86908],[130.70445,32.8689],[130.70457,32.86868],[130.70465,32.86851],[130.70475,32.86835],[130.7048,32.86825],[130.70487,32.86815],[130.70495,32.86805],[130.70503,32.86798],[130.7051,32.86791],[130.70519,32.86784],[130.70529,32.86777],[130.70547,32.86766],[130.70568,32.86755],[130.70592,32.86744],[130.70606,32.86737],[130.70622,32.86729],[130.70639,32.8672],[130.70656,32.86709],[130.70669,32.867],[130.7068,32.86691],[130.70691,32.8668],[130.707,32.8667],[130.70705,32.86662],[130.70712,32.8665],[130.70718,32.86639],[130.70725,32.86623],[130.70789,32.86478],[130.70857,32.86326],[130.70882,32.86272],[130.70906,32.86217],[130.70911,32.86205],[130.70914,32.86197],[130.70917,32.86187],[130.70919,32.86179],[130.70921,32.86172],[130.70922,32.86166],[130.70924,32.86156],[130.70926,32.86141],[130.70929,32.86105],[130.70933,32.86065],[130.70933,32.86056],[130.70934,32.86033],[130.70935,32.86025],[130.70937,32.85968],[130.70943,32.85856],[130.70953,32.85739],[130.70955,32.85721],[130.70956,32.85708],[130.70958,32.85695],[130.70963,32.85681],[130.70967,32.85669],[130.70972,32.85654],[130.70986,32.85622],[130.71001,32.85592],[130.71007,32.85581],[130.7103,32.8554],[130.71097,32.85423],[130.71107,32.85405],[130.71203,32.85236],[130.71238,32.85175],[130.71283,32.85093],[130.71525,32.84667],[130.71575,32.84581],[130.71579,32.84575],[130.71594,32.84546],[130.71622,32.84493],[130.71627,32.84481],[130.71636,32.84462],[130.71662,32.84396],[130.71687,32.84334],[130.71706,32.8429],[130.71762,32.84153],[130.7188,32.83867],[130.7196,32.8367],[130.71963,32.83662],[130.71973,32.83639],[130.7202,32.83523],[130.72069,32.83408],[130.72073,32.83398],[130.72095,32.83344],[130.721,32.83333],[130.72115,32.83296],[130.7214,32.8323],[130.72179,32.83138],[130.72198,32.83094],[130.72248,32.82972],[130.72252,32.82959],[130.72254,32.82948],[130.72257,32.82935],[130.72258,32.82923],[130.7226,32.82911],[130.72261,32.82897],[130.72261,32.82888],[130.72264,32.82765],[130.72264,32.82522],[130.72266,32.82405],[130.72265,32.82392],[130.72265,32.8238],[130.72263,32.82365],[130.7226,32.8235],[130.72255,32.82327],[130.72252,32.82317],[130.72248,32.82307],[130.72242,32.82297],[130.72236,32.82285],[130.7223,32.82274],[130.72207,32.82248],[130.72142,32.82178],[130.72052,32.82081],[130.71905,32.81922],[130.71891,32.81907],[130.71844,32.81857],[130.71836,32.81848],[130.7176,32.81768],[130.7174,32.81746],[130.71729,32.81734],[130.71721,32.81725],[130.71708,32.81712],[130.717,32.81704],[130.71691,32.81692],[130.71683,32.81681],[130.71677,32.81669],[130.7167,32.81658],[130.71662,32.81641],[130.71657,32.81629],[130.71653,32.81618],[130.7165,32.81609],[130.71648,32.81598],[130.71645,32.8158],[130.71637,32.81535],[130.71632,32.81495],[130.71627,32.81458],[130.71609,32.8135],[130.71596,32.81272],[130.7159,32.81227],[130.71582,32.81174],[130.71578,32.81145],[130.71572,32.81115],[130.7157,32.81108],[130.71567,32.81097],[130.71562,32.81088],[130.71557,32.81082],[130.7155,32.81074],[130.71537,32.81062],[130.7153,32.81054],[130.71523,32.81046],[130.71515,32.81034],[130.71509,32.81023],[130.71505,32.81013],[130.71501,32.81001],[130.71498,32.80989],[130.71496,32.80978],[130.71494,32.80962],[130.71482,32.80862],[130.7148,32.8082],[130.71476,32.8077],[130.71472,32.80731],[130.7147,32.807],[130.71468,32.80688],[130.71467,32.80678],[130.71464,32.80666],[130.7146,32.80654],[130.7145,32.80624],[130.71427,32.80563],[130.71414,32.80525],[130.71395,32.80474],[130.71381,32.80435],[130.71362,32.80385],[130.71345,32.8034],[130.7134,32.80326],[130.71321,32.80275],[130.71304,32.80229],[130.71276,32.80154],[130.71253,32.80097],[130.71244,32.8007],[130.7124,32.80061],[130.71236,32.80053],[130.71231,32.80042],[130.71228,32.80037],[130.71211,32.80015],[130.71179,32.79973],[130.71148,32.79931],[130.71141,32.79922],[130.71136,32.79916],[130.7113,32.7991],[130.71106,32.79888],[130.71097,32.7988],[130.71055,32.79844],[130.71025,32.7982],[130.71017,32.79813],[130.71009,32.79807],[130.70999,32.798],[130.70988,32.79794],[130.70974,32.79787],[130.70929,32.79767],[130.70889,32.79751],[130.70875,32.79744],[130.70858,32.79737],[130.70843,32.7973],[130.70819,32.79722],[130.70698,32.79686],[130.70558,32.79645],[130.70499,32.79626],[130.70489,32.79622],[130.7048,32.79618],[130.7047,32.79613],[130.70452,32.79601],[130.70432,32.79588],[130.70421,32.79582],[130.70385,32.79563],[130.70337,32.7954],[130.7027,32.79505],[130.70221,32.79482],[130.70202,32.79472],[130.70213,32.79465],[130.70216,32.79455],[130.70249,32.79373],[130.70259,32.79348],[130.70275,32.79292],[130.70283,32.79265],[130.7028,32.79255],[130.70285,32.79243],[130.70294,32.79218],[130.70298,32.79205],[130.703,32.79196],[130.70301,32.79188],[130.703,32.79175],[130.70298,32.79164],[130.70294,32.79153],[130.70285,32.79138],[130.70272,32.79115],[130.70249,32.79082],[130.70241,32.79069],[130.70236,32.7906],[130.7022,32.79037],[130.70189,32.78985],[130.70175,32.78965],[130.70117,32.78877],[130.70075,32.78811],[130.70067,32.78798],[130.7004,32.78756],[130.7003,32.78741],[130.69993,32.78683],[130.69929,32.78584],[130.69848,32.78461],[130.69811,32.78407],[130.69799,32.78388],[130.69792,32.78376],[130.69787,32.78365],[130.69781,32.7835],[130.69775,32.78336],[130.6977,32.78323],[130.69765,32.78307],[130.69761,32.78289],[130.69755,32.78259],[130.69752,32.78237],[130.69751,32.7823],[130.69746,32.78199],[130.69736,32.78143],[130.69722,32.78071],[130.69716,32.78036],[130.69694,32.77899],[130.6969,32.7788],[130.69685,32.7785],[130.6968,32.7782],[130.6967,32.7776],[130.69668,32.77749],[130.69666,32.77737],[130.69663,32.77725],[130.69658,32.7771],[130.69646,32.77675],[130.69578,32.77536],[130.69525,32.77429],[130.69521,32.77419],[130.69456,32.77288],[130.69433,32.77244],[130.6942,32.77216],[130.69413,32.77202],[130.69385,32.77142],[130.69383,32.77139],[130.69378,32.77129],[130.69375,32.77124],[130.69317,32.77009],[130.69259,32.76888],[130.69217,32.76808],[130.6909,32.76551],[130.69016,32.76404],[130.69011,32.76394],[130.69005,32.7638],[130.68999,32.76367],[130.68994,32.76356],[130.68987,32.76335],[130.68983,32.7632],[130.6896,32.76237],[130.68958,32.7623],[130.68953,32.76214],[130.68951,32.7621],[130.68925,32.76113],[130.68914,32.76073],[130.68895,32.76009],[130.68869,32.75913],[130.6884,32.75809],[130.68756,32.75507],[130.68709,32.75337],[130.68705,32.75322],[130.68703,32.75311],[130.68699,32.75295],[130.68697,32.75285],[130.68697,32.75257],[130.68702,32.7525],[130.68704,32.75245],[130.68707,32.75222],[130.6871,32.75208],[130.68719,32.75175],[130.68736,32.751],[130.68758,32.75],[130.68787,32.7487],[130.68839,32.74625],[130.6884,32.74618],[130.68845,32.7459],[130.68848,32.74568],[130.6885,32.74558],[130.6885,32.74546],[130.68854,32.7448],[130.68856,32.74425],[130.68856,32.74364],[130.68852,32.74287],[130.68848,32.74227],[130.68847,32.74197],[130.68848,32.74142],[130.68852,32.74074],[130.68861,32.73983],[130.68864,32.73948],[130.68868,32.73899],[130.6887,32.73881],[130.68889,32.73705],[130.6889,32.73694],[130.68892,32.73666],[130.68893,32.73648],[130.68894,32.73636],[130.68894,32.73617],[130.68893,32.73597],[130.68893,32.73581],[130.68892,32.73572],[130.68889,32.73549],[130.68887,32.73539],[130.68885,32.73528],[130.68882,32.73514],[130.68877,32.735],[130.68869,32.73475],[130.68865,32.73464],[130.68861,32.73456],[130.68856,32.73445],[130.6885,32.73433],[130.68839,32.73413],[130.68832,32.73403],[130.68824,32.7339],[130.68816,32.73378],[130.68807,32.73367],[130.68792,32.73348],[130.68782,32.73337],[130.68772,32.73326],[130.68747,32.73302],[130.68713,32.73275],[130.68697,32.73264],[130.68676,32.7325],[130.68659,32.73238],[130.68646,32.73231],[130.68632,32.73223],[130.6861,32.73213],[130.68521,32.7317],[130.68413,32.7312],[130.68355,32.73094],[130.68182,32.73013],[130.6817,32.73007]]}},{"type":"Feature","properties":{"状態":"不明","_color":"#9e9e9e","_weight":3,"_opacity":0.7},"geometry":{"type":"LineString","coordinates":[[130.70148,32.86514],[130.70212,32.86455],[130.70254,32.86417],[130.70291,32.86383],[130.70315,32.86362],[130.70338,32.86341],[130.70362,32.8632],[130.70387,32.863],[130.70412,32.86282],[130.70433,32.86266],[130.70481,32.86235],[130.70512,32.86216],[130.70547,32.86197],[130.70597,32.8617],[130.70663,32.8614],[130.70705,32.86124],[130.70755,32.86105],[130.70815,32.86082],[130.70833,32.8608],[130.70908,32.86056],[130.70957,32.86041],[130.71042,32.86014],[130.71297,32.85935],[130.71337,32.85923],[130.71439,32.85893],[130.71502,32.85877],[130.7158,32.85858],[130.71626,32.85849],[130.71687,32.85837],[130.71727,32.8583],[130.71788,32.85822],[130.71856,32.85814],[130.71879,32.85811],[130.7192,32.85807],[130.71988,32.85803],[130.7209,32.85799],[130.72265,32.85795],[130.72303,32.85795],[130.72363,32.85793],[130.72409,32.8579],[130.72457,32.85787],[130.72523,32.8578],[130.7255,32.85776],[130.72585,32.8577],[130.72617,32.85763],[130.7267,32.85751],[130.72695,32.85744],[130.72728,32.85734],[130.72771,32.85719],[130.72778,32.85717],[130.72802,32.85708],[130.72829,32.85697],[130.72862,32.85683],[130.72898,32.85665],[130.72944,32.85641],[130.72989,32.85615],[130.7301,32.85601],[130.73076,32.85552],[130.7314,32.85505],[130.7316,32.85491],[130.73219,32.85447],[130.73413,32.85302],[130.73449,32.85277],[130.73507,32.85235],[130.73587,32.85179],[130.73595,32.85172],[130.73793,32.8503],[130.73815,32.85015],[130.73909,32.84948],[130.73994,32.84888],[130.74074,32.84835],[130.74174,32.84773],[130.7443,32.84607],[130.7448,32.84572],[130.74638,32.84463],[130.74766,32.84375],[130.74852,32.84314],[130.74872,32.843],[130.74895,32.84282],[130.7493,32.84255],[130.74951,32.84238],[130.74986,32.84208],[130.75,32.84196],[130.75019,32.84177],[130.75033,32.84162],[130.75057,32.84135],[130.75069,32.84122],[130.75082,32.84103],[130.75094,32.84085],[130.75106,32.84067],[130.75116,32.84045],[130.75127,32.84024],[130.75145,32.83973],[130.75152,32.83946],[130.75154,32.83933],[130.75156,32.8391],[130.75158,32.83882],[130.75158,32.83867],[130.75156,32.8385],[130.75153,32.83834],[130.75149,32.83814],[130.75137,32.83777],[130.75132,32.83761],[130.75125,32.83745],[130.75118,32.83729],[130.75103,32.83701],[130.75083,32.8367],[130.75071,32.83655],[130.75053,32.83633],[130.7503,32.83605],[130.75011,32.83585],[130.75,32.83573],[130.74984,32.83557],[130.74948,32.83523],[130.7492,32.83498],[130.74844,32.83432],[130.74799,32.83393],[130.74788,32.83381],[130.74783,32.83377],[130.74766,32.83358],[130.74748,32.83333],[130.7473,32.83312],[130.74719,32.83295],[130.7471,32.83282],[130.74703,32.8327],[130.74695,32.83254],[130.7469,32.83241],[130.74685,32.83228],[130.74681,32.83217],[130.74678,32.83205],[130.74675,32.83193],[130.74674,32.83181],[130.74672,32.83168],[130.74671,32.83152],[130.74671,32.83126],[130.74672,32.83111],[130.74673,32.83094],[130.74675,32.83079],[130.74679,32.83059],[130.74684,32.83037],[130.74688,32.83024],[130.74694,32.8301],[130.74703,32.82991],[130.7472,32.82956],[130.74766,32.82867],[130.74805,32.82795],[130.74852,32.82707],[130.74868,32.82676],[130.74966,32.82492],[130.74994,32.82439],[130.75,32.82427],[130.75007,32.82412],[130.75016,32.82393],[130.75027,32.8237],[130.75029,32.82365],[130.7504,32.82337],[130.75052,32.82305],[130.75064,32.82272],[130.75076,32.82238],[130.75091,32.82183],[130.75107,32.82108],[130.75115,32.82059],[130.75116,32.82049],[130.75117,32.8204],[130.75118,32.82039],[130.75119,32.82029],[130.75123,32.81993],[130.75125,32.81982],[130.75128,32.81919],[130.75129,32.81906],[130.7513,32.81896],[130.75129,32.81885],[130.75128,32.81875],[130.75127,32.81859],[130.75122,32.81809],[130.75121,32.81802],[130.75116,32.8177],[130.75112,32.81748],[130.75109,32.81731],[130.75105,32.81712],[130.75095,32.81663],[130.7509,32.81643],[130.7508,32.8161],[130.75088,32.81599],[130.75082,32.81591],[130.75078,32.81586],[130.75075,32.8158],[130.75072,32.81574],[130.7507,32.81566],[130.75065,32.81547],[130.75039,32.81439],[130.75033,32.81417],[130.75028,32.81402],[130.75022,32.81384],[130.75006,32.81346],[130.75,32.81329],[130.74991,32.81302],[130.74966,32.81219],[130.74949,32.81158],[130.74943,32.8114],[130.74928,32.81087],[130.74906,32.81072],[130.74925,32.81136],[130.74926,32.8114],[130.74932,32.81158],[130.74933,32.81162],[130.74947,32.8121],[130.75,32.814],[130.75025,32.81482],[130.75042,32.81547],[130.75055,32.81592],[130.75066,32.816]]}},{"type":"Feature","properties":{"状態":"不明","_color":"#9e9e9e","_weight":3,"_opacity":0.7},"geometry":{"type":"LineString","coordinates":[[131.3839,32.96352],[131.3839,32.96352],[131.38383,32.96312],[131.3838,32.963],[131.38379,32.96287],[131.38377,32.96267],[131.38372,32.96232],[131.38368,32.96187],[131.38366,32.96175],[131.38363,32.96162],[131.38353,32.96136],[131.38343,32.96117],[131.38337,32.9611],[131.3829,32.96074],[131.38228,32.96029],[131.38195,32.96003],[131.38172,32.95985],[131.38109,32.95935],[131.38058,32.95893],[131.38014,32.95853],[131.3797,32.95817],[131.37932,32.95785],[131.37903,32.95759],[131.37892,32.9575],[131.3788,32.9574],[131.37869,32.95733],[131.37863,32.95729],[131.37854,32.95725],[131.37841,32.95719],[131.37823,32.95711],[131.378,32.95705],[131.37772,32.95698],[131.37738,32.9569],[131.37714,32.95684],[131.37694,32.95679],[131.37685,32.95676],[131.37675,32.95672],[131.37668,32.95668],[131.37656,32.95661],[131.37645,32.95653],[131.37637,32.95647],[131.3763,32.95639],[131.37622,32.95631],[131.37617,32.95624],[131.37604,32.95602],[131.37594,32.95582],[131.37582,32.95555],[131.37575,32.95541],[131.37537,32.95453],[131.37508,32.95391],[131.375,32.95371],[131.37495,32.95361],[131.37492,32.95353],[131.37485,32.95342],[131.37477,32.95331],[131.37468,32.95321],[131.37453,32.95305],[131.37442,32.95295],[131.37421,32.95286],[131.37413,32.95283],[131.37379,32.9527],[131.37366,32.95264],[131.37296,32.9524],[131.3726,32.95227],[131.37235,32.95217],[131.3719,32.95202],[131.37176,32.95198],[131.3716,32.95195],[131.37141,32.95192],[131.37088,32.95194],[131.37061,32.95194],[131.37033,32.95196],[131.37022,32.95196],[131.36907,32.952],[131.36788,32.95204],[131.36768,32.95205],[131.3671,32.95216],[131.3669,32.95221],[131.36637,32.95235],[131.36611,32.95242],[131.36588,32.9525],[131.36551,32.95263],[131.36516,32.95278],[131.3649,32.95288],[131.36468,32.95296],[131.36447,32.95302],[131.36427,32.95307],[131.36408,32.9531],[131.36398,32.95312],[131.36382,32.95313],[131.36352,32.95315],[131.3631,32.95312],[131.36288,32.9531],[131.36266,32.95306],[131.36245,32.953],[131.36218,32.9529],[131.36191,32.95279],[131.36147,32.95259],[131.36125,32.95248],[131.36086,32.95237],[131.36047,32.95229],[131.36022,32.95225],[131.36006,32.95224],[131.35978,32.9522],[131.35963,32.95217],[131.35926,32.95212],[131.3589,32.95208],[131.35874,32.95205],[131.35802,32.95194],[131.35754,32.95189],[131.35683,32.95179],[131.3567,32.95178],[131.35637,32.95177],[131.35548,32.95186],[131.35508,32.95191],[131.35469,32.95195],[131.35402,32.95203],[131.35358,32.95208],[131.35308,32.95215],[131.35178,32.95233],[131.35144,32.9524],[131.35125,32.95244],[131.35108,32.95249],[131.35086,32.95256],[131.35005,32.95289],[131.3496,32.95303],[131.34926,32.95311],[131.34894,32.95316],[131.34865,32.95318],[131.34836,32.95318],[131.34807,32.95316],[131.34775,32.95312],[131.34743,32.95304],[131.34714,32.95295],[131.34684,32.95283],[131.34654,32.95268],[131.3463,32.95253],[131.34603,32.95233],[131.34576,32.95208],[131.34561,32.95193],[131.34542,32.95171],[131.34514,32.95136],[131.34453,32.95061],[131.34418,32.95018],[131.344,32.95],[131.34381,32.94984],[131.3436,32.94969],[131.34344,32.9496],[131.34318,32.94947],[131.34294,32.94938],[131.34257,32.94929],[131.34234,32.94924],[131.34219,32.94922],[131.3418,32.9492],[131.34134,32.94917],[131.34099,32.94913],[131.3407,32.94908],[131.33978,32.9489],[131.33952,32.94884],[131.33925,32.94875],[131.33903,32.94865],[131.3376,32.94799],[131.33744,32.94793],[131.33732,32.9479],[131.33716,32.94788],[131.33699,32.94788],[131.33629,32.94791],[131.33598,32.94794],[131.33587,32.94795],[131.33576,32.94797],[131.33476,32.94825],[131.33457,32.94828],[131.33373,32.94847],[131.33354,32.94852],[131.33334,32.9486],[131.33315,32.9487],[131.33283,32.94887],[131.33271,32.94892],[131.33256,32.94896],[131.33244,32.94897],[131.33232,32.94896],[131.3312,32.94868],[131.33103,32.94864],[131.33087,32.94864],[131.33069,32.94866],[131.33034,32.94876],[131.33017,32.94879],[131.33003,32.9488],[131.3299,32.94877],[131.32975,32.94873],[131.32942,32.9486],[131.32924,32.94855],[131.32907,32.94851],[131.32887,32.9485],[131.32867,32.9485],[131.32741,32.9487],[131.32684,32.94878],[131.32665,32.94884],[131.32648,32.94891],[131.32632,32.94903],[131.3262,32.94918],[131.32605,32.94939],[131.32595,32.94952],[131.32583,32.94965],[131.32567,32.94975],[131.32552,32.94981],[131.32532,32.94988],[131.3246,32.95005],[131.3237,32.95026],[131.32282,32.95047],[131.32248,32.95057],[131.3221,32.9507],[131.32129,32.95105],[131.321,32.95115],[131.3207,32.95123],[131.32043,32.95128],[131.32017,32.95131],[131.31987,32.95132],[131.31952,32.95132],[131.31885,32.95126],[131.31852,32.95125],[131.31824,32.95124],[131.31804,32.95126],[131.31778,32.95131],[131.31748,32.95141],[131.31702,32.95159],[131.31681,32.95166],[131.31665,32.9517],[131.31645,32.95174],[131.31618,32.95177],[131.31549,32.95181],[131.31445,32.95187],[131.31405,32.9519],[131.31379,32.95193],[131.3135,32.95199],[131.31321,32.95205],[131.31305,32.9521],[131.31262,32.95225],[131.3121,32.95244],[131.31142,32.95265],[131.31116,32.95271],[131.31091,32.95276],[131.31066,32.9528],[131.31011,32.95287],[131.30922,32.95297],[131.30762,32.95315],[131.30668,32.95325],[131.30525,32.95341],[131.3038,32.95356],[131.30321,32.95363],[131.30235,32.95373],[131.30167,32.95383],[131.30055,32.95399],[131.29985,32.95408],[131.29923,32.95417],[131.299,32.95421],[131.29874,32.95427],[131.29847,32.95434],[131.29794,32.95451],[131.29747,32.95468],[131.29671,32.95495],[131.29614,32.95517],[131.29581,32.9553],[131.29497,32.9556],[131.294,32.95593],[131.29205,32.95664],[131.29161,32.95678],[131.2911,32.95694],[131.29071,32.95704],[131.29036,32.95711],[131.28999,32.95718],[131.28965,32.95724],[131.2893,32.95728],[131.28885,32.95733],[131.28838,32.95736],[131.288,32.95737],[131.28768,32.95737],[131.28711,32.95736],[131.28701,32.95735],[131.28475,32.95715],[131.28214,32.9569],[131.28185,32.95688],[131.28047,32.95676],[131.2801,32.95672],[131.27984,32.95671],[131.27947,32.95671],[131.27924,32.95672],[131.27857,32.95679],[131.27838,32.95681],[131.27794,32.95686],[131.27622,32.95704],[131.27533,32.95713],[131.27512,32.95716],[131.27495,32.9572],[131.27472,32.95726],[131.27359,32.95765],[131.27272,32.95795],[131.27245,32.95803],[131.27215,32.95811],[131.27184,32.95818],[131.27049,32.95847],[131.26997,32.95858],[131.26743,32.95912],[131.26702,32.9592],[131.26674,32.95925],[131.26548,32.95941],[131.2647,32.95954],[131.26362,32.95974],[131.26314,32.95984],[131.26117,32.96023],[131.25887,32.96068],[131.25751,32.96094],[131.25732,32.96097],[131.25707,32.961],[131.25692,32.96102],[131.2566,32.96104],[131.25412,32.96119],[131.25313,32.96126],[131.25234,32.96131],[131.25199,32.96133],[131.2516,32.96135],[131.25124,32.96134],[131.25096,32.96133],[131.25067,32.9613],[131.25037,32.96126],[131.25,32.9612],[131.24909,32.96104],[131.24843,32.96093],[131.24762,32.96079],[131.24691,32.96067],[131.24667,32.96063],[131.24648,32.96063],[131.24629,32.96063],[131.24616,32.96063],[131.24592,32.96067],[131.24561,32.96073],[131.24465,32.96095],[131.24439,32.961],[131.2442,32.96103],[131.24404,32.96105],[131.24384,32.96105],[131.24353,32.96104],[131.24317,32.96102],[131.24253,32.961],[131.24234,32.961],[131.24218,32.96102],[131.24202,32.96106],[131.24186,32.96111],[131.24167,32.96119],[131.2414,32.96132],[131.24125,32.96139],[131.24106,32.96146],[131.24088,32.9615],[131.24075,32.96153],[131.24057,32.96156],[131.24012,32.96159],[131.2399,32.96161],[131.23964,32.96164],[131.23934,32.96168],[131.23878,32.96177],[131.23815,32.9619],[131.23795,32.96193],[131.23747,32.96196],[131.23729,32.96196],[131.23709,32.96196],[131.23694,32.96194],[131.23682,32.96192],[131.23674,32.9619],[131.2366,32.96187],[131.23607,32.96174],[131.2344,32.96131],[131.23419,32.96126],[131.23302,32.96097],[131.23224,32.96078],[131.23045,32.96037],[131.22884,32.96001],[131.22858,32.95995],[131.22834,32.95987],[131.22811,32.95978],[131.22777,32.95963],[131.22666,32.95915],[131.22602,32.95888],[131.22538,32.95863],[131.2238,32.95799],[131.22328,32.95779],[131.22303,32.95771],[131.22235,32.95753],[131.22093,32.95717],[131.22073,32.95713],[131.22055,32.95711],[131.22037,32.9571],[131.21967,32.95709],[131.21944,32.95708],[131.2188,32.95705],[131.21857,32.95703],[131.21824,32.957],[131.21788,32.95696],[131.21712,32.95689],[131.21689,32.95687],[131.21665,32.95689],[131.2165,32.9569],[131.21632,32.95694],[131.21625,32.95695],[131.21582,32.95708],[131.21386,32.95773],[131.21368,32.95778],[131.21204,32.95833],[131.21157,32.9585],[131.21136,32.9586],[131.2112,32.9587],[131.21096,32.95887],[131.21057,32.95921],[131.21033,32.95943],[131.20938,32.9603],[131.20928,32.96038],[131.20918,32.96044],[131.209,32.96052],[131.20882,32.96059],[131.20863,32.96063],[131.20836,32.96068],[131.20819,32.96072],[131.20802,32.96077],[131.20789,32.96084],[131.20775,32.96093],[131.20751,32.96113],[131.20691,32.96162],[131.20677,32.96174],[131.20657,32.96189],[131.20638,32.96203],[131.20621,32.96212],[131.20604,32.96219],[131.20583,32.96225],[131.20564,32.96228],[131.20549,32.96229],[131.20534,32.96228],[131.20515,32.96227],[131.205,32.96224],[131.20486,32.9622],[131.20461,32.9621],[131.20413,32.96187],[131.20373,32.96168],[131.20248,32.96108],[131.20132,32.96045],[131.20055,32.96012],[131.20029,32.96001],[131.19998,32.9599],[131.19968,32.95981],[131.19929,32.95972],[131.19896,32.95966],[131.19842,32.95959],[131.19802,32.95954],[131.19777,32.95949],[131.1976,32.95945],[131.19738,32.95936],[131.19719,32.95925],[131.19701,32.95915],[131.19692,32.95909],[131.19682,32.95901],[131.19611,32.95845],[131.19592,32.95834],[131.19587,32.95831],[131.19573,32.95824],[131.19548,32.95814],[131.1952,32.95806],[131.19491,32.958],[131.1942,32.95787],[131.19364,32.95775],[131.19329,32.95767],[131.19297,32.95758],[131.19264,32.95747],[131.1917,32.95711],[131.19124,32.9569],[131.19079,32.95667],[131.19005,32.95621],[131.18913,32.9556],[131.18879,32.95537],[131.18847,32.95513],[131.18813,32.95486],[131.18792,32.95467],[131.18762,32.95438],[131.18705,32.95377],[131.18624,32.95292],[131.1854,32.95204],[131.18517,32.95183],[131.18494,32.95166],[131.18467,32.9515],[131.18441,32.95137],[131.18405,32.95124],[131.18379,32.95117],[131.1835,32.95111],[131.18319,32.95108],[131.1829,32.95107],[131.18173,32.95113],[131.1807,32.95117],[131.18043,32.95117],[131.1802,32.95115],[131.17996,32.95111],[131.1797,32.95106],[131.17944,32.95097],[131.17821,32.95047],[131.17805,32.95042],[131.17785,32.95037],[131.17762,32.95033],[131.1774,32.95032],[131.17713,32.95034],[131.17684,32.95039],[131.17613,32.95057],[131.17593,32.95061],[131.17571,32.95063],[131.17546,32.95063],[131.17525,32.95061],[131.175,32.95056],[131.17388,32.9503],[131.17366,32.95027],[131.1735,32.95025],[131.17335,32.95025],[131.17266,32.95027],[131.17241,32.95027],[131.17223,32.95026],[131.17205,32.95025],[131.17103,32.95006],[131.17058,32.94998],[131.16982,32.94983],[131.16947,32.94975],[131.16924,32.94968],[131.16897,32.94959],[131.16867,32.94946],[131.16834,32.94931],[131.168,32.94913],[131.16736,32.94874],[131.16617,32.948],[131.16521,32.9474],[131.1648,32.94715],[131.16461,32.94705],[131.16429,32.9469],[131.1635,32.94654],[131.1626,32.94613],[131.16216,32.94592],[131.16196,32.94581],[131.16174,32.94565],[131.16123,32.94527],[131.16111,32.94518],[131.16098,32.94507],[131.16091,32.94501],[131.16081,32.9449],[131.16072,32.94478],[131.16064,32.94464],[131.16058,32.94452],[131.16054,32.9444],[131.16051,32.94426],[131.16046,32.94381],[131.16043,32.94346],[131.16037,32.94321],[131.16032,32.94301],[131.16026,32.94288],[131.16019,32.94275],[131.15985,32.94219],[131.15972,32.942],[131.1596,32.94188],[131.15945,32.94175],[131.15926,32.94165],[131.15908,32.9416],[131.15888,32.94156],[131.15863,32.94155],[131.15832,32.94156],[131.15752,32.94166],[131.15689,32.94175],[131.15668,32.94177],[131.15647,32.94177],[131.15633,32.94175],[131.1562,32.94173],[131.15602,32.94168],[131.1552,32.94137],[131.15493,32.9413],[131.15473,32.94128],[131.15462,32.94128],[131.15448,32.94132],[131.15439,32.94138],[131.15432,32.94146],[131.15428,32.94153],[131.15425,32.94164],[131.15426,32.94172],[131.15429,32.94182],[131.15436,32.94188],[131.15448,32.94196],[131.15495,32.94215],[131.15513,32.94223],[131.15527,32.94231],[131.15542,32.94243],[131.15554,32.94255],[131.15564,32.94267],[131.15574,32.94285],[131.15575,32.94293],[131.15573,32.94302],[131.15569,32.9431],[131.15564,32.94316],[131.15555,32.94321],[131.15545,32.94322],[131.15535,32.94321],[131.15525,32.94317],[131.15512,32.94309],[131.15493,32.94295],[131.15482,32.94291],[131.15463,32.94285],[131.15453,32.94283],[131.15439,32.94282],[131.15397,32.94282],[131.15386,32.94282],[131.15382,32.94283],[131.15373,32.94286],[131.15365,32.9429],[131.15359,32.94297],[131.15354,32.94305],[131.15349,32.9433],[131.15346,32.94339],[131.15341,32.94346],[131.15334,32.94353],[131.15324,32.94357],[131.15313,32.94357],[131.15302,32.94354],[131.15292,32.94348],[131.15285,32.9434],[131.15283,32.94329],[131.15279,32.94268],[131.15277,32.94251],[131.15275,32.94235],[131.1527,32.94221],[131.15264,32.94208],[131.1524,32.94175],[131.1521,32.94134],[131.152,32.9412],[131.15178,32.94083],[131.15156,32.94045],[131.15148,32.94037],[131.15137,32.94029],[131.15125,32.94025],[131.15113,32.94023],[131.15104,32.94025],[131.15091,32.94031],[131.15075,32.94042],[131.15067,32.94046],[131.15058,32.94048],[131.1505,32.9405],[131.1504,32.94048],[131.1503,32.94045],[131.15021,32.94038],[131.15005,32.94022],[131.14994,32.94015],[131.14984,32.94011],[131.14974,32.9401],[131.14962,32.94013],[131.14954,32.94017],[131.14948,32.94023],[131.14944,32.94029],[131.14943,32.94038],[131.14945,32.94048],[131.14951,32.94058],[131.1496,32.94065],[131.14975,32.94076],[131.14991,32.94089],[131.14997,32.94097],[131.15,32.94105],[131.15,32.94112],[131.14999,32.94118],[131.14996,32.94124],[131.14988,32.94131],[131.14979,32.94135],[131.14969,32.94137],[131.14958,32.94135],[131.14948,32.94131],[131.14923,32.94117],[131.14908,32.9411],[131.14896,32.94107],[131.14884,32.94105],[131.14873,32.94105],[131.14857,32.94109],[131.14845,32.94114],[131.14834,32.94121],[131.14813,32.9414],[131.14806,32.94145],[131.14797,32.9415],[131.14787,32.94152],[131.14777,32.94151],[131.14768,32.94149],[131.14756,32.94143],[131.14701,32.94104],[131.14691,32.94098],[131.14684,32.94094],[131.14673,32.94091],[131.14665,32.9409],[131.14655,32.94089],[131.14643,32.9409],[131.14633,32.94092],[131.14623,32.94095],[131.14613,32.941],[131.14607,32.94103],[131.14602,32.94108],[131.14597,32.94114],[131.14593,32.94121],[131.1459,32.94127],[131.14587,32.94137],[131.14575,32.94195],[131.1457,32.94217],[131.14569,32.94223],[131.14566,32.94229],[131.14563,32.94235],[131.14558,32.94241],[131.14555,32.94245],[131.14548,32.9425],[131.14542,32.94255],[131.14504,32.9428],[131.1449,32.94289],[131.14483,32.94295],[131.14478,32.94301],[131.14474,32.94307],[131.1447,32.94314],[131.14468,32.94319],[131.14467,32.94325],[131.14465,32.94332],[131.14466,32.94374],[131.14465,32.94381],[131.14464,32.94387],[131.1446,32.94397],[131.14455,32.94403],[131.14449,32.9441],[131.14443,32.94414],[131.14435,32.94417],[131.14427,32.94419],[131.14414,32.9442],[131.144,32.94419],[131.14388,32.94418],[131.14378,32.94415],[131.14369,32.94412],[131.1436,32.94407],[131.1435,32.94401],[131.14344,32.94394],[131.14339,32.94387],[131.14337,32.94379],[131.14336,32.94371],[131.14337,32.94364],[131.14339,32.94357],[131.14344,32.9435],[131.1435,32.94344],[131.14356,32.94339],[131.14469,32.94255],[131.14476,32.94248],[131.14485,32.9424],[131.1449,32.94233],[131.14495,32.94225],[131.145,32.94217],[131.14501,32.94209],[131.14503,32.94199],[131.14503,32.9419],[131.14501,32.94179],[131.14499,32.94172],[131.14496,32.94164],[131.14492,32.94155],[131.14455,32.94094],[131.1445,32.94082],[131.14447,32.94077],[131.14446,32.94071],[131.14446,32.94061],[131.14447,32.94054],[131.1445,32.94048],[131.14454,32.94042],[131.1446,32.94035],[131.14466,32.94031],[131.14474,32.94027],[131.14482,32.94024],[131.14491,32.94022],[131.14532,32.9402],[131.14545,32.94019],[131.14558,32.94018],[131.1457,32.94015],[131.14582,32.94013],[131.14592,32.9401],[131.14602,32.94006],[131.14613,32.94001],[131.14622,32.93996],[131.14632,32.9399],[131.1464,32.93984],[131.1465,32.93975],[131.14654,32.93969],[131.14657,32.93964],[131.14659,32.93957],[131.1466,32.9395],[131.14661,32.93941],[131.1466,32.93934],[131.14658,32.93926],[131.14656,32.93919],[131.14652,32.93912],[131.14648,32.93907],[131.14645,32.93902],[131.14637,32.93892],[131.14628,32.93882],[131.14551,32.93807],[131.14515,32.93773],[131.1451,32.93769],[131.14504,32.93765],[131.14497,32.9376],[131.14487,32.93755],[131.14473,32.9375],[131.14366,32.93708],[131.14335,32.93697],[131.14324,32.93694],[131.14312,32.93691],[131.143,32.93688],[131.1429,32.93687],[131.14278,32.93685],[131.14262,32.93685],[131.1425,32.93685],[131.14238,32.93686],[131.14222,32.93688],[131.14145,32.93702],[131.14102,32.9371],[131.13919,32.93745],[131.13864,32.93754],[131.13851,32.93756],[131.1384,32.93758],[131.13799,32.93761],[131.13595,32.93781],[131.13554,32.93785],[131.13416,32.938],[131.13408,32.93801],[131.13265,32.93812],[131.13196,32.93818],[131.1318,32.93819],[131.13168,32.93819],[131.13158,32.93819],[131.13147,32.93817],[131.13135,32.93814],[131.13124,32.93811],[131.13114,32.93808],[131.13063,32.93789],[131.1305,32.93785],[131.13041,32.93782],[131.12997,32.9377],[131.12884,32.93741],[131.12865,32.93737],[131.12855,32.93735],[131.12845,32.93733],[131.12834,32.93732],[131.12817,32.9373],[131.12801,32.93729],[131.12771,32.93728],[131.12702,32.93725],[131.12668,32.93723],[131.12656,32.93724],[131.12643,32.93725],[131.12623,32.93728],[131.12572,32.93736],[131.12555,32.9374],[131.12531,32.93745],[131.125,32.93752],[131.12476,32.93758],[131.12405,32.93778],[131.12325,32.93799],[131.123,32.93806],[131.12287,32.93809],[131.12275,32.93811],[131.12263,32.93813],[131.12252,32.93814],[131.1224,32.93815],[131.12224,32.93816],[131.1221,32.93817],[131.12193,32.93817],[131.12168,32.93816],[131.12148,32.93816],[131.12126,32.93815],[131.12106,32.93814],[131.11974,32.93806],[131.11918,32.93803],[131.11898,32.93801],[131.11882,32.938],[131.11867,32.93798],[131.11848,32.93796],[131.11831,32.93794],[131.11749,32.93784],[131.11695,32.93775],[131.1168,32.93774],[131.11665,32.93773],[131.11647,32.93773],[131.1145,32.93773],[131.11439,32.93773],[131.11422,32.93774],[131.11408,32.93775],[131.11395,32.93777],[131.11382,32.93778],[131.11366,32.9378],[131.11349,32.93783],[131.11312,32.9379],[131.11277,32.93798],[131.11244,32.93805],[131.11227,32.93809],[131.11208,32.93813],[131.1119,32.93817],[131.11173,32.9382],[131.11157,32.93823],[131.11139,32.93825],[131.11125,32.93826],[131.11113,32.93827],[131.111,32.93827],[131.1108,32.93827],[131.11065,32.93827],[131.11019,32.93827],[131.10508,32.93818],[131.10468,32.93817],[131.10432,32.93816],[131.10096,32.93808],[131.10064,32.93807],[131.10047,32.93806],[131.10035,32.93805],[131.10022,32.93804],[131.1001,32.93803],[131.09993,32.938],[131.0998,32.93798],[131.0996,32.93793],[131.09931,32.93787],[131.09647,32.93722],[131.09383,32.93662],[131.09369,32.93659],[131.09359,32.93657],[131.09351,32.93656],[131.09342,32.93655],[131.09307,32.9365],[131.09295,32.93648],[131.09243,32.93645],[131.0922,32.93645],[131.09206,32.93645],[131.09188,32.93646],[131.09172,32.93647],[131.09158,32.93649],[131.09145,32.9365],[131.09129,32.93653],[131.09113,32.93656],[131.09093,32.9366],[131.09071,32.93665],[131.09034,32.93674],[131.09008,32.93681],[131.08988,32.93687],[131.08966,32.93694],[131.08938,32.93704],[131.08888,32.93722],[131.08802,32.93754],[131.08767,32.93766],[131.08748,32.93773],[131.08731,32.93778],[131.08719,32.93781],[131.08705,32.93785],[131.08689,32.93788],[131.08674,32.93792],[131.08657,32.93795],[131.0864,32.93797],[131.0862,32.93798],[131.08602,32.93799],[131.08584,32.938],[131.08563,32.93799],[131.08545,32.93797],[131.08531,32.93795],[131.08515,32.93792],[131.08502,32.93789],[131.08486,32.93785],[131.08469,32.93779],[131.08452,32.93773],[131.08439,32.93767],[131.08424,32.93759],[131.08383,32.93736],[131.08352,32.93714],[131.08321,32.93693],[131.08292,32.93674],[131.08282,32.93668],[131.08268,32.93662],[131.08254,32.93656],[131.08248,32.93653],[131.08241,32.93651],[131.08224,32.93645],[131.08209,32.9364],[131.08197,32.93637],[131.08181,32.93633],[131.08163,32.9363],[131.081,32.93618],[131.0807,32.93612],[131.08057,32.93609],[131.08047,32.93607],[131.08029,32.93602],[131.07959,32.9358],[131.0795,32.93577],[131.07807,32.93521],[131.07787,32.93514],[131.07767,32.93507],[131.07734,32.93495],[131.07716,32.9349],[131.07689,32.93482],[131.07618,32.93465],[131.07594,32.9346],[131.07566,32.93454],[131.07529,32.93447],[131.07403,32.93423],[131.07325,32.9341],[131.07296,32.93406],[131.07212,32.93395],[131.07085,32.9338],[131.07069,32.93378],[131.07042,32.93377],[131.06996,32.93375],[131.06946,32.93374],[131.0687,32.93375],[131.06835,32.93377],[131.06808,32.93378],[131.06755,32.93382],[131.06739,32.93383],[131.06703,32.93388],[131.06632,32.93396],[131.06609,32.93398],[131.06549,32.93406],[131.06351,32.93432],[131.06098,32.9346],[131.05597,32.9352],[131.05266,32.93555],[131.048,32.93603],[131.04777,32.93605],[131.04758,32.93606],[131.04735,32.93608],[131.04666,32.9361],[131.04655,32.93609],[131.04642,32.93606],[131.04629,32.93603],[131.04612,32.93599],[131.0449,32.93567],[131.04115,32.9346],[131.04064,32.93448],[131.0405,32.93445],[131.04035,32.93443],[131.04019,32.93442],[131.04003,32.93442],[131.03984,32.93443],[131.03967,32.93445],[131.03952,32.93447],[131.03938,32.9345],[131.03842,32.93468],[131.03823,32.93472],[131.03766,32.93483],[131.03755,32.93485],[131.03741,32.93487],[131.03695,32.93494],[131.03677,32.93496],[131.03661,32.93499],[131.03647,32.93501],[131.03533,32.93523],[131.03519,32.93525],[131.03502,32.93527],[131.03475,32.93528],[131.03452,32.93527],[131.03399,32.93525],[131.03207,32.93515],[131.03181,32.93512],[131.03155,32.9351],[131.03131,32.93507],[131.0311,32.93504],[131.03097,32.93502],[131.03078,32.93498],[131.03061,32.93493],[131.0305,32.9349],[131.03033,32.93483],[131.03018,32.93477],[131.02998,32.93469],[131.02986,32.93462],[131.02972,32.93455],[131.0296,32.93448],[131.0295,32.93441],[131.02939,32.93433],[131.02929,32.93425],[131.0292,32.93418],[131.02909,32.93408],[131.02857,32.93362],[131.02832,32.93338],[131.02736,32.93247],[131.02703,32.93216],[131.02666,32.93186],[131.02642,32.93168],[131.02622,32.93153],[131.02609,32.93145],[131.02597,32.93138],[131.02583,32.9313],[131.02568,32.93122],[131.02555,32.93117],[131.02541,32.93111],[131.02527,32.93106],[131.02512,32.93101],[131.02493,32.93096],[131.02475,32.9309],[131.02444,32.93082],[131.02432,32.9308],[131.02419,32.93077],[131.02403,32.93074],[131.02379,32.9307],[131.02354,32.93066],[131.02128,32.93033],[131.01895,32.92996],[131.01854,32.92989],[131.01521,32.92933],[131.01153,32.92873],[131.0102,32.92852],[131.00998,32.92848],[131.00978,32.92845],[131.00961,32.92841],[131.00944,32.92837],[131.00925,32.92831],[131.00905,32.92825],[131.00889,32.92819],[131.0087,32.92812],[131.00815,32.92789],[131.00761,32.92766],[131.00667,32.92726],[131.00655,32.92721],[131.00641,32.92714],[131.00628,32.92707],[131.00616,32.92698],[131.00607,32.92691],[131.00597,32.92683],[131.00586,32.92673],[131.00575,32.92663],[131.00567,32.92653],[131.00558,32.92643],[131.00549,32.92633],[131.00541,32.92622],[131.00529,32.92605],[131.00493,32.92553],[131.00484,32.92538],[131.00475,32.92522],[131.00413,32.92412],[131.00368,32.9233],[131.00351,32.92305],[131.00342,32.92293],[131.00335,32.92282],[131.00324,32.92269],[131.00313,32.92258],[131.00297,32.92245],[131.0028,32.92232],[131.00264,32.9222],[131.00253,32.92214],[131.00239,32.92206],[131.00223,32.92198],[131.00205,32.9219],[131.00008,32.92103],[131,32.921],[130.9987,32.9204],[130.99849,32.92031],[130.9983,32.92022],[130.99798,32.92005],[130.99794,32.92003],[130.99776,32.91993],[130.99764,32.91986],[130.99731,32.91968],[130.99697,32.91947],[130.99661,32.91925],[130.99585,32.91878],[130.99563,32.91863],[130.99492,32.91817],[130.99453,32.91791],[130.99436,32.91779],[130.99426,32.91772],[130.99418,32.91766],[130.99409,32.91758],[130.99401,32.9175],[130.99391,32.9174],[130.99386,32.91734],[130.99381,32.91727],[130.99375,32.9172],[130.99368,32.91709],[130.99363,32.917],[130.99359,32.91693],[130.99356,32.91687],[130.99347,32.91667],[130.99345,32.91663],[130.99342,32.91655],[130.99339,32.91647],[130.99337,32.91639],[130.99334,32.9163],[130.99332,32.91619],[130.99331,32.9161],[130.9933,32.91595],[130.9933,32.9157],[130.99331,32.9156],[130.99332,32.9155],[130.99333,32.91539],[130.99338,32.91515],[130.99365,32.91333],[130.99373,32.91285],[130.99374,32.9128],[130.99375,32.9127],[130.99376,32.91259],[130.99377,32.91225],[130.99377,32.91205],[130.99377,32.91195],[130.99376,32.91186],[130.99375,32.91176],[130.99373,32.91167],[130.99372,32.9116],[130.99369,32.91148],[130.99365,32.91132],[130.9934,32.9104],[130.99334,32.91017],[130.9933,32.91001],[130.99324,32.9098],[130.99303,32.90902],[130.99261,32.9075],[130.99229,32.90634],[130.99223,32.90615],[130.99206,32.90553],[130.99194,32.90519],[130.99185,32.90498],[130.99173,32.90476],[130.99166,32.90465],[130.99136,32.90418],[130.99087,32.90347],[130.99041,32.90278],[130.99008,32.90229],[130.98993,32.90205],[130.98938,32.90119],[130.98876,32.90014],[130.9885,32.8997],[130.98838,32.8995],[130.9883,32.89932],[130.98827,32.89921],[130.98826,32.89908],[130.98826,32.89894],[130.98828,32.89872],[130.98835,32.89795],[130.98837,32.89773],[130.98845,32.89702],[130.98847,32.8967],[130.98848,32.89647],[130.98845,32.8962],[130.98837,32.89548],[130.98835,32.89525],[130.98836,32.89507],[130.98837,32.89485],[130.98842,32.89465],[130.98847,32.89448],[130.98855,32.89432],[130.98866,32.89415],[130.98879,32.894],[130.98897,32.89381],[130.98917,32.89363],[130.98939,32.89346],[130.98984,32.89311],[130.98999,32.89297],[130.99008,32.89285],[130.99015,32.89273],[130.9902,32.8926],[130.99023,32.89247],[130.99023,32.89235],[130.99021,32.89223],[130.99017,32.8921],[130.9901,32.89195],[130.98997,32.89179],[130.9896,32.89142],[130.98953,32.89135],[130.98943,32.89123],[130.98927,32.89103],[130.98913,32.89083],[130.98901,32.89062],[130.98893,32.89045],[130.98885,32.89028],[130.98878,32.89008],[130.9887,32.88979],[130.98859,32.88939],[130.9885,32.88913],[130.98837,32.88887],[130.98806,32.88829],[130.98763,32.88748],[130.98749,32.88722],[130.98741,32.88706],[130.98732,32.88683],[130.98728,32.88668],[130.98723,32.8865],[130.98721,32.88635],[130.9872,32.88619],[130.98719,32.88591],[130.98719,32.88548],[130.98718,32.8853],[130.98717,32.88513],[130.98715,32.88499],[130.98713,32.88475],[130.9871,32.8845],[130.98705,32.8842],[130.98698,32.88388],[130.98694,32.88364],[130.98691,32.88343],[130.98688,32.88316],[130.98687,32.883],[130.98685,32.88287],[130.98683,32.88276],[130.98679,32.88265],[130.98673,32.88251],[130.98663,32.88235],[130.98655,32.88225],[130.98647,32.88214],[130.98637,32.88203],[130.98624,32.8819],[130.98608,32.88173],[130.98591,32.88157],[130.98573,32.88141],[130.98543,32.88119],[130.98515,32.88099],[130.98486,32.88079],[130.98456,32.8806],[130.98427,32.88044],[130.98382,32.8802],[130.9836,32.8801],[130.98342,32.88001],[130.98319,32.87992]]}},{"type":"Feature","properties":{"状態":"不明","_color":"#9e9e9e","_weight":3,"_opacity":0.7},"geometry":{"type":"LineString","coordinates":[[130.9826,32.87964],[130.98259,32.87964],[130.9822,32.87951],[130.98203,32.87946],[130.98163,32.87933],[130.9813,32.87924],[130.98096,32.87917],[130.97926,32.87883],[130.97893,32.87875],[130.9779,32.87853],[130.97663,32.87825],[130.97585,32.87808],[130.97539,32.87798],[130.97518,32.87794],[130.97487,32.87788],[130.97463,32.87784],[130.97455,32.87783],[130.97306,32.87767],[130.97209,32.87755],[130.9719,32.87754],[130.97171,32.87753],[130.9715,32.87753],[130.97124,32.87756],[130.971,32.8776],[130.97068,32.87768],[130.97027,32.87777],[130.96983,32.87787],[130.96938,32.87796],[130.969,32.87805],[130.96879,32.87809],[130.96858,32.87813],[130.96815,32.87824],[130.96754,32.8784],[130.96726,32.87847],[130.96676,32.87862],[130.96612,32.87881],[130.96587,32.87888],[130.96565,32.87893],[130.96543,32.87896],[130.96523,32.87899],[130.96398,32.8791],[130.9632,32.87916],[130.96293,32.87917],[130.9627,32.87917],[130.96247,32.87914],[130.9622,32.87909],[130.96202,32.87904],[130.96186,32.879],[130.9615,32.87888],[130.96077,32.87865],[130.95862,32.87797],[130.95785,32.87773],[130.95737,32.8776],[130.95666,32.87742],[130.9561,32.87728],[130.95581,32.87722],[130.95505,32.87702],[130.95439,32.87686],[130.95409,32.8768],[130.95385,32.87677],[130.95361,32.87674],[130.95322,32.8767],[130.9528,32.87668],[130.95241,32.87665],[130.95202,32.87665],[130.95147,32.87664],[130.95093,32.87663],[130.95075,32.87662],[130.95056,32.87661],[130.95039,32.87659],[130.95018,32.87656],[130.94997,32.87653],[130.94932,32.87639],[130.94842,32.87622],[130.94835,32.8762],[130.94791,32.87612],[130.94769,32.87608],[130.94744,32.87606],[130.94714,32.87604],[130.9469,32.87604],[130.94668,32.87605],[130.94648,32.87608],[130.94624,32.87611],[130.94599,32.87616],[130.94573,32.87622],[130.94536,32.87632],[130.94452,32.87653],[130.94406,32.87666],[130.94385,32.87671],[130.94368,32.87675],[130.94351,32.87679],[130.94338,32.87681],[130.94321,32.87682],[130.94307,32.87682],[130.94283,32.87681],[130.94191,32.87667],[130.94067,32.87647],[130.9395,32.87623],[130.93884,32.87612],[130.93823,32.87602],[130.93794,32.87597],[130.93768,32.87593],[130.93743,32.8759],[130.9372,32.87589],[130.93701,32.87588],[130.93679,32.87589],[130.93658,32.8759],[130.93634,32.87593],[130.93592,32.87599],[130.93565,32.87602],[130.93542,32.87604],[130.93517,32.87605],[130.93497,32.87604],[130.93479,32.87602],[130.9346,32.87599],[130.9344,32.87594],[130.93418,32.87588],[130.93397,32.87581],[130.93376,32.87574],[130.93353,32.87566],[130.93325,32.87559],[130.93297,32.87551],[130.93274,32.87546],[130.93245,32.87541],[130.93215,32.87536],[130.93188,32.87533],[130.93162,32.8753],[130.93139,32.8753],[130.93124,32.8753],[130.93107,32.8753],[130.93094,32.87531],[130.93081,32.87532],[130.93062,32.87535],[130.93045,32.87537],[130.93024,32.87542],[130.93,32.87549],[130.92971,32.8756],[130.9294,32.87571],[130.92917,32.87577],[130.92899,32.87582],[130.92881,32.87585],[130.9286,32.87588],[130.92836,32.8759],[130.92793,32.87593],[130.92757,32.87593],[130.92717,32.87593],[130.92694,32.87596],[130.92673,32.87599],[130.92646,32.87604],[130.92606,32.87614],[130.92518,32.87638],[130.9248,32.87647],[130.92448,32.87654],[130.92422,32.8766],[130.92394,32.87665],[130.92295,32.87683],[130.92171,32.87705],[130.921,32.87718],[130.92029,32.87731],[130.91792,32.87772],[130.91781,32.87774],[130.9175,32.8778],[130.91708,32.87789],[130.91578,32.8782],[130.91524,32.87832],[130.91462,32.87848],[130.91428,32.87856],[130.91377,32.87869],[130.91349,32.87875],[130.91311,32.87883],[130.9125,32.87894],[130.91194,32.87904],[130.9107,32.87922],[130.90997,32.87934],[130.90916,32.87945],[130.90873,32.8795],[130.90799,32.87956],[130.90709,32.8796],[130.90675,32.87962],[130.90602,32.87963],[130.90525,32.87965],[130.90492,32.87966],[130.90429,32.8797],[130.9039,32.87973],[130.90136,32.88008],[130.90103,32.88013],[130.90065,32.88018],[130.90045,32.8802],[130.90033,32.88021],[130.90014,32.88023],[130.89962,32.88024],[130.89662,32.88035],[130.89601,32.88037],[130.89518,32.88038],[130.89389,32.88038],[130.8924,32.88032],[130.89145,32.88027],[130.89124,32.88026],[130.89104,32.88025],[130.89086,32.88023],[130.89069,32.88021],[130.89052,32.8802],[130.89035,32.88018],[130.89021,32.88015],[130.89018,32.88015],[130.89003,32.88011],[130.88988,32.88007],[130.88974,32.88004],[130.88929,32.87991],[130.88912,32.87983],[130.88901,32.87978],[130.88891,32.87973],[130.8888,32.87968],[130.8886,32.87958],[130.88856,32.87955],[130.88841,32.87947],[130.88657,32.87843],[130.88483,32.87741],[130.88456,32.87726],[130.88436,32.87715],[130.88424,32.87708],[130.88396,32.87693],[130.88352,32.87671],[130.88342,32.87666],[130.88333,32.87661],[130.88327,32.87659],[130.88312,32.87652],[130.88283,32.87639],[130.88254,32.87628],[130.88226,32.87618],[130.88203,32.8761],[130.88171,32.876],[130.88147,32.87594],[130.88123,32.87588],[130.881,32.87582],[130.88079,32.87577],[130.88059,32.87573],[130.88041,32.8757],[130.88022,32.87567],[130.88003,32.87563],[130.87983,32.8756],[130.87967,32.87558],[130.87953,32.87557],[130.87935,32.87555],[130.87915,32.87553],[130.87894,32.87552],[130.87873,32.87551],[130.87839,32.8755],[130.87714,32.87549],[130.87689,32.87549],[130.87657,32.87549],[130.87533,32.87549],[130.875,32.87549],[130.87315,32.87549],[130.87265,32.87549],[130.87215,32.87549],[130.87037,32.87549],[130.8657,32.87549],[130.86346,32.87549],[130.8633,32.87549],[130.86148,32.87549],[130.86038,32.87549],[130.85793,32.87549],[130.85648,32.87547],[130.8559,32.87546],[130.85557,32.87546],[130.85545,32.87546],[130.85482,32.87547],[130.85465,32.87547],[130.85446,32.87547],[130.85432,32.87547],[130.85281,32.87546],[130.85276,32.87545],[130.85255,32.87544],[130.85233,32.87542],[130.85212,32.87539],[130.85195,32.87537],[130.85175,32.87533],[130.85163,32.87531],[130.85148,32.87528],[130.8512,32.87523],[130.85099,32.87517],[130.85062,32.87508],[130.85045,32.87503],[130.8503,32.87498],[130.85015,32.87492],[130.84999,32.87486],[130.84981,32.87479],[130.84964,32.87471],[130.84945,32.87463],[130.84924,32.87452],[130.84905,32.87443],[130.8486,32.87418],[130.84845,32.8741],[130.84827,32.87399],[130.84812,32.8739],[130.84792,32.87375],[130.84751,32.87343],[130.84643,32.87267],[130.84535,32.87189],[130.84515,32.87172],[130.84482,32.87147],[130.84456,32.87128],[130.84391,32.87085],[130.84352,32.8706],[130.84305,32.87031],[130.84268,32.8701],[130.84218,32.86984],[130.84176,32.86964],[130.84132,32.86943],[130.84096,32.86928],[130.84074,32.86919],[130.83987,32.86885],[130.83914,32.86859],[130.83721,32.86789],[130.8358,32.86738],[130.83468,32.86697],[130.83357,32.86658],[130.83232,32.86612],[130.83141,32.86581],[130.83089,32.86562],[130.82999,32.8653],[130.82889,32.86489],[130.82877,32.86485],[130.82823,32.86465],[130.8272,32.86429],[130.82653,32.86404],[130.82625,32.86394],[130.82589,32.86382],[130.82555,32.8637],[130.82514,32.86356],[130.82488,32.86348],[130.82465,32.86341],[130.82413,32.86327],[130.82397,32.86322],[130.82351,32.8631],[130.82335,32.86306],[130.82299,32.86299],[130.82283,32.86296],[130.82265,32.86292],[130.82237,32.86288],[130.82216,32.86284],[130.8219,32.8628],[130.82163,32.86277],[130.82133,32.86273],[130.82097,32.8627],[130.82033,32.86265],[130.81966,32.86262],[130.81908,32.86259],[130.81824,32.86256],[130.8177,32.86254],[130.81727,32.86252],[130.81627,32.86249],[130.81573,32.86246],[130.81537,32.86245],[130.81506,32.86243],[130.81443,32.86241],[130.81407,32.86239],[130.81386,32.86238],[130.81364,32.86237],[130.81331,32.86234],[130.81313,32.86232],[130.81273,32.86229],[130.81243,32.86225],[130.81217,32.86223],[130.81192,32.86219],[130.81163,32.86215],[130.81124,32.86208],[130.8109,32.86202],[130.81068,32.86198],[130.81031,32.8619],[130.80991,32.86181],[130.80925,32.86166],[130.80804,32.86138],[130.80582,32.86087],[130.80483,32.86064],[130.80338,32.86031],[130.80195,32.85999],[130.80106,32.85978],[130.79975,32.85948],[130.79933,32.85939],[130.79841,32.85919],[130.79769,32.85903],[130.79599,32.85863],[130.79565,32.85855],[130.79518,32.85844],[130.7949,32.85838],[130.79467,32.85832],[130.7944,32.85824],[130.79405,32.85816],[130.7939,32.85812],[130.79382,32.85809],[130.79345,32.858],[130.79308,32.85789],[130.79282,32.85781],[130.79267,32.85776],[130.7922,32.85761],[130.79185,32.8575],[130.79147,32.85737],[130.79136,32.85733],[130.79053,32.85705],[130.79032,32.85697],[130.78988,32.85681],[130.78957,32.85669],[130.78924,32.85656],[130.78874,32.85636],[130.78857,32.8563],[130.78837,32.85619],[130.78801,32.85603],[130.78741,32.85576],[130.7868,32.85548],[130.78658,32.85539],[130.78567,32.85501],[130.78537,32.85487],[130.78495,32.85467],[130.78479,32.85458],[130.78462,32.85448],[130.78446,32.85437],[130.78432,32.85427],[130.78415,32.85411],[130.78408,32.85405],[130.78394,32.85387],[130.78386,32.85375],[130.7838,32.85365],[130.78373,32.85352],[130.78367,32.85342],[130.78361,32.85329],[130.78358,32.85318],[130.78354,32.85306],[130.7833,32.85219],[130.78321,32.85181],[130.78309,32.85141],[130.78288,32.85065],[130.78211,32.84776],[130.7819,32.84691],[130.7817,32.84614],[130.78153,32.84554],[130.78084,32.84289],[130.78064,32.84211],[130.78028,32.84086],[130.77994,32.83988],[130.77982,32.83957],[130.77967,32.83923],[130.77953,32.83893],[130.77925,32.83837],[130.77908,32.83805],[130.77895,32.83781],[130.77881,32.83757],[130.77832,32.83677],[130.7783,32.83673],[130.77828,32.8367],[130.77803,32.83634],[130.77793,32.8362],[130.77752,32.83564],[130.77691,32.8349],[130.77687,32.83485],[130.77629,32.83421],[130.77563,32.83356],[130.7755,32.83342],[130.77541,32.83333],[130.77534,32.83326],[130.77501,32.83298],[130.77453,32.83259],[130.77427,32.83238],[130.77393,32.8321],[130.77381,32.832],[130.77365,32.8319],[130.77124,32.83018],[130.76957,32.82905],[130.7679,32.82787],[130.7666,32.82691],[130.76628,32.82668],[130.76452,32.82536],[130.76249,32.82385],[130.76104,32.82276],[130.76023,32.82217],[130.75915,32.82139],[130.7587,32.82105],[130.75827,32.82075],[130.75762,32.82032],[130.75659,32.81965],[130.75505,32.81867],[130.75358,32.81775],[130.75293,32.81734],[130.75215,32.81685],[130.75132,32.81628],[130.75127,32.81625],[130.75088,32.81599],[130.75082,32.81591],[130.75078,32.81586],[130.75075,32.8158],[130.75072,32.81574],[130.7507,32.81566],[130.75065,32.81547],[130.75039,32.81439],[130.75033,32.81417],[130.75028,32.81402],[130.75022,32.81384],[130.75006,32.81346],[130.75,32.81329],[130.74991,32.81302],[130.74966,32.81219],[130.74949,32.81158],[130.74943,32.8114],[130.74928,32.81087],[130.74908,32.81015],[130.749,32.80987],[130.7488,32.80913],[130.74872,32.80885],[130.74828,32.8073],[130.74825,32.80718],[130.7482,32.80703],[130.74799,32.80634],[130.74775,32.80558],[130.74766,32.80533],[130.74746,32.80472],[130.74721,32.80392],[130.74691,32.8031],[130.74635,32.80147],[130.7461,32.80082],[130.74578,32.79994],[130.74545,32.79901],[130.74532,32.79867],[130.74519,32.79828],[130.74502,32.79783],[130.74489,32.7975],[130.74465,32.79682],[130.74452,32.79651],[130.74448,32.79641],[130.74445,32.79631],[130.74442,32.79619],[130.7444,32.79608],[130.74439,32.79598],[130.74439,32.79586],[130.7444,32.7957],[130.74458,32.79495],[130.74488,32.79374],[130.74512,32.79281],[130.74587,32.78998],[130.74596,32.78965],[130.74607,32.78923],[130.74643,32.78787],[130.74646,32.78779],[130.74658,32.78732],[130.74671,32.78684],[130.74691,32.78609],[130.74697,32.78584],[130.74699,32.78573],[130.747,32.78564],[130.747,32.78559],[130.747,32.78556],[130.74698,32.78545],[130.74689,32.78513],[130.74677,32.7848],[130.74662,32.78446],[130.74641,32.78393],[130.7462,32.78349],[130.74597,32.78309],[130.74559,32.78246],[130.74547,32.78225],[130.74521,32.78179],[130.74471,32.78082],[130.74457,32.78059],[130.74451,32.7805],[130.7445,32.78048],[130.74445,32.78041],[130.74437,32.78032],[130.74423,32.78017],[130.74411,32.78006],[130.74396,32.77994],[130.74388,32.77987],[130.74308,32.77933],[130.74216,32.77871],[130.741,32.77794],[130.74023,32.77745],[130.73977,32.77714],[130.73917,32.77672],[130.7391,32.77667],[130.73794,32.77589],[130.73762,32.7757],[130.73722,32.77539],[130.73623,32.77473],[130.73498,32.77391],[130.7335,32.7729],[130.73312,32.77265],[130.73095,32.7712],[130.73087,32.77114],[130.73075,32.77106],[130.72983,32.77045],[130.72926,32.77006],[130.72857,32.76965],[130.72852,32.76962],[130.72805,32.76936],[130.72741,32.769],[130.72685,32.76872],[130.72641,32.76852],[130.72605,32.76835],[130.72579,32.76825],[130.72525,32.76805],[130.72445,32.76779],[130.72429,32.76771],[130.72368,32.76752],[130.72338,32.76743],[130.72306,32.76735],[130.72255,32.76721],[130.72153,32.76698],[130.72098,32.76685],[130.7195,32.7665],[130.71828,32.76621],[130.71716,32.76595],[130.71588,32.76564],[130.71477,32.76536],[130.7142,32.76522],[130.71025,32.76425],[130.70911,32.76396],[130.70836,32.76377],[130.70587,32.76317],[130.70545,32.76308],[130.70524,32.76303],[130.70496,32.76297],[130.70469,32.76292],[130.70451,32.76288],[130.70443,32.76287],[130.70417,32.76283],[130.70394,32.7628],[130.70367,32.76276],[130.70325,32.76273],[130.70321,32.76273],[130.70215,32.76266],[130.70056,32.76259],[130.69894,32.76254],[130.69731,32.76248],[130.6957,32.76241],[130.69499,32.76238],[130.6941,32.76233],[130.69251,32.76228],[130.69225,32.76221],[130.69163,32.76218],[130.68951,32.7621],[130.68953,32.76214],[130.68958,32.7623],[130.6896,32.76237],[130.6899,32.76238]]}},{"type":"Feature","properties":{"状態":"不明","_color":"#9e9e9e","_weight":3,"_opacity":0.7},"geometry":{"type":"LineString","coordinates":[[130.98107,32.91533],[130.98099,32.91528],[130.98067,32.91512],[130.9802,32.91489],[130.97928,32.9145],[130.97926,32.9145],[130.97891,32.91435],[130.97776,32.91387],[130.97746,32.91375],[130.9761,32.91317],[130.97558,32.91295],[130.97515,32.91277],[130.97434,32.91244],[130.9722,32.91155],[130.97032,32.91074],[130.96783,32.90969],[130.96607,32.90896],[130.96463,32.90835],[130.96283,32.90763],[130.96212,32.90734],[130.96047,32.90673],[130.9586,32.90607],[130.95712,32.90557],[130.95517,32.90496],[130.95294,32.90434],[130.95104,32.90384],[130.94904,32.90336],[130.94563,32.90257],[130.94309,32.90199],[130.94015,32.90131],[130.93875,32.90099],[130.93845,32.90092],[130.93802,32.90082],[130.93697,32.9006],[130.93623,32.90045],[130.9355,32.90032],[130.93487,32.90022],[130.93416,32.90012],[130.93355,32.90004],[130.93253,32.89994],[130.93187,32.89989],[130.93177,32.89988],[130.93158,32.89987],[130.93142,32.89986],[130.9305,32.89981],[130.92951,32.89978],[130.92923,32.89979],[130.92903,32.89979],[130.92842,32.8998],[130.92708,32.89982],[130.92559,32.89986],[130.92389,32.89988],[130.92209,32.8999],[130.91962,32.89992],[130.91835,32.89993],[130.91675,32.89992],[130.91534,32.8999],[130.91413,32.89988],[130.91365,32.89987],[130.91218,32.89981],[130.91087,32.89976],[130.90968,32.8997],[130.90851,32.89964],[130.90748,32.89957],[130.90676,32.8995],[130.90593,32.89938],[130.90511,32.89924],[130.9043,32.89908],[130.90353,32.89889],[130.90289,32.89871],[130.90245,32.89858],[130.90201,32.89844],[130.90132,32.8982],[130.90049,32.89789],[130.89995,32.89766],[130.89972,32.89756],[130.89888,32.89722],[130.89835,32.89702],[130.89688,32.89652],[130.89665,32.89641],[130.89647,32.89629],[130.89633,32.89616],[130.89618,32.89597],[130.89609,32.89581],[130.89601,32.89562],[130.89597,32.89546],[130.89596,32.89528],[130.89596,32.89495],[130.89598,32.89452],[130.896,32.89395],[130.89605,32.89322],[130.89608,32.89285],[130.89614,32.89242],[130.89618,32.89212],[130.89632,32.8914],[130.89638,32.89097],[130.89641,32.89074],[130.89642,32.89037],[130.89641,32.89021],[130.89639,32.88997],[130.89638,32.88947],[130.89638,32.8893],[130.89638,32.88915],[130.89641,32.889],[130.89647,32.88877],[130.89673,32.88786]]}},{"type":"Feature","properties":{"状態":"不明","_color":"#9e9e9e","_weight":3,"_opacity":0.7},"geometry":{"type":"LineString","coordinates":[[130.67001,32.69002],[130.66978,32.69003],[130.66933,32.69007],[130.66863,32.69014],[130.66848,32.69016],[130.6683,32.69018],[130.66772,32.69023],[130.66716,32.69029],[130.66681,32.69032],[130.66592,32.69042],[130.66563,32.69045],[130.66544,32.69047],[130.66342,32.69058],[130.66083,32.69073],[130.6607,32.69073],[130.66046,32.69074],[130.6604,32.69075],[130.66028,32.69075],[130.65989,32.69078],[130.6573,32.69095],[130.65545,32.69105],[130.65373,32.69115],[130.6536,32.69116],[130.65348,32.69117],[130.65336,32.69119],[130.6531,32.69123],[130.65255,32.69132],[130.65205,32.6914],[130.65189,32.69142],[130.65165,32.69144],[130.65148,32.69146],[130.6513,32.69146],[130.65114,32.69146],[130.65097,32.69145],[130.65081,32.69144],[130.65056,32.69141],[130.65044,32.6914],[130.6503,32.6914],[130.65014,32.6914],[130.6497,32.6914],[130.64854,32.69143],[130.64714,32.69147],[130.64669,32.69149],[130.64558,32.69154],[130.64305,32.69167],[130.64275,32.6917],[130.64253,32.69173],[130.64226,32.69177],[130.64181,32.69188],[130.64014,32.69224],[130.63972,32.69233],[130.6383,32.69264],[130.6353,32.6933],[130.63397,32.69358],[130.63276,32.69384],[130.63059,32.69431],[130.62984,32.69447],[130.6282,32.69483],[130.62672,32.69516],[130.62563,32.6954],[130.625,32.69553],[130.6244,32.69566],[130.624,32.69575],[130.6235,32.69587],[130.62297,32.69599],[130.62267,32.69605],[130.62181,32.69622],[130.62051,32.6965],[130.61855,32.69693],[130.61755,32.69715],[130.61554,32.69759],[130.61354,32.69803],[130.61133,32.6985],[130.61098,32.69858],[130.61078,32.69864],[130.61005,32.69884],[130.60761,32.69952],[130.60628,32.69989],[130.60485,32.70028],[130.60157,32.7012],[130.60041,32.70153],[130.60018,32.7016],[130.59999,32.70167],[130.59992,32.7017],[130.59978,32.70175],[130.59975,32.70176],[130.59939,32.70191],[130.59902,32.70205],[130.59878,32.70213],[130.59703,32.70262],[130.59642,32.70278],[130.59617,32.70285],[130.5959,32.70293],[130.59535,32.70306],[130.59514,32.7031],[130.59492,32.70315],[130.59466,32.7032],[130.59417,32.70331],[130.59388,32.70339],[130.59267,32.70372],[130.5918,32.70397],[130.59084,32.70423],[130.5906,32.70428],[130.59022,32.70434],[130.58996,32.70436],[130.58981,32.70437],[130.58963,32.70437],[130.58947,32.70437],[130.58929,32.70436],[130.58741,32.70418],[130.58605,32.70406],[130.58586,32.70403],[130.58566,32.70399],[130.58537,32.70393],[130.58524,32.7039],[130.57955,32.70256],[130.57526,32.70158],[130.57277,32.701],[130.5724,32.7009],[130.57201,32.70079],[130.57143,32.70058],[130.57019,32.70009],[130.56828,32.69937],[130.56817,32.69932],[130.56803,32.69926],[130.56792,32.6992],[130.56777,32.6991],[130.56763,32.69901],[130.56742,32.69886],[130.56727,32.69875],[130.5671,32.6986],[130.56696,32.69845],[130.56686,32.69834],[130.5668,32.69825],[130.56674,32.69815],[130.56668,32.69804],[130.56661,32.69789],[130.56627,32.69705],[130.5662,32.69685],[130.56588,32.69597],[130.56567,32.69544],[130.56562,32.6953],[130.56557,32.69519],[130.56551,32.69508],[130.56545,32.69496],[130.56537,32.69483],[130.56528,32.69469],[130.56517,32.69453],[130.5651,32.69445],[130.56502,32.69436],[130.5646,32.69394],[130.56441,32.69379],[130.56414,32.69358],[130.56397,32.69346],[130.56384,32.69336],[130.56367,32.69324],[130.56291,32.69272],[130.56097,32.69145],[130.55904,32.69017],[130.55793,32.68947],[130.55782,32.6894],[130.55772,32.68934],[130.55761,32.68928],[130.55731,32.68914],[130.55583,32.68845],[130.55568,32.68837],[130.55552,32.68829],[130.55539,32.6882],[130.55528,32.68813],[130.55517,32.68805],[130.55504,32.68793],[130.55495,32.68785],[130.55483,32.6877],[130.55463,32.68743],[130.55455,32.68732],[130.55449,32.68721],[130.55439,32.68702],[130.55434,32.68688],[130.55428,32.68672],[130.55425,32.68653],[130.55418,32.68605],[130.5541,32.68534],[130.55401,32.6845],[130.5539,32.68354],[130.55376,32.68234],[130.55365,32.68139],[130.55357,32.68072],[130.55349,32.68],[130.55337,32.67889],[130.5533,32.67827],[130.55321,32.67748],[130.55315,32.67697],[130.55305,32.67608],[130.55291,32.67488],[130.55281,32.67404],[130.55273,32.67339],[130.55267,32.67293],[130.55257,32.67248],[130.55255,32.6724],[130.55247,32.67214],[130.55232,32.67174],[130.55211,32.67124],[130.55194,32.67088],[130.55173,32.6705],[130.5516,32.6703],[130.55144,32.67005],[130.55117,32.66968],[130.55102,32.66952],[130.5508,32.66931],[130.55055,32.66914],[130.55031,32.669],[130.55006,32.66887],[130.54975,32.66875],[130.54949,32.66868],[130.54908,32.66859],[130.54799,32.66838],[130.5475,32.66826],[130.5472,32.66817],[130.54669,32.66797],[130.54563,32.66749],[130.5448,32.66711],[130.54462,32.66703],[130.54418,32.66683],[130.54395,32.66674],[130.54372,32.66667],[130.54354,32.66661],[130.54333,32.66656],[130.5428,32.66645],[130.54163,32.66621],[130.54136,32.66615],[130.54105,32.66607],[130.5409,32.66602],[130.54065,32.66593],[130.5401,32.66568],[130.539,32.66519],[130.53851,32.66499],[130.53826,32.66492],[130.53803,32.66486],[130.5377,32.6648],[130.53741,32.66475],[130.53713,32.66472],[130.53687,32.6647],[130.53582,32.66469],[130.5356,32.66468],[130.53535,32.66464],[130.53509,32.66459],[130.53479,32.66451],[130.53352,32.66412],[130.53308,32.66402],[130.53261,32.66392],[130.53157,32.66375],[130.53133,32.66372],[130.53079,32.66367],[130.52971,32.66357],[130.52894,32.66347],[130.52846,32.66339],[130.52713,32.66314],[130.52691,32.6631],[130.52671,32.66305],[130.5265,32.66298],[130.52611,32.66282],[130.52508,32.6624],[130.52351,32.66174],[130.5234,32.6617],[130.52327,32.66166],[130.52253,32.66151],[130.5208,32.66116],[130.5206,32.66111],[130.52041,32.66105],[130.52023,32.66099],[130.51989,32.66084],[130.51942,32.66062],[130.51928,32.66055],[130.51914,32.66047],[130.519,32.66038],[130.51886,32.66025],[130.51872,32.6601],[130.51837,32.65973],[130.51812,32.65953],[130.51775,32.65926],[130.51725,32.65894],[130.51689,32.65873],[130.51638,32.65847],[130.51593,32.65826],[130.51511,32.65791],[130.51415,32.65751],[130.51397,32.65742],[130.5137,32.65726],[130.51321,32.65696],[130.51215,32.65632],[130.51123,32.65575],[130.51104,32.65565],[130.51084,32.65555],[130.51067,32.65548],[130.51011,32.6553],[130.50961,32.65514],[130.50867,32.65484],[130.50834,32.65474],[130.50815,32.65469],[130.50769,32.6546],[130.50639,32.65436],[130.5054,32.65417],[130.50531,32.65416],[130.5052,32.65416],[130.50492,32.6542],[130.50471,32.65423],[130.5045,32.65424],[130.50432,32.65423],[130.50413,32.6542],[130.50357,32.65405],[130.50334,32.65402],[130.50315,32.654],[130.50297,32.654],[130.50272,32.65402],[130.50228,32.65407],[130.50198,32.6541],[130.50157,32.6541],[130.50135,32.6541],[130.50116,32.65407],[130.5,32.65379],[130.49993,32.65377],[130.49984,32.65372],[130.4997,32.65361],[130.4996,32.65351],[130.49954,32.65341],[130.4994,32.65314],[130.49929,32.653],[130.49917,32.6529],[130.49887,32.65271],[130.49857,32.65254],[130.49844,32.65248],[130.49835,32.65244],[130.49808,32.65237],[130.49797,32.65234],[130.49785,32.65229],[130.49769,32.6522],[130.4974,32.65201],[130.49723,32.65192],[130.49688,32.65176],[130.49663,32.65165],[130.49611,32.65138],[130.49591,32.65125],[130.49576,32.65113],[130.49566,32.65102],[130.49556,32.6509],[130.49527,32.65042],[130.49518,32.65028],[130.49505,32.65013],[130.49493,32.65002],[130.49478,32.64989],[130.49421,32.64946],[130.494,32.64932],[130.49374,32.64918],[130.49355,32.64909],[130.49267,32.64866],[130.49235,32.64851],[130.49209,32.64838],[130.49191,32.64826],[130.49175,32.64816],[130.49114,32.64775],[130.49068,32.64747],[130.49034,32.64727],[130.48969,32.64693],[130.48924,32.64671],[130.48878,32.6465],[130.48849,32.64637],[130.48806,32.6462],[130.48707,32.64584],[130.48688,32.64577],[130.48666,32.64571],[130.48643,32.64566],[130.48617,32.64562],[130.48569,32.64556],[130.48551,32.64553],[130.48531,32.64548],[130.48517,32.64543],[130.48456,32.64518],[130.48405,32.64498],[130.48393,32.64493],[130.48382,32.6449],[130.4831,32.64473],[130.48294,32.64469],[130.48283,32.64464],[130.48271,32.64458],[130.48257,32.64448],[130.48209,32.64408],[130.48134,32.64344],[130.48124,32.64337],[130.48115,32.64331],[130.48105,32.64326],[130.48083,32.64317],[130.48067,32.6431],[130.48028,32.64288],[130.48006,32.64276],[130.47991,32.64266],[130.47978,32.64256],[130.47964,32.64245],[130.4792,32.64202],[130.47904,32.64185],[130.47893,32.64174],[130.47883,32.64158],[130.47875,32.64144],[130.47869,32.64133],[130.47864,32.64117],[130.47856,32.64082],[130.47843,32.6402],[130.47837,32.63997],[130.4783,32.63977],[130.47823,32.63963],[130.47815,32.63951],[130.47801,32.63935],[130.47788,32.63922],[130.47767,32.63905],[130.47692,32.63847],[130.4763,32.638],[130.47588,32.63773],[130.4757,32.63763],[130.47556,32.63755],[130.4754,32.63748],[130.47524,32.6374],[130.47509,32.63735],[130.47486,32.63727],[130.47442,32.63715],[130.47278,32.63673],[130.47112,32.63631],[130.46967,32.63593],[130.46895,32.63575],[130.46869,32.63568],[130.46802,32.63553],[130.46757,32.63544],[130.46682,32.63531],[130.46632,32.63523],[130.46556,32.63514],[130.46524,32.63512],[130.46506,32.63511],[130.46449,32.63514],[130.46429,32.63515],[130.46416,32.63513],[130.46403,32.63511],[130.46367,32.635],[130.46354,32.63495],[130.46319,32.63479],[130.46261,32.6345],[130.46214,32.63426],[130.46198,32.63417],[130.46188,32.6341],[130.46175,32.63398],[130.46136,32.63351],[130.46132,32.63348],[130.46128,32.63345],[130.46088,32.63327],[130.46075,32.6332],[130.4606,32.63311],[130.4605,32.63303],[130.46041,32.63294],[130.46032,32.63282],[130.46023,32.6327],[130.46017,32.63265],[130.45987,32.6324],[130.45974,32.63229],[130.45963,32.63217],[130.45941,32.6319],[130.45887,32.63134],[130.45868,32.63115],[130.45857,32.63106],[130.45833,32.63092],[130.45823,32.63084],[130.45815,32.63074],[130.45801,32.63054],[130.45791,32.63042],[130.45775,32.63027],[130.4575,32.6301],[130.45735,32.62998],[130.45725,32.62987],[130.45717,32.62976],[130.4571,32.62965],[130.45705,32.62952],[130.45695,32.62915],[130.45689,32.62902],[130.45679,32.62889],[130.45662,32.62874],[130.45643,32.6286],[130.4563,32.62852],[130.45615,32.62845],[130.45601,32.6284],[130.45566,32.62834],[130.45554,32.62831],[130.45541,32.62825],[130.45507,32.62807],[130.45485,32.62795],[130.45466,32.62781],[130.45401,32.62732],[130.45347,32.6269],[130.45281,32.62635],[130.45252,32.62611],[130.45237,32.62598],[130.45231,32.62591],[130.45215,32.62568],[130.45159,32.62492],[130.45108,32.62425],[130.45102,32.62417],[130.45098,32.62405],[130.45096,32.62393],[130.45097,32.62383],[130.45102,32.6237],[130.45109,32.62359],[130.45117,32.62351],[130.45128,32.62344],[130.4514,32.6234],[130.45151,32.62338],[130.45164,32.62338],[130.4522,32.62339],[130.45233,32.6234],[130.45241,32.62342],[130.45253,32.62344],[130.45294,32.62353],[130.45335,32.62362],[130.45345,32.62364],[130.45355,32.62364],[130.45364,32.62363],[130.45396,32.62357],[130.45427,32.6235],[130.45479,32.6234],[130.45491,32.62336],[130.45499,32.62333],[130.45507,32.62329],[130.45538,32.62312],[130.45558,32.623],[130.45623,32.62262],[130.4563,32.62257],[130.4567,32.62228],[130.45681,32.62219],[130.45686,32.62213],[130.4569,32.62208],[130.45694,32.622],[130.45696,32.6219],[130.45699,32.62174],[130.45702,32.62158],[130.45706,32.62146],[130.45711,32.62133],[130.45719,32.62122],[130.45727,32.62113],[130.45736,32.62105],[130.45798,32.62052],[130.45828,32.62027],[130.45872,32.61996],[130.45886,32.61985],[130.45895,32.61977],[130.45905,32.61966],[130.45941,32.61921],[130.45955,32.61905],[130.45968,32.61894],[130.45986,32.61881],[130.46006,32.61869],[130.46048,32.61847],[130.46072,32.61832],[130.46084,32.61823],[130.46152,32.61769],[130.46166,32.61758],[130.46175,32.61747],[130.46188,32.6173],[130.46194,32.61721],[130.46198,32.61708],[130.46201,32.61695],[130.46203,32.61668],[130.46205,32.61569],[130.4621,32.61502],[130.46216,32.61435],[130.46218,32.61378],[130.46218,32.61357],[130.4622,32.61343],[130.46223,32.61329],[130.46228,32.61315],[130.46233,32.61303],[130.46241,32.61288],[130.4625,32.61274],[130.46262,32.6126],[130.46278,32.61243],[130.463,32.61219],[130.46328,32.6119],[130.46357,32.61162],[130.46387,32.6114],[130.46403,32.61128],[130.46415,32.6112],[130.46433,32.61109],[130.46451,32.61098],[130.46473,32.61086],[130.46532,32.61056],[130.46582,32.61034],[130.46596,32.61027],[130.46658,32.60996],[130.46676,32.60986],[130.46701,32.60973],[130.46716,32.60965],[130.46728,32.60957],[130.46737,32.60949],[130.46745,32.60941],[130.46774,32.60901],[130.46783,32.60888],[130.46794,32.60872],[130.46805,32.60852],[130.46811,32.60838],[130.46813,32.60826],[130.46814,32.60815],[130.46812,32.60763],[130.4681,32.60742],[130.46809,32.60733],[130.46807,32.60725],[130.46803,32.60713],[130.46797,32.60702],[130.46791,32.60691],[130.46783,32.60681],[130.46763,32.60665],[130.4676,32.6066],[130.4676,32.60655],[130.46761,32.60651],[130.46763,32.60648],[130.46777,32.6063],[130.46785,32.60619],[130.46791,32.60615],[130.46796,32.60615],[130.46803,32.60615],[130.46906,32.60656],[130.46915,32.60662],[130.46922,32.60667]]}},{"type":"Feature","properties":{"状態":"不明","_color":"#9e9e9e","_weight":3,"_opacity":0.7},"geometry":{"type":"LineString","coordinates":[[130.5684,32.43032],[130.56837,32.4303],[130.56825,32.43023],[130.56806,32.43013],[130.56784,32.43002],[130.56771,32.42995],[130.56762,32.4299],[130.56753,32.42985],[130.56747,32.4298],[130.56741,32.42974],[130.56736,32.4297],[130.56732,32.42964],[130.56727,32.42958],[130.56723,32.42951],[130.5672,32.42943],[130.56715,32.42932],[130.56711,32.42919],[130.56699,32.42887],[130.56687,32.42854],[130.56675,32.42823],[130.56669,32.42808],[130.56665,32.42799],[130.5666,32.42789],[130.56655,32.42781],[130.56651,32.42775],[130.56647,32.42769],[130.5664,32.42761],[130.56634,32.42755],[130.56628,32.42748],[130.56623,32.42744],[130.56612,32.42736],[130.56603,32.4273],[130.56591,32.42723],[130.56577,32.42717],[130.56563,32.42712],[130.5655,32.42708],[130.56526,32.427],[130.56485,32.42689],[130.56426,32.42671],[130.56381,32.42659],[130.56343,32.4265],[130.56308,32.42641],[130.56294,32.42638],[130.56282,32.42636],[130.56272,32.42635],[130.56252,32.42632],[130.56234,32.42631],[130.56165,32.42629],[130.56142,32.42628],[130.56104,32.42625],[130.56074,32.4262],[130.5605,32.42615],[130.56029,32.4261],[130.55984,32.42597],[130.55883,32.42568],[130.55857,32.42558],[130.55834,32.42547],[130.55812,32.42535],[130.5579,32.4252],[130.5577,32.42503],[130.55749,32.42484],[130.55734,32.42466],[130.55704,32.42424],[130.55684,32.42396],[130.55671,32.42377],[130.55653,32.42351],[130.55641,32.42334],[130.55627,32.42317],[130.5561,32.423],[130.55595,32.42285],[130.55567,32.42263],[130.55543,32.42249],[130.55525,32.42238],[130.55513,32.42232],[130.55496,32.42223],[130.55476,32.42215],[130.55458,32.42208],[130.55443,32.42202],[130.5543,32.42198],[130.55411,32.42193],[130.55348,32.42176],[130.55259,32.4215],[130.55212,32.42136],[130.55181,32.42125],[130.5517,32.42121],[130.5516,32.42116],[130.5515,32.4211],[130.55142,32.42105],[130.55135,32.42098],[130.55127,32.4209],[130.5512,32.42083],[130.55114,32.42073],[130.5511,32.42067],[130.55106,32.42059],[130.55103,32.4205],[130.551,32.4204],[130.55097,32.4203],[130.55095,32.4202],[130.55093,32.42007],[130.55088,32.41972],[130.55083,32.41942],[130.5507,32.41845],[130.55063,32.41786],[130.55047,32.41667],[130.55037,32.41591],[130.55036,32.41583],[130.55037,32.41576],[130.55038,32.41569],[130.5504,32.4156],[130.55042,32.41552],[130.55046,32.41544],[130.5505,32.41537],[130.55077,32.41493],[130.55134,32.41401],[130.55139,32.41395],[130.55145,32.41388],[130.55151,32.41382],[130.55198,32.41347],[130.55254,32.4131],[130.55309,32.41277],[130.55365,32.41242],[130.55378,32.41234],[130.55402,32.41218],[130.5541,32.41213],[130.55418,32.41205],[130.55425,32.41198],[130.55431,32.4119],[130.55437,32.41183],[130.55441,32.41174],[130.55445,32.41165],[130.55447,32.41155],[130.55448,32.41147],[130.55447,32.41138],[130.55446,32.41129],[130.55443,32.4112],[130.5544,32.41111],[130.55437,32.41103],[130.55432,32.41095],[130.55427,32.41087],[130.55408,32.41062],[130.55399,32.41047],[130.55395,32.41041],[130.55391,32.41035],[130.55388,32.41028],[130.55385,32.41022],[130.55383,32.41015],[130.55382,32.41007],[130.5538,32.40998],[130.5538,32.40989],[130.5538,32.40982],[130.55381,32.40974],[130.55383,32.40965],[130.55385,32.40958],[130.55396,32.40912],[130.554,32.409],[130.55403,32.40889],[130.55407,32.40878],[130.55412,32.40867],[130.55417,32.40856],[130.55422,32.40846],[130.55428,32.40836],[130.55435,32.40826],[130.55443,32.40816],[130.55452,32.40806],[130.5546,32.40797],[130.55469,32.4079],[130.55493,32.4077],[130.5555,32.40725],[130.55562,32.40713],[130.55567,32.40706],[130.55571,32.40699],[130.55575,32.40693],[130.55578,32.40684],[130.5558,32.40674],[130.5558,32.40663],[130.5558,32.40644],[130.55579,32.40632],[130.55578,32.40621],[130.55576,32.4061],[130.55572,32.40595],[130.55524,32.40434],[130.55503,32.40362],[130.55468,32.40248],[130.55447,32.4018],[130.55433,32.40119],[130.55416,32.40075],[130.55411,32.40063],[130.55405,32.4005],[130.554,32.4004],[130.55394,32.40029],[130.55387,32.40019],[130.5538,32.40009],[130.55372,32.39999],[130.55363,32.39989],[130.55355,32.3998],[130.55345,32.39971],[130.55336,32.39963],[130.55327,32.39956],[130.55266,32.39913],[130.55086,32.39785],[130.55042,32.39755],[130.5493,32.39675],[130.54832,32.39609],[130.54798,32.39585],[130.54767,32.39565],[130.54754,32.39557],[130.5474,32.39549],[130.54648,32.39498],[130.54621,32.39482],[130.54612,32.39476],[130.54603,32.39469],[130.54596,32.39462],[130.5459,32.39454],[130.54584,32.39445],[130.54575,32.39433],[130.54564,32.3941],[130.54513,32.39334],[130.54493,32.39301],[130.54492,32.393]]}},{"type":"Feature","properties":{"状態":"不明","_color":"#9e9e9e","_weight":3,"_opacity":0.7},"geometry":{"type":"LineString","coordinates":[[130.54478,32.39276],[130.54457,32.39241],[130.54453,32.39235],[130.5445,32.39226],[130.54446,32.39218],[130.54443,32.39209],[130.54441,32.39202],[130.5444,32.39195],[130.54439,32.3919],[130.54438,32.39182],[130.54438,32.39172],[130.5444,32.39162],[130.54441,32.39155],[130.54444,32.39147],[130.54448,32.39138],[130.54451,32.39131],[130.54455,32.39124],[130.54477,32.3909],[130.54483,32.3908],[130.54485,32.39074],[130.54487,32.39068],[130.54488,32.39062],[130.54487,32.39055],[130.54486,32.39049],[130.54484,32.39043],[130.54481,32.39037],[130.54476,32.39031],[130.54458,32.39011],[130.54418,32.38972],[130.54409,32.38962],[130.54404,32.38955],[130.544,32.38948],[130.54395,32.38938],[130.54392,32.3893],[130.5439,32.38922],[130.54388,32.38912],[130.54388,32.38905],[130.54388,32.38898],[130.5439,32.3889],[130.54392,32.38883],[130.5441,32.38831],[130.5443,32.38776],[130.54444,32.3874],[130.54447,32.38731],[130.54449,32.38722],[130.5445,32.38713],[130.54452,32.38705],[130.54452,32.38694],[130.54451,32.38685],[130.54449,32.38677],[130.54446,32.38669],[130.54443,32.38662],[130.5444,32.38655],[130.54434,32.38647],[130.54427,32.3864],[130.54418,32.38633],[130.54409,32.38626],[130.54398,32.38619],[130.54368,32.386],[130.5428,32.38545],[130.54269,32.38538],[130.54259,32.3853],[130.54251,32.38523],[130.54239,32.38511],[130.54217,32.38489],[130.54209,32.3848],[130.54202,32.38471],[130.54195,32.38461],[130.5419,32.38452],[130.54184,32.38441],[130.54158,32.38385],[130.54153,32.38374],[130.54143,32.38357],[130.54138,32.38349],[130.54132,32.38342],[130.54123,32.38332],[130.54115,32.38325],[130.54093,32.38308],[130.54068,32.3829],[130.54016,32.38252],[130.53998,32.3824],[130.53939,32.38197],[130.53849,32.38131],[130.53778,32.38079],[130.53768,32.38071],[130.53758,32.38062],[130.53749,32.38052],[130.5374,32.38042],[130.5371,32.38],[130.53643,32.37906],[130.53601,32.37843],[130.53597,32.37836],[130.53594,32.37829],[130.53592,32.37821],[130.5359,32.37812],[130.5359,32.37802],[130.5359,32.37792],[130.53592,32.37783],[130.53594,32.37775],[130.53597,32.37768],[130.53601,32.37761],[130.53608,32.37752],[130.53624,32.37735],[130.53657,32.37703],[130.53664,32.37696],[130.5367,32.37688],[130.53675,32.37681],[130.53678,32.37674],[130.53681,32.37667],[130.53683,32.37659],[130.53684,32.3765],[130.53683,32.3764],[130.53682,32.37633],[130.5368,32.37622],[130.53677,32.37613],[130.53675,32.37606],[130.53649,32.37542],[130.53645,32.37534],[130.5364,32.37525],[130.53633,32.37516],[130.53627,32.37505],[130.53619,32.37496],[130.53607,32.37484],[130.53583,32.37466],[130.5357,32.37455],[130.53529,32.37424],[130.53497,32.37402],[130.53491,32.37398],[130.53476,32.37389],[130.53449,32.37375],[130.53363,32.37333],[130.5323,32.37265],[130.5309,32.37192],[130.52891,32.3709],[130.5283,32.37056],[130.52795,32.37039],[130.52768,32.37024],[130.52745,32.3701],[130.52675,32.36964],[130.52603,32.36917],[130.52546,32.36878],[130.5243,32.36792],[130.52412,32.3678],[130.52393,32.36771],[130.52369,32.36761],[130.52348,32.36755],[130.52325,32.36751],[130.52304,32.36749],[130.52281,32.36749],[130.52255,32.36751],[130.52098,32.36775],[130.52043,32.36783],[130.52023,32.36785],[130.51997,32.36785],[130.51978,32.36783],[130.51958,32.3678],[130.51935,32.36775],[130.51787,32.36727],[130.51749,32.36715],[130.51727,32.36706],[130.51709,32.36697],[130.51691,32.36686],[130.51678,32.36676],[130.51665,32.36662],[130.51653,32.36647],[130.51625,32.36607],[130.51616,32.36594],[130.51605,32.36582],[130.51593,32.3657],[130.51584,32.36562],[130.5157,32.36552],[130.51556,32.36545],[130.51538,32.36538],[130.51524,32.36534],[130.51502,32.3653],[130.51489,32.36529],[130.51473,32.36528],[130.5145,32.36528],[130.51379,32.36529],[130.51337,32.36529],[130.51321,32.36528],[130.51297,32.36527],[130.51275,32.36524],[130.51252,32.3652],[130.51233,32.36516],[130.51203,32.36508],[130.51168,32.36498],[130.5113,32.36485],[130.5109,32.36469],[130.50994,32.36429],[130.50916,32.36397],[130.50826,32.36358],[130.5081,32.3635],[130.50799,32.36343],[130.50777,32.36326],[130.50763,32.36313],[130.50751,32.36299],[130.50739,32.36282],[130.50731,32.36266],[130.50724,32.36249],[130.50718,32.36225],[130.50716,32.36203],[130.50717,32.36182],[130.5072,32.36164],[130.50748,32.36059],[130.50776,32.35954],[130.50781,32.35935],[130.50783,32.35929],[130.50785,32.3592],[130.50789,32.35903],[130.5079,32.35893],[130.50791,32.35888],[130.50793,32.35874],[130.50794,32.35858],[130.50795,32.35829],[130.50793,32.35757],[130.50789,32.35664],[130.50786,32.3557],[130.50782,32.35477],[130.5078,32.35413],[130.50778,32.35369],[130.50774,32.35352],[130.5077,32.3534],[130.50763,32.35321],[130.50759,32.35314],[130.5075,32.353],[130.50737,32.35283],[130.50691,32.35221],[130.50651,32.35167],[130.50635,32.35146],[130.50575,32.35066],[130.50538,32.35017],[130.50512,32.34983],[130.5045,32.349],[130.50417,32.34856],[130.50396,32.3483],[130.50376,32.34802],[130.5037,32.34795],[130.5036,32.34781],[130.50352,32.34769],[130.50342,32.3475],[130.50335,32.34735],[130.50328,32.34718],[130.5032,32.34695],[130.503,32.34633],[130.50275,32.34555],[130.50268,32.34531],[130.50261,32.34515],[130.50252,32.34499],[130.50242,32.34485],[130.50235,32.34477],[130.50227,32.34468],[130.50217,32.34459],[130.50199,32.34445],[130.50175,32.34428],[130.5,32.34309],[130.49932,32.34263],[130.49848,32.34205],[130.49807,32.34179],[130.4977,32.34157],[130.49749,32.34146],[130.49694,32.34118],[130.49632,32.34087],[130.49605,32.34072],[130.49577,32.34056],[130.49559,32.34043],[130.49506,32.34005],[130.4946,32.33972],[130.49278,32.3384],[130.49241,32.33813],[130.49222,32.338],[130.49206,32.3379],[130.49185,32.33779],[130.49165,32.33771],[130.49148,32.33765],[130.49132,32.3376],[130.49107,32.33753],[130.49064,32.33745],[130.49056,32.33744],[130.48989,32.3373],[130.4895,32.33722],[130.48929,32.33717],[130.48907,32.3371],[130.48878,32.33697],[130.48835,32.33674],[130.48638,32.33572],[130.48628,32.33566],[130.48615,32.33558],[130.486,32.33549],[130.48587,32.33539],[130.48574,32.33527],[130.4856,32.33512],[130.4855,32.33498],[130.48542,32.33483],[130.48536,32.3347],[130.4853,32.33455],[130.48526,32.33438],[130.48525,32.33421],[130.48523,32.33379],[130.48522,32.33364],[130.48521,32.33333],[130.4852,32.33315],[130.4852,32.33292],[130.48523,32.33267],[130.48525,32.33245],[130.4853,32.33219],[130.48537,32.3319],[130.48549,32.33138],[130.48553,32.33122],[130.48561,32.33079],[130.48565,32.33059],[130.48573,32.33033],[130.48583,32.33005],[130.48598,32.32971],[130.48619,32.32928],[130.48649,32.3287],[130.48666,32.32827],[130.48685,32.32777]]}},{"type":"Feature","properties":{"状態":"不明","_color":"#9e9e9e","_weight":3,"_opacity":0.7},"geometry":{"type":"LineString","coordinates":[[130.48711,32.32707],[130.48765,32.32555],[130.48865,32.32288],[130.4896,32.32045],[130.49015,32.31901],[130.49159,32.31518],[130.49209,32.31445],[130.4926,32.3139],[130.49312,32.3135],[130.49325,32.3134],[130.49335,32.3133],[130.49358,32.31301],[130.4938,32.31274],[130.4939,32.31262],[130.49433,32.3122],[130.49475,32.3118],[130.49552,32.31108],[130.49683,32.30984],[130.49733,32.30934],[130.49757,32.30909],[130.49765,32.309],[130.4977,32.30894],[130.49779,32.30883],[130.49785,32.30876],[130.49792,32.30868],[130.49835,32.3081],[130.49857,32.3078],[130.4986,32.30774],[130.49881,32.30732],[130.49883,32.30726],[130.49887,32.30711],[130.49887,32.30693],[130.49887,32.30673],[130.49885,32.30656],[130.49881,32.30641],[130.49879,32.30634],[130.49875,32.30622],[130.4987,32.30613],[130.49861,32.30598],[130.49854,32.3059],[130.49813,32.30537],[130.49792,32.30511],[130.49774,32.30487],[130.4977,32.30483],[130.4974,32.30446],[130.49595,32.30272],[130.4956,32.30225],[130.4951,32.30163],[130.49486,32.30126],[130.49471,32.30103],[130.49463,32.30088],[130.49452,32.30065],[130.49441,32.30039],[130.4943,32.30007],[130.49422,32.29981],[130.49416,32.29957],[130.4941,32.29931],[130.49406,32.29886],[130.49404,32.29853],[130.49411,32.29649],[130.4942,32.29281],[130.49425,32.2911],[130.49428,32.28978],[130.4943,32.28887],[130.4943,32.28836],[130.49432,32.28815],[130.49435,32.28789],[130.4944,32.28764],[130.49455,32.28703],[130.49484,32.28608],[130.49506,32.2854],[130.49512,32.28525],[130.49518,32.2851],[130.49528,32.28489],[130.49537,32.28475],[130.49546,32.2846],[130.49558,32.28445],[130.4958,32.28425],[130.496,32.28408],[130.49623,32.28392],[130.49652,32.28375],[130.49695,32.28355],[130.49745,32.28333],[130.4977,32.28322],[130.498,32.28307],[130.49822,32.28296],[130.49837,32.28285],[130.49857,32.28271],[130.49864,32.28265],[130.4988,32.28252],[130.4989,32.28243],[130.49897,32.28236],[130.49904,32.28225],[130.49912,32.2821],[130.49918,32.28198],[130.4993,32.28167],[130.49936,32.28147],[130.49939,32.28125],[130.4994,32.28094],[130.49935,32.28068],[130.4993,32.2805],[130.49926,32.28037],[130.49916,32.28007],[130.49882,32.27903],[130.49858,32.2783],[130.49853,32.27801],[130.4985,32.27782],[130.49849,32.27768],[130.49849,32.27751],[130.49852,32.27733],[130.49857,32.27716],[130.49864,32.27701],[130.49873,32.27685],[130.49885,32.27669],[130.49941,32.276],[130.49955,32.27579],[130.49975,32.27552],[130.5,32.27508],[130.50018,32.2746],[130.5006,32.27365],[130.50073,32.27332],[130.50102,32.27277],[130.50119,32.27248],[130.50135,32.27223],[130.50152,32.27201],[130.50168,32.27179],[130.50199,32.27138],[130.50243,32.27091],[130.50333,32.26995],[130.50417,32.26905],[130.50513,32.268],[130.50558,32.26753],[130.50604,32.26705],[130.5062,32.26682],[130.50638,32.26659],[130.5065,32.26639],[130.50658,32.26618],[130.50666,32.26596],[130.5068,32.26545],[130.50688,32.26512],[130.50701,32.26472],[130.50714,32.2644],[130.50728,32.26408],[130.50741,32.26385],[130.50766,32.26331],[130.50801,32.26259],[130.50833,32.26188],[130.5085,32.26155],[130.50879,32.261],[130.50889,32.26085],[130.50896,32.26076],[130.50915,32.26055],[130.50964,32.26006],[130.5098,32.25987],[130.50988,32.25974],[130.50997,32.25957],[130.51007,32.25934],[130.51014,32.25912],[130.51017,32.25894],[130.51018,32.25875],[130.51015,32.25828],[130.51007,32.25777],[130.51003,32.25752],[130.50999,32.25739],[130.50993,32.25729],[130.50976,32.25713],[130.50968,32.25705],[130.50956,32.25698],[130.50939,32.25689],[130.50921,32.25684],[130.50905,32.25678],[130.50855,32.25665],[130.50823,32.25654],[130.50796,32.25643],[130.50773,32.25632],[130.50747,32.25618],[130.50718,32.256],[130.50694,32.25583],[130.50672,32.25566],[130.50639,32.25536],[130.50594,32.25492],[130.50441,32.25342],[130.50342,32.25245],[130.50322,32.25225],[130.5031,32.2521],[130.50297,32.25192],[130.50287,32.25173],[130.5028,32.25151],[130.50275,32.25125],[130.50271,32.25088],[130.50266,32.25026],[130.50264,32.25011],[130.50262,32.25],[130.50258,32.24988],[130.50252,32.24975],[130.50242,32.24958],[130.5023,32.24943],[130.50216,32.2493],[130.50193,32.24912],[130.50082,32.24824],[130.5,32.2476],[130.49963,32.2473],[130.49943,32.24716],[130.49926,32.24706],[130.49908,32.24698],[130.49884,32.24692],[130.49857,32.24688],[130.49825,32.24687],[130.49793,32.24687],[130.4977,32.24688],[130.4975,32.24688],[130.49703,32.24689],[130.4966,32.2469],[130.49658,32.2469],[130.4955,32.24692],[130.49474,32.24692],[130.49431,32.24689],[130.49372,32.24684],[130.4932,32.24677],[130.49258,32.24667],[130.49115,32.2464],[130.48982,32.24618],[130.487,32.24573],[130.48657,32.24567],[130.48629,32.24561],[130.48611,32.24556],[130.48598,32.24551],[130.48581,32.24543],[130.48562,32.24531],[130.48546,32.24516],[130.48535,32.24503],[130.48525,32.24488],[130.48514,32.24464],[130.48495,32.24417],[130.48494,32.2441],[130.48493,32.24403],[130.48483,32.24376],[130.48476,32.24359],[130.48469,32.24342],[130.48463,32.24328],[130.4846,32.24321],[130.48455,32.24313],[130.48444,32.24282],[130.48434,32.24254],[130.48419,32.24205],[130.48412,32.24186],[130.48403,32.2417],[130.48391,32.24153],[130.48376,32.24138],[130.48359,32.24125],[130.48335,32.24112],[130.48313,32.24104],[130.48291,32.24099],[130.4827,32.24096],[130.48251,32.24097],[130.48232,32.24099],[130.48214,32.24103],[130.48188,32.24112],[130.48171,32.2412],[130.48159,32.24129],[130.48144,32.24142],[130.48119,32.24166],[130.48013,32.24278],[130.47915,32.24388],[130.47835,32.24474],[130.4781,32.245],[130.47785,32.24522],[130.4776,32.24539],[130.47732,32.24554],[130.4771,32.24563],[130.47685,32.24571],[130.4767,32.24575],[130.47642,32.2458],[130.47621,32.24582],[130.47599,32.24583],[130.47549,32.24579],[130.47514,32.24575],[130.47362,32.24558],[130.47223,32.24544],[130.47174,32.24538],[130.4713,32.24533],[130.47102,32.2453],[130.47088,32.24527],[130.47071,32.24524],[130.47055,32.24518],[130.47039,32.24509],[130.47029,32.24504],[130.47019,32.24497],[130.4701,32.2449],[130.47002,32.24482],[130.46992,32.24469],[130.46951,32.24419],[130.4692,32.24381],[130.46915,32.24375],[130.46904,32.24362],[130.46862,32.24307],[130.46787,32.24212],[130.46776,32.242],[130.46771,32.24194],[130.46763,32.24185],[130.46728,32.24145],[130.46623,32.24034],[130.46549,32.23955],[130.46539,32.23941],[130.46531,32.23928],[130.46523,32.23913],[130.46517,32.23896],[130.46512,32.23875],[130.46512,32.23866],[130.46513,32.23855],[130.46516,32.23829],[130.4653,32.23751],[130.46543,32.23674],[130.46545,32.23655],[130.46558,32.23568],[130.4656,32.23542],[130.4656,32.23528],[130.46558,32.2351],[130.46555,32.23497],[130.46548,32.23481],[130.46535,32.23458],[130.46528,32.23449],[130.46515,32.23436],[130.46491,32.23415],[130.46483,32.23409],[130.46468,32.23398]]}},{"type":"Feature","properties":{"状態":"不明","_color":"#9e9e9e","_weight":3,"_opacity":0.7},"geometry":{"type":"LineString","coordinates":[[130.46442,32.23378],[130.464,32.23345],[130.46323,32.23287],[130.46265,32.23242],[130.46252,32.23233],[130.46207,32.23198],[130.46175,32.23176],[130.4615,32.23162],[130.46127,32.23152],[130.46097,32.23141],[130.46072,32.23134],[130.46041,32.23128],[130.46018,32.23126],[130.45999,32.23125],[130.4598,32.23125],[130.45961,32.23126],[130.45838,32.23137],[130.45721,32.23147],[130.45702,32.23149],[130.45674,32.23152],[130.45649,32.23156],[130.45612,32.23162],[130.45595,32.23165],[130.45564,32.23172],[130.45489,32.23192],[130.45324,32.23242],[130.45295,32.23251],[130.45276,32.23257],[130.45187,32.23285],[130.45172,32.23289],[130.45159,32.23293],[130.45131,32.23302],[130.45089,32.23313],[130.45067,32.23318],[130.45039,32.23323],[130.45015,32.23326],[130.44987,32.23329],[130.44816,32.23341],[130.44774,32.23344],[130.44754,32.23347],[130.44733,32.2335],[130.4471,32.23356],[130.44687,32.23365],[130.4455,32.23419],[130.44539,32.23423],[130.44521,32.2343],[130.445,32.23435],[130.4448,32.23439],[130.44461,32.2344],[130.44444,32.23438],[130.44425,32.23433],[130.44411,32.23427],[130.44397,32.2342],[130.44383,32.2341],[130.44357,32.23389],[130.4432,32.23358],[130.44303,32.23347],[130.44289,32.2334],[130.44269,32.23334],[130.4418,32.23315],[130.44108,32.23301],[130.44094,32.23297],[130.44079,32.2329],[130.44068,32.23284],[130.44055,32.23273],[130.44046,32.23261],[130.44039,32.2325],[130.44033,32.23236],[130.4403,32.2322],[130.44031,32.23207],[130.44033,32.23194],[130.44038,32.23181],[130.44046,32.23166],[130.44064,32.23138],[130.4413,32.23037],[130.44142,32.23016],[130.44151,32.22995],[130.44156,32.22979],[130.44159,32.22962],[130.4416,32.22944],[130.44159,32.2288],[130.44157,32.2283],[130.44157,32.22823],[130.44156,32.2281],[130.44155,32.228],[130.44153,32.22789],[130.44149,32.22775],[130.44143,32.22761],[130.44134,32.22743],[130.44102,32.22697],[130.44092,32.22682],[130.44079,32.22668],[130.44063,32.22655],[130.44045,32.22644],[130.44027,32.22635],[130.44011,32.2263],[130.43991,32.22626],[130.43927,32.22617],[130.43897,32.22614],[130.43874,32.22608],[130.43858,32.22602],[130.43845,32.22595],[130.43832,32.22588],[130.43818,32.22576],[130.43808,32.22565],[130.438,32.22553],[130.43794,32.22542],[130.43791,32.22532],[130.43789,32.22523],[130.43787,32.22507],[130.43786,32.22489],[130.43785,32.22457],[130.43784,32.22403],[130.43781,32.22351],[130.4378,32.22332],[130.43782,32.22301],[130.43783,32.22275],[130.43788,32.22237],[130.43807,32.22143],[130.4382,32.22079],[130.43827,32.22045],[130.43834,32.22012],[130.43835,32.21992],[130.43835,32.2198],[130.43832,32.21961],[130.43823,32.2193],[130.43786,32.21816],[130.43776,32.21787],[130.43771,32.21773],[130.43757,32.21734],[130.43722,32.21629],[130.43718,32.2162],[130.43715,32.21613],[130.43712,32.21607],[130.43708,32.21601],[130.43704,32.21595],[130.43699,32.21589],[130.43694,32.21583],[130.43688,32.21578],[130.43681,32.21573],[130.43662,32.2156],[130.43596,32.21517],[130.43514,32.21465],[130.43502,32.21459],[130.4349,32.21453],[130.4348,32.21448],[130.43468,32.21443],[130.43458,32.21439],[130.43449,32.21436],[130.43439,32.21433],[130.43302,32.21398],[130.4327,32.21389],[130.43255,32.21385],[130.43244,32.21381],[130.43233,32.21377],[130.43222,32.21372],[130.43212,32.21368],[130.43204,32.21363],[130.43197,32.21359],[130.43189,32.21355],[130.43183,32.2135],[130.43175,32.21344],[130.4317,32.21338],[130.43135,32.21303],[130.43089,32.2126],[130.43023,32.21208],[130.4301,32.21199],[130.42998,32.2119],[130.42985,32.21182],[130.42974,32.21175],[130.42964,32.2117],[130.42953,32.21165],[130.42788,32.21093],[130.42704,32.21057],[130.42625,32.21025],[130.42593,32.21012],[130.4258,32.21007],[130.42564,32.21001],[130.42548,32.20996],[130.42515,32.20985],[130.42478,32.20975],[130.42446,32.20968],[130.42428,32.20964],[130.42409,32.2096],[130.42393,32.20958],[130.42378,32.20956],[130.42363,32.20955],[130.42333,32.20953],[130.4224,32.2095],[130.42222,32.2095],[130.42206,32.2095],[130.4219,32.20951],[130.42118,32.20957],[130.42105,32.20954],[130.42066,32.20958],[130.4202,32.20963],[130.41962,32.2097],[130.41954,32.20971],[130.41932,32.20974],[130.419,32.20978],[130.41881,32.20979],[130.41866,32.20979],[130.4185,32.20979],[130.41829,32.20978],[130.41797,32.20979],[130.41765,32.20975],[130.41751,32.20974],[130.41738,32.20973],[130.41727,32.20973],[130.41716,32.20973],[130.41706,32.20974],[130.41697,32.20975],[130.41686,32.20978],[130.41676,32.2098],[130.41631,32.20992],[130.41528,32.21024],[130.41518,32.21026],[130.41508,32.21028],[130.415,32.2103],[130.41489,32.21031],[130.41478,32.21031],[130.41466,32.21031],[130.41455,32.2103],[130.41443,32.2103],[130.4141,32.21025],[130.4134,32.21017],[130.41327,32.21016],[130.41313,32.21016],[130.41297,32.21016],[130.41282,32.21017],[130.41268,32.2102],[130.41255,32.21023],[130.41243,32.21026],[130.41231,32.2103],[130.41216,32.21035],[130.41206,32.2104],[130.41176,32.21055],[130.41131,32.21078],[130.41054,32.21117],[130.41042,32.21122],[130.4103,32.21128],[130.41017,32.21132],[130.41003,32.21135],[130.40989,32.21138],[130.40976,32.2114],[130.40961,32.21142],[130.40949,32.21142],[130.40936,32.21142],[130.40925,32.21142],[130.4091,32.21141],[130.40895,32.21139],[130.4088,32.21137],[130.40839,32.21129],[130.40806,32.21122],[130.40799,32.21121],[130.40712,32.21108],[130.40695,32.21106],[130.40603,32.21096],[130.40547,32.21087],[130.40469,32.2107],[130.40409,32.21058],[130.40262,32.21027],[130.40247,32.21023],[130.40215,32.21012],[130.40145,32.2099],[130.40137,32.20987],[130.40131,32.20985],[130.40124,32.20981],[130.40065,32.20941],[130.39945,32.20857],[130.39882,32.20812],[130.39789,32.20747],[130.39742,32.20715],[130.39649,32.2065],[130.39606,32.20619],[130.39497,32.20543],[130.39223,32.20352],[130.39148,32.203],[130.39044,32.20227],[130.38959,32.20168],[130.389,32.20125],[130.38878,32.2011],[130.38833,32.20078],[130.388,32.20054],[130.3878,32.20039],[130.38757,32.20023],[130.38671,32.19959],[130.38635,32.19937],[130.38615,32.19927],[130.386,32.1992],[130.38583,32.19915],[130.38512,32.19898],[130.3844,32.19884],[130.38395,32.19876],[130.38341,32.19863],[130.38307,32.19854],[130.38262,32.19837],[130.38253,32.19833],[130.38241,32.19827],[130.38231,32.19821],[130.38221,32.19814],[130.38211,32.19806],[130.38201,32.19797],[130.38192,32.1979],[130.38184,32.1978],[130.38177,32.19771],[130.3817,32.19761],[130.38164,32.19752],[130.3816,32.19743],[130.38155,32.19732],[130.3815,32.19722],[130.38147,32.19711],[130.3814,32.19688],[130.38108,32.19559],[130.381,32.19528],[130.38098,32.19519],[130.38097,32.19512],[130.38096,32.19503],[130.38095,32.19493],[130.38095,32.19483],[130.38096,32.19475],[130.38097,32.19467],[130.38099,32.19458],[130.38106,32.19425],[130.38123,32.19342],[130.38125,32.1933],[130.38126,32.19321],[130.38128,32.19311],[130.38128,32.19305],[130.38129,32.19296],[130.38127,32.1926],[130.38127,32.1925],[130.38127,32.19242],[130.38125,32.19233],[130.38123,32.19223],[130.38118,32.19212],[130.38114,32.19201],[130.3811,32.1919],[130.38105,32.1918],[130.381,32.19172],[130.38095,32.19163],[130.38089,32.19155],[130.38023,32.19066],[130.37963,32.18989],[130.37959,32.18984],[130.37955,32.18977],[130.3795,32.1897],[130.37946,32.18962],[130.37942,32.18954],[130.37939,32.18945],[130.37936,32.18936],[130.37934,32.18927],[130.37933,32.18917],[130.37933,32.18908],[130.37934,32.18899],[130.37935,32.1889],[130.37937,32.18882],[130.37939,32.18875],[130.37942,32.18868],[130.37946,32.18861],[130.38011,32.18771],[130.38031,32.18743],[130.38038,32.18734],[130.38043,32.18727],[130.38049,32.1872],[130.38058,32.18712],[130.38105,32.18666],[130.38111,32.18661],[130.38116,32.18656],[130.38121,32.18651],[130.38126,32.18645],[130.38131,32.18637],[130.38135,32.1863],[130.38139,32.18623],[130.38142,32.18616],[130.38143,32.18609],[130.38144,32.18601],[130.38145,32.18593],[130.38145,32.18566],[130.38079,32.1848],[130.38065,32.18462],[130.37966,32.18337],[130.37865,32.18207],[130.37862,32.18201],[130.37859,32.18196],[130.37856,32.18191],[130.37854,32.18186],[130.37852,32.1818],[130.37852,32.18175],[130.37851,32.18169],[130.37851,32.18162],[130.37852,32.18153],[130.37854,32.18143],[130.37856,32.18134],[130.37859,32.18126],[130.37862,32.18119],[130.37867,32.18112],[130.37872,32.18104],[130.37878,32.18098],[130.37885,32.18093],[130.37893,32.18088],[130.37902,32.18082],[130.3791,32.18078],[130.37919,32.18075],[130.37927,32.18073],[130.37935,32.18071],[130.37945,32.1807],[130.37954,32.18069],[130.37963,32.18069],[130.37972,32.1807],[130.37996,32.18073],[130.38004,32.18074],[130.38015,32.18075],[130.38086,32.18083],[130.3814,32.18089],[130.38156,32.18089],[130.38172,32.18088],[130.38189,32.18084],[130.38205,32.18078],[130.3822,32.1807],[130.38233,32.18061],[130.38247,32.18048],[130.38253,32.18038],[130.38261,32.18025],[130.38266,32.18014],[130.38273,32.17996],[130.38299,32.17926],[130.38331,32.17853],[130.38381,32.17723],[130.38384,32.17714],[130.38385,32.17709],[130.38386,32.17704],[130.38386,32.17698],[130.38386,32.17693],[130.38385,32.17688],[130.38383,32.17682],[130.38381,32.17676],[130.38346,32.17602],[130.38319,32.17552],[130.38293,32.17496],[130.38273,32.17455],[130.3824,32.17397],[130.38236,32.1739],[130.38231,32.17383],[130.38226,32.17376],[130.38211,32.17357],[130.3815,32.17279],[130.38142,32.17267],[130.38136,32.1726],[130.38132,32.17253],[130.38127,32.17244],[130.38122,32.17235],[130.38118,32.17227],[130.38115,32.17219],[130.38113,32.17213],[130.38111,32.17205],[130.38089,32.1713],[130.38081,32.17108],[130.38079,32.17103],[130.38076,32.17097],[130.38073,32.1709],[130.38068,32.17085],[130.38063,32.17078],[130.38056,32.1707],[130.38044,32.17057],[130.37999,32.17009],[130.37838,32.16839],[130.37817,32.16818],[130.37772,32.16777],[130.37705,32.16723],[130.3764,32.16667],[130.37627,32.16652],[130.37623,32.16648],[130.3762,32.16643],[130.37588,32.16597],[130.37548,32.16536],[130.37543,32.16528],[130.37539,32.1652],[130.37535,32.16511],[130.37531,32.165],[130.37529,32.16493],[130.37528,32.16485],[130.37529,32.16475],[130.3753,32.16464],[130.37539,32.16397],[130.3754,32.16388],[130.37541,32.16377],[130.37541,32.1637],[130.3754,32.16363],[130.37537,32.16355],[130.37535,32.16348],[130.37532,32.16341],[130.37528,32.16333],[130.37524,32.16326],[130.37518,32.16319],[130.37512,32.16313],[130.375,32.16303],[130.3747,32.16277],[130.37425,32.1624],[130.37418,32.16235],[130.3741,32.16229],[130.37403,32.16225],[130.37395,32.16221],[130.37387,32.16218],[130.37377,32.16215],[130.37367,32.16213],[130.37356,32.16211],[130.37344,32.16209],[130.37334,32.16209],[130.37321,32.16209],[130.37272,32.16213],[130.37176,32.16223],[130.37112,32.1623],[130.371,32.16232],[130.37075,32.16235],[130.36956,32.16249],[130.36931,32.16251],[130.36917,32.16252],[130.36902,32.16252],[130.3689,32.16251],[130.36876,32.16249],[130.36861,32.16246],[130.36847,32.16242],[130.36833,32.16238],[130.3682,32.16233],[130.36808,32.16228],[130.36793,32.1622],[130.36782,32.16213],[130.36771,32.16205],[130.36756,32.16193],[130.36742,32.16181],[130.3671,32.16148],[130.36694,32.16131],[130.36636,32.16071],[130.36586,32.16018],[130.3656,32.15993],[130.36493,32.15924],[130.36479,32.15909],[130.36468,32.15897],[130.36441,32.15869],[130.36423,32.15846],[130.36418,32.15837],[130.36405,32.15808],[130.36393,32.15775],[130.36384,32.1575],[130.3637,32.15713],[130.36353,32.15665],[130.36349,32.15655],[130.36344,32.15639],[130.36341,32.15625],[130.3634,32.15609],[130.3634,32.15594],[130.36343,32.15581],[130.36349,32.15568],[130.36356,32.15557],[130.36362,32.15548],[130.36399,32.15505],[130.36419,32.15482],[130.36432,32.15464],[130.36438,32.15453],[130.36444,32.15437],[130.36448,32.15422],[130.3645,32.15415],[130.36451,32.15396],[130.36455,32.15374],[130.36457,32.15364],[130.3646,32.1534],[130.36461,32.1533],[130.36462,32.15313],[130.36462,32.153],[130.36462,32.15289],[130.3646,32.15279],[130.36457,32.15269],[130.3645,32.15242],[130.36421,32.15156],[130.36403,32.15107],[130.36387,32.1505],[130.36379,32.15029],[130.36375,32.1502],[130.36371,32.15011],[130.36363,32.14998],[130.36355,32.14988],[130.36342,32.14977],[130.36328,32.14966],[130.36312,32.14957],[130.36291,32.14948],[130.36266,32.1494],[130.3621,32.14925],[130.36187,32.14918],[130.36177,32.14915],[130.36166,32.14911],[130.36142,32.14901],[130.3611,32.14885],[130.36073,32.14865],[130.36052,32.14855],[130.36033,32.14845],[130.36013,32.14832],[130.35996,32.1482],[130.35971,32.14801],[130.3596,32.1479],[130.35917,32.14741],[130.3589,32.14713],[130.35785,32.14623],[130.35757,32.14598],[130.35733,32.14575],[130.35718,32.14559],[130.35701,32.14539],[130.35681,32.14513],[130.35673,32.14501],[130.35662,32.14482],[130.35648,32.14455],[130.35635,32.14427],[130.35606,32.14365],[130.35599,32.1435],[130.35581,32.14313],[130.35559,32.14266],[130.35543,32.14233],[130.35505,32.14151],[130.35487,32.14114],[130.35303,32.13726],[130.35295,32.13707],[130.35285,32.13683],[130.35277,32.13656],[130.35263,32.13598],[130.35259,32.13583],[130.35255,32.13572],[130.35248,32.13555],[130.3524,32.13542],[130.35213,32.1351],[130.35182,32.13478],[130.35154,32.13448],[130.35118,32.13405],[130.35057,32.13324],[130.35015,32.1327],[130.35002,32.13254],[130.34992,32.13243],[130.34983,32.13233],[130.34966,32.1322],[130.34946,32.13207],[130.34915,32.13189],[130.3475,32.131],[130.34717,32.13082],[130.34698,32.13072],[130.34662,32.13052],[130.34624,32.13032],[130.34605,32.13021],[130.34588,32.1301],[130.34573,32.13],[130.34558,32.12989],[130.34551,32.12983],[130.34532,32.12967],[130.34512,32.1295],[130.3447,32.12904],[130.34429,32.12855],[130.34413,32.12831],[130.34403,32.12813],[130.34393,32.12792],[130.34337,32.12665],[130.34321,32.12629],[130.34272,32.1252],[130.34248,32.12467],[130.3421,32.12382],[130.34187,32.12332],[130.34177,32.12311],[130.3417,32.12297],[130.34165,32.12288],[130.34159,32.12276],[130.34133,32.12239],[130.3411,32.12208],[130.34043,32.12129],[130.34025,32.12105],[130.34017,32.12092],[130.3401,32.1208],[130.34005,32.12069],[130.34,32.12052],[130.33995,32.12032],[130.33995,32.11984],[130.33996,32.11957],[130.33998,32.11916],[130.34,32.11865],[130.34003,32.11802],[130.34003,32.11766],[130.34,32.11737],[130.33997,32.11725],[130.33992,32.1171],[130.33984,32.11693],[130.33972,32.11675],[130.33966,32.11666],[130.33955,32.11653],[130.33943,32.11642],[130.33925,32.11631],[130.33915,32.11624],[130.33903,32.11617],[130.33884,32.11607],[130.33876,32.11602],[130.33869,32.11598],[130.33847,32.11589],[130.33843,32.11587],[130.3381,32.11575],[130.33686,32.11536],[130.33679,32.11537],[130.33673,32.11535],[130.33666,32.11533],[130.33635,32.11521],[130.33616,32.11512],[130.33578,32.11495],[130.33522,32.11465],[130.33369,32.11383],[130.33266,32.11328],[130.3323,32.1131],[130.33152,32.11268],[130.33062,32.11219],[130.3299,32.1118],[130.3298,32.11176],[130.32965,32.11167],[130.32927,32.11148],[130.32868,32.11116],[130.32762,32.11057],[130.32661,32.11005],[130.32537,32.10942],[130.32438,32.10887],[130.32435,32.10886],[130.32418,32.10877],[130.32379,32.10857],[130.32334,32.10833],[130.32271,32.10799],[130.32185,32.10753],[130.32125,32.10722],[130.31994,32.10652],[130.3198,32.10644],[130.31826,32.10562],[130.31731,32.10512],[130.31639,32.10463],[130.31606,32.10446],[130.31522,32.10401],[130.31427,32.10351],[130.31396,32.10334],[130.31329,32.10298],[130.31194,32.10225],[130.31083,32.10167],[130.31067,32.10159],[130.30953,32.10098],[130.30908,32.10074],[130.30846,32.10042],[130.30795,32.10013],[130.3076,32.09996],[130.30735,32.09982],[130.30689,32.09958],[130.30686,32.09956],[130.30561,32.0989],[130.305,32.09856],[130.30482,32.09848],[130.30387,32.09797],[130.30238,32.09717],[130.30176,32.09685],[130.30044,32.09615],[130.29976,32.09579],[130.29937,32.09558],[130.29827,32.095],[130.29661,32.09412],[130.29629,32.09396],[130.29528,32.09343],[130.29472,32.09314],[130.29451,32.09302],[130.29434,32.09292],[130.29321,32.0923],[130.2922,32.09177],[130.29139,32.09134],[130.28975,32.09046],[130.28911,32.09013],[130.28906,32.0901]]}},{"type":"Feature","properties":{"状態":"不明","_color":"#9e9e9e","_weight":3,"_opacity":0.7},"geometry":{"type":"LineString","coordinates":[[130.68107,32.72989],[130.6811,32.7299],[130.68116,32.72982],[130.68068,32.72957],[130.68045,32.72942],[130.68017,32.72924],[130.68002,32.7291],[130.67985,32.72894],[130.67959,32.72865],[130.67952,32.72856],[130.67936,32.72837],[130.67927,32.72826],[130.67919,32.72812],[130.67912,32.728],[130.67905,32.72785],[130.679,32.72771],[130.67896,32.72756],[130.67892,32.72741],[130.67886,32.72724],[130.67867,32.72621],[130.67843,32.72494],[130.67842,32.72488],[130.67838,32.7247],[130.67836,32.72458],[130.67818,32.72343],[130.67808,32.72302],[130.67769,32.72151],[130.67747,32.72063],[130.67746,32.7206],[130.67731,32.72003],[130.67691,32.7184],[130.67683,32.71809],[130.67678,32.71797],[130.67673,32.71777],[130.67663,32.71767],[130.67629,32.71645],[130.67588,32.71487],[130.67592,32.71477],[130.67572,32.71402],[130.67554,32.71334],[130.67529,32.71239],[130.67507,32.71147],[130.67506,32.71144],[130.67497,32.71103],[130.67464,32.70953],[130.67432,32.70803],[130.67425,32.70773],[130.67423,32.7076],[130.67392,32.70615],[130.67384,32.70571],[130.67375,32.70528],[130.67372,32.70514],[130.67343,32.70385],[130.673,32.70177],[130.67282,32.70092],[130.6728,32.70082],[130.67263,32.70002],[130.6726,32.69982],[130.67257,32.6997],[130.67251,32.69939],[130.67237,32.69872],[130.67228,32.69832],[130.67201,32.6969],[130.67159,32.69475],[130.6714,32.69381],[130.67109,32.6923],[130.67094,32.69127],[130.67083,32.6905],[130.6708,32.69016],[130.67078,32.69001],[130.67105,32.68999],[130.67199,32.68993],[130.67252,32.68988],[130.67285,32.68985],[130.67317,32.68982],[130.6732,32.68981],[130.67418,32.6897],[130.6746,32.68965],[130.67576,32.68951],[130.67608,32.68948],[130.67625,32.68945],[130.6764,32.68942],[130.67655,32.6894],[130.67671,32.68936],[130.67687,32.68932],[130.67701,32.68927],[130.67717,32.68922],[130.67732,32.68915],[130.67746,32.68908],[130.67762,32.689],[130.67773,32.68893],[130.67785,32.68885],[130.67795,32.68877],[130.67805,32.6887],[130.67814,32.68862],[130.67825,32.68851],[130.67836,32.6884],[130.67847,32.68828],[130.67877,32.68794],[130.67981,32.68674],[130.68022,32.68625],[130.68056,32.68583],[130.68081,32.68552],[130.68114,32.68509],[130.68135,32.6848],[130.6815,32.68458],[130.68167,32.68429],[130.68195,32.68378],[130.68208,32.68354],[130.6822,32.68328],[130.68237,32.6829],[130.68257,32.68243],[130.68308,32.68118],[130.68347,32.68017],[130.68371,32.67959],[130.68386,32.67923],[130.68389,32.67906],[130.68398,32.67882],[130.68422,32.67821],[130.68445,32.67759],[130.68482,32.6765],[130.68493,32.67625],[130.68496,32.67616],[130.6853,32.67495],[130.68566,32.67365],[130.68599,32.67243],[130.68621,32.67164],[130.68665,32.67005],[130.68695,32.66905],[130.687,32.66888],[130.68746,32.66717],[130.6876,32.66673],[130.68761,32.66668],[130.68762,32.66667],[130.688,32.66539],[130.68823,32.66477],[130.68839,32.6644],[130.68857,32.66403],[130.68867,32.66384],[130.68881,32.6636],[130.6892,32.66302],[130.68937,32.6628],[130.68993,32.66219],[130.69018,32.66195],[130.69041,32.66174],[130.69094,32.66131],[130.69129,32.66107],[130.69159,32.6609],[130.69169,32.66083],[130.69215,32.66058],[130.69252,32.6604],[130.69329,32.66006],[130.69375,32.65985],[130.69399,32.65973],[130.6941,32.65968],[130.6944,32.65954],[130.69472,32.65937],[130.69522,32.65908],[130.69562,32.65882],[130.69615,32.6584],[130.69651,32.65814],[130.69687,32.65783],[130.69722,32.65745],[130.69749,32.65708],[130.698,32.6564],[130.6981,32.65628],[130.69857,32.65542],[130.69872,32.6551],[130.6988,32.65495],[130.69895,32.65462],[130.69909,32.65426],[130.69928,32.6537],[130.69939,32.65335],[130.69948,32.65302],[130.69956,32.65259],[130.69962,32.65224],[130.69968,32.65163],[130.6997,32.65103],[130.69969,32.65084],[130.69967,32.65057],[130.69963,32.65022],[130.69958,32.64988],[130.69946,32.64931],[130.69942,32.64911],[130.69938,32.64895],[130.69936,32.64889],[130.6992,32.64842],[130.699,32.64793],[130.69866,32.64715],[130.69845,32.64669],[130.69827,32.64626],[130.69812,32.64578],[130.69806,32.64558],[130.69798,32.64518],[130.69792,32.64482],[130.69793,32.6443],[130.69794,32.644],[130.69798,32.64376],[130.69802,32.64353],[130.69805,32.64338],[130.69812,32.64314],[130.69825,32.64275],[130.69826,32.64271],[130.69833,32.64252],[130.69842,32.64231],[130.69855,32.642],[130.69871,32.64162],[130.6989,32.64111],[130.69901,32.64079],[130.69915,32.6404],[130.69928,32.64],[130.69935,32.63971],[130.69943,32.6395],[130.69987,32.63804],[130.7002,32.63705],[130.70033,32.63657],[130.70043,32.63631],[130.70064,32.63586],[130.70083,32.63543],[130.70104,32.63493],[130.70117,32.63466],[130.70163,32.6337],[130.70183,32.6332],[130.70211,32.63262],[130.70246,32.63184],[130.70263,32.6314],[130.70296,32.63035],[130.70314,32.6298],[130.70343,32.62888],[130.70355,32.62844],[130.70365,32.62818],[130.70372,32.62803],[130.70377,32.62794],[130.70392,32.62772],[130.70425,32.62726],[130.70461,32.6268],[130.70477,32.62658],[130.70506,32.62619],[130.70513,32.62607],[130.7052,32.62596],[130.70525,32.62585],[130.70527,32.62581],[130.70532,32.62566],[130.70537,32.6255],[130.70541,32.62531],[130.70543,32.6251],[130.70542,32.62482],[130.7054,32.62461],[130.70528,32.62383],[130.70527,32.62378],[130.70521,32.62358],[130.70511,32.62325],[130.70494,32.6227],[130.70468,32.62187],[130.70454,32.62144],[130.70448,32.62124],[130.70445,32.6211],[130.70444,32.62098],[130.7044,32.62033],[130.70437,32.61912],[130.70438,32.6188],[130.7044,32.61803],[130.70443,32.61696],[130.70449,32.61538],[130.70449,32.61519],[130.70453,32.61388],[130.70455,32.6135],[130.70456,32.61299],[130.70457,32.61277],[130.70459,32.61257],[130.7046,32.61246],[130.70461,32.6124],[130.70464,32.61227],[130.7047,32.6121],[130.70481,32.61183],[130.70494,32.61155],[130.70515,32.61112],[130.70527,32.61088],[130.70549,32.61043],[130.70552,32.61033],[130.70553,32.61025],[130.70556,32.61002],[130.70558,32.60979],[130.70558,32.60957],[130.70555,32.6094],[130.70553,32.60925],[130.70548,32.60906],[130.70545,32.60899],[130.7054,32.60888],[130.70536,32.6088],[130.70529,32.60865],[130.70519,32.60845],[130.70512,32.60832],[130.70497,32.6081],[130.70469,32.60768],[130.70445,32.60735],[130.70406,32.60678],[130.70345,32.60586],[130.70337,32.60574],[130.70311,32.60536],[130.70289,32.60503],[130.70282,32.60492],[130.70262,32.60461],[130.70249,32.60441],[130.70241,32.60426],[130.70234,32.6041],[130.70226,32.6039],[130.7022,32.60359],[130.70218,32.60343],[130.70218,32.6033],[130.7022,32.60279],[130.70222,32.60215],[130.7023,32.60042],[130.70234,32.59958],[130.70238,32.59913],[130.70241,32.59856],[130.70243,32.59816],[130.70245,32.59729],[130.70247,32.59659],[130.70249,32.59587],[130.70254,32.59496],[130.70256,32.59474],[130.70258,32.59406],[130.70259,32.59355],[130.70264,32.59253],[130.70265,32.59235],[130.70265,32.59217],[130.7027,32.59109],[130.70274,32.59027],[130.70278,32.58966],[130.70277,32.58905],[130.70275,32.58888],[130.7027,32.5887],[130.70263,32.58856],[130.70255,32.58842],[130.70247,32.5883],[130.70229,32.58801],[130.70192,32.58745],[130.70188,32.58737],[130.7016,32.58694],[130.70154,32.58685],[130.70146,32.58673],[130.70138,32.5866],[130.70123,32.58634],[130.70112,32.58614],[130.701,32.58588],[130.7009,32.58568],[130.70073,32.58538],[130.70048,32.58498],[130.70017,32.58448],[130.69971,32.58376],[130.69944,32.58333],[130.6994,32.58328],[130.69896,32.58258],[130.69847,32.58182],[130.69831,32.58158],[130.69774,32.58068],[130.69773,32.58066],[130.69731,32.58001],[130.697,32.57953],[130.69658,32.57887],[130.69612,32.57819],[130.69587,32.57782]]}},{"type":"Feature","properties":{"状態":"不明","_color":"#9e9e9e","_weight":3,"_opacity":0.7},"geometry":{"type":"LineString","coordinates":[[130.68154,32.55717],[130.68151,32.55713],[130.6813,32.55681],[130.68115,32.55656],[130.68087,32.55584],[130.68075,32.55552],[130.68056,32.55502],[130.68025,32.55422],[130.67996,32.55345],[130.67991,32.55333],[130.67965,32.55264],[130.67932,32.55175],[130.67905,32.55108],[130.67892,32.55071],[130.67867,32.55007],[130.67863,32.54993],[130.67856,32.54973],[130.67828,32.549],[130.67812,32.54861],[130.67779,32.54772],[130.67766,32.5474],[130.67747,32.54683],[130.67744,32.54676],[130.67737,32.54659],[130.67718,32.54625],[130.67704,32.54605],[130.67695,32.54589],[130.67655,32.54539],[130.67613,32.54492],[130.676,32.54471],[130.67565,32.54428],[130.67553,32.54413],[130.6754,32.54396],[130.67478,32.54319],[130.67404,32.54228],[130.67337,32.54145],[130.67328,32.54134],[130.67259,32.54047],[130.67185,32.53957],[130.67128,32.53885],[130.67064,32.53805],[130.67052,32.53791],[130.67028,32.53761],[130.6701,32.53741],[130.67003,32.53733],[130.66994,32.53723],[130.66984,32.53713],[130.6697,32.537],[130.66937,32.53668],[130.66905,32.53638],[130.66875,32.5361],[130.66847,32.53583],[130.66768,32.53509],[130.66745,32.53487],[130.66688,32.53433],[130.66633,32.53382],[130.66592,32.53343],[130.66565,32.53317],[130.66545,32.53298],[130.66386,32.5315],[130.66313,32.53081],[130.66278,32.53048],[130.66216,32.52989],[130.66198,32.52971],[130.66192,32.52964],[130.66186,32.52956],[130.6618,32.52949],[130.66176,32.52943],[130.66171,32.52936],[130.66167,32.52928],[130.6616,32.52918],[130.66152,32.52901],[130.66142,32.52883],[130.66119,32.52839],[130.66073,32.5275],[130.65974,32.52559],[130.65934,32.52484],[130.65884,32.52389],[130.65791,32.52208],[130.65788,32.52201],[130.65785,32.52196],[130.65781,32.52188],[130.65765,32.52157],[130.65763,32.52153],[130.65758,32.52145],[130.65699,32.52032],[130.65607,32.51854],[130.65551,32.51746],[130.65513,32.51677],[130.65488,32.51625],[130.65424,32.51502],[130.654,32.51453],[130.65375,32.51405],[130.65365,32.51387],[130.65362,32.51381],[130.65356,32.51371],[130.65337,32.51341],[130.65329,32.5133],[130.65323,32.5132],[130.65316,32.5131],[130.65307,32.51298],[130.65292,32.51278],[130.65284,32.51263],[130.65269,32.51237],[130.65259,32.51219],[130.65248,32.51203],[130.65216,32.51159],[130.65153,32.51079],[130.65139,32.51062],[130.65079,32.50981],[130.65024,32.50908],[130.65015,32.50895],[130.64993,32.50864],[130.6498,32.50845],[130.64963,32.50825],[130.64925,32.50775],[130.64913,32.50763],[130.64898,32.50747],[130.64866,32.50717],[130.64809,32.50667],[130.64729,32.50594],[130.64673,32.50545],[130.64658,32.50533],[130.64638,32.50518],[130.64623,32.50508],[130.64605,32.50497],[130.64593,32.50489],[130.64573,32.50478],[130.64559,32.5047],[130.64539,32.5046],[130.64517,32.50452],[130.64494,32.50443],[130.64462,32.50433],[130.6431,32.50386],[130.64162,32.5034],[130.64112,32.50325],[130.64007,32.50292],[130.63845,32.50241],[130.6384,32.5024],[130.63819,32.50234],[130.63581,32.50161],[130.63556,32.50154],[130.63536,32.50149],[130.63521,32.50146],[130.63508,32.50144],[130.63496,32.50142],[130.63479,32.50142],[130.63457,32.50142],[130.63421,32.50144],[130.63373,32.50147],[130.63339,32.50149],[130.63295,32.50152],[130.6323,32.50155],[130.63153,32.50161],[130.63039,32.50167],[130.63018,32.50167],[130.63004,32.50166],[130.62991,32.50165],[130.62979,32.50162],[130.62967,32.5016],[130.62955,32.50156],[130.6294,32.50151],[130.62924,32.50146],[130.62867,32.50125],[130.62793,32.50097],[130.62747,32.50082],[130.62736,32.50079],[130.62726,32.50077],[130.62713,32.50075],[130.62695,32.50074],[130.62678,32.50075],[130.62668,32.50075],[130.62657,32.50077],[130.62647,32.50079],[130.62632,32.50083],[130.62605,32.5009],[130.625,32.50121],[130.62495,32.50122],[130.6246,32.50135],[130.62443,32.50139],[130.6243,32.50146],[130.62412,32.50149],[130.62388,32.50153],[130.62357,32.50157],[130.62332,32.5016],[130.6229,32.50165],[130.62268,32.50166],[130.62171,32.50174],[130.62137,32.50176],[130.62063,32.50182],[130.62041,32.50184],[130.6203,32.50185],[130.6201,32.50187],[130.61998,32.50188],[130.61962,32.50192],[130.61947,32.50195],[130.61918,32.50199],[130.61851,32.50211],[130.6168,32.50239],[130.61509,32.50268],[130.6143,32.5028],[130.6135,32.50294],[130.61195,32.50319],[130.61135,32.50329],[130.61123,32.50275],[130.611,32.50182],[130.61081,32.50091],[130.61076,32.50068],[130.61063,32.50009],[130.61061,32.5],[130.6103,32.49867],[130.61029,32.4986],[130.61026,32.49848],[130.61022,32.49827],[130.6101,32.4978],[130.61,32.4973],[130.60995,32.49712],[130.60993,32.49698],[130.60991,32.49689],[130.6099,32.49678],[130.60989,32.49667],[130.60988,32.49655],[130.60987,32.49643],[130.60987,32.49641],[130.60986,32.49615],[130.6098,32.49406],[130.60979,32.49398],[130.60977,32.49322],[130.60975,32.49294],[130.60973,32.49274],[130.60972,32.49266],[130.6097,32.49256],[130.60966,32.49245],[130.60962,32.49235],[130.60958,32.49226],[130.60952,32.49217],[130.60947,32.49208],[130.60941,32.492],[130.60935,32.49193],[130.60927,32.49185],[130.60913,32.49171],[130.60872,32.49138],[130.60805,32.49082],[130.60782,32.49061],[130.6077,32.4905],[130.60762,32.49041],[130.60754,32.49032],[130.60746,32.49022],[130.60736,32.49007],[130.60729,32.48995],[130.60724,32.48984],[130.60718,32.48973],[130.60714,32.48963],[130.60711,32.48953],[130.60707,32.48942],[130.60704,32.48929],[130.60702,32.48918],[130.607,32.48901],[130.60699,32.48888],[130.60699,32.48868],[130.607,32.48851],[130.60702,32.48836],[130.60706,32.48804],[130.60721,32.48721],[130.6073,32.48667],[130.60737,32.48624],[130.6075,32.48565],[130.60783,32.4843],[130.60805,32.48349],[130.60821,32.48287],[130.60829,32.48255],[130.60843,32.48205],[130.60854,32.48163],[130.60869,32.48109],[130.60888,32.48053],[130.609,32.4802],[130.60915,32.47978],[130.60938,32.47918],[130.60968,32.47841],[130.61007,32.4773],[130.6103,32.47673],[130.61047,32.47629],[130.61051,32.47616],[130.61054,32.47605],[130.61057,32.47593],[130.61059,32.47583],[130.61061,32.47564],[130.61062,32.47544],[130.61062,32.47529],[130.61062,32.47518],[130.61059,32.47499],[130.61056,32.47485],[130.61053,32.47474],[130.6105,32.47463],[130.61045,32.47451],[130.6104,32.4744],[130.61034,32.47429],[130.61028,32.47418],[130.61023,32.47408],[130.61012,32.47392],[130.61001,32.47377],[130.60927,32.47282],[130.60814,32.47128],[130.60728,32.47015],[130.60718,32.47],[130.60641,32.46898],[130.60572,32.46806],[130.60495,32.46702],[130.6045,32.46643],[130.60415,32.46594],[130.60402,32.46575],[130.60396,32.46566],[130.60366,32.46515],[130.60331,32.46447],[130.60292,32.4637],[130.6022,32.46224],[130.60164,32.46115],[130.60159,32.46106],[130.60147,32.46082],[130.60143,32.46072],[130.60116,32.4602],[130.60065,32.45908],[130.60005,32.45789],[130.59998,32.45774],[130.5997,32.4572],[130.59956,32.45694],[130.59952,32.45686],[130.59948,32.45679],[130.59942,32.45671],[130.59935,32.45661],[130.59925,32.4565],[130.59917,32.45642],[130.5991,32.45634],[130.599,32.45625],[130.5989,32.45616],[130.59876,32.45606],[130.59867,32.456],[130.59857,32.45593],[130.59848,32.45588],[130.59836,32.4558],[130.59823,32.45573],[130.59804,32.45564],[130.59778,32.45552],[130.59721,32.45528],[130.59658,32.45501],[130.59578,32.45469],[130.5956,32.45461],[130.5955,32.45456],[130.59543,32.45452],[130.59535,32.45448],[130.59526,32.45443],[130.59518,32.45437],[130.59512,32.45432],[130.59505,32.45428],[130.59498,32.45421],[130.59457,32.45388],[130.59416,32.45352],[130.59385,32.45325],[130.59334,32.45281],[130.59277,32.45235],[130.59268,32.45226],[130.59262,32.45221],[130.59257,32.45216],[130.59252,32.4521],[130.59247,32.45203],[130.59242,32.45196],[130.59237,32.45186],[130.59232,32.45178],[130.59228,32.45169],[130.59224,32.4516],[130.59206,32.45122],[130.59187,32.45079],[130.59178,32.45058],[130.59174,32.45048],[130.5917,32.4504],[130.59164,32.45032],[130.59158,32.45023],[130.59152,32.45015],[130.59143,32.45005],[130.59134,32.44997],[130.59117,32.44982],[130.59068,32.44946],[130.58948,32.44857],[130.58843,32.4478],[130.58813,32.44758],[130.58792,32.44742],[130.58772,32.44726],[130.58755,32.44712],[130.58744,32.44702],[130.58735,32.44694],[130.58726,32.44685],[130.58719,32.44678],[130.58711,32.44667],[130.58707,32.44662],[130.58701,32.44653],[130.58697,32.44646],[130.58695,32.4464],[130.58692,32.44633],[130.5869,32.44627],[130.58687,32.4462],[130.58685,32.44612],[130.58656,32.44465],[130.58623,32.44295],[130.58603,32.44197],[130.58595,32.44162],[130.58582,32.44095],[130.58571,32.4405],[130.58565,32.4402],[130.58562,32.44009],[130.5856,32.44002],[130.58557,32.43995],[130.58553,32.43987],[130.58548,32.43978],[130.5853,32.43952],[130.58519,32.43936],[130.5851,32.43925],[130.58503,32.43917],[130.58494,32.43907],[130.58486,32.43899],[130.58477,32.43891],[130.58463,32.43881],[130.58442,32.43865],[130.58391,32.43827],[130.58218,32.43707],[130.58171,32.43674],[130.58157,32.43664],[130.58144,32.43655],[130.58132,32.43646],[130.58115,32.43633],[130.58079,32.43609],[130.58067,32.43602],[130.5806,32.43598],[130.5805,32.43594],[130.58036,32.43588],[130.58018,32.43582],[130.57919,32.43546],[130.57905,32.43542],[130.57773,32.43496],[130.57721,32.43478],[130.57683,32.43465],[130.5755,32.43418],[130.57487,32.43397],[130.57453,32.43382],[130.57442,32.43377],[130.57435,32.43374],[130.57427,32.4337],[130.57385,32.43347],[130.57312,32.43308],[130.57269,32.43284],[130.57239,32.43268],[130.57231,32.43264],[130.57224,32.4326],[130.57217,32.43255],[130.57211,32.43249],[130.57206,32.43243],[130.57202,32.43238],[130.57196,32.4323],[130.57174,32.43196],[130.57137,32.43142],[130.57121,32.4312],[130.57111,32.43111],[130.57099,32.431],[130.57091,32.43094],[130.57069,32.43079],[130.57063,32.43076],[130.57057,32.43074],[130.57048,32.43072],[130.57016,32.43069],[130.56968,32.43066],[130.56953,32.43067]]}},{"type":"Feature","properties":{"状態":"不明","_color":"#9e9e9e","_weight":3,"_opacity":0.7},"geometry":{"type":"LineString","coordinates":[[130.28895,32.09004],[130.2877,32.08937],[130.28642,32.08874],[130.28502,32.08795],[130.28417,32.08748],[130.28351,32.08713],[130.28317,32.08696],[130.28306,32.0869],[130.28281,32.08677],[130.2823,32.08649],[130.28157,32.0861],[130.28138,32.08601],[130.28062,32.0856],[130.27951,32.08501],[130.2793,32.08489],[130.27888,32.08467],[130.27755,32.08396],[130.27642,32.08339],[130.27633,32.08333],[130.27566,32.08295],[130.27526,32.08274],[130.27505,32.08265],[130.27476,32.08255],[130.27438,32.08245],[130.27363,32.08222],[130.27338,32.08215],[130.27291,32.08201],[130.27235,32.08185],[130.27139,32.08158],[130.27007,32.08118],[130.26918,32.08093],[130.26845,32.08071],[130.26736,32.08038],[130.26622,32.08005],[130.26538,32.0798],[130.26497,32.07969],[130.26381,32.07935],[130.2615,32.07867],[130.26092,32.07851],[130.26055,32.0784],[130.25987,32.0782],[130.25917,32.078],[130.25872,32.07787],[130.25762,32.07754],[130.25665,32.07726],[130.25602,32.07707],[130.25476,32.07671],[130.25407,32.0765],[130.25367,32.07637],[130.25348,32.0763],[130.25328,32.07621],[130.25305,32.07608],[130.25283,32.07595],[130.2523,32.0756],[130.25218,32.07552],[130.25201,32.07543],[130.25152,32.07515],[130.25097,32.07485],[130.25,32.07432],[130.24981,32.07421],[130.24946,32.07402],[130.24878,32.07365],[130.24835,32.07343],[130.24773,32.07308],[130.24765,32.07304],[130.24694,32.07261],[130.24623,32.07216],[130.24587,32.07192],[130.24505,32.07142],[130.24476,32.07125],[130.24462,32.07117],[130.24403,32.07085],[130.2438,32.07075],[130.24337,32.07055],[130.24298,32.07037],[130.24277,32.07028],[130.2423,32.07008],[130.242,32.06993],[130.241,32.06938],[130.24042,32.06907],[130.23982,32.06874],[130.23902,32.0683],[130.23853,32.06804],[130.23749,32.06747],[130.23717,32.0673],[130.23609,32.06671],[130.2347,32.06595],[130.2332,32.06514],[130.23273,32.06488],[130.23157,32.06424],[130.23117,32.06402],[130.23091,32.0639],[130.23076,32.06384],[130.23061,32.06379],[130.23031,32.0637],[130.2299,32.0636],[130.22935,32.06345],[130.2292,32.0634],[130.22911,32.06337],[130.22891,32.06327],[130.22814,32.06282],[130.22787,32.06266],[130.22654,32.0619],[130.22573,32.06139],[130.22553,32.06127],[130.22534,32.06116],[130.2248,32.06085],[130.22428,32.06058],[130.22407,32.06046],[130.22353,32.06019],[130.22285,32.05985],[130.22273,32.05974],[130.22262,32.0596],[130.22256,32.0595],[130.2225,32.05937],[130.22247,32.05925],[130.22242,32.05892],[130.22236,32.05863],[130.22231,32.05842],[130.22225,32.05825],[130.22223,32.05817],[130.22216,32.05797],[130.22202,32.0576],[130.22178,32.05686],[130.22168,32.05656],[130.2216,32.05638],[130.22146,32.05601],[130.22133,32.05564],[130.22129,32.05546],[130.22122,32.05497],[130.22119,32.0547],[130.22117,32.05435],[130.22117,32.0538],[130.22118,32.0533],[130.22119,32.05288],[130.22118,32.0527],[130.22115,32.05251],[130.22111,32.05235],[130.22097,32.05188],[130.22091,32.05162],[130.22088,32.05139],[130.22084,32.05104],[130.2208,32.0505],[130.22076,32.05],[130.22072,32.04965],[130.22071,32.04949],[130.22067,32.04916],[130.22064,32.049],[130.22061,32.0489],[130.22053,32.04874],[130.22049,32.04865],[130.22042,32.04855],[130.22037,32.04848],[130.22028,32.04837],[130.21907,32.0473],[130.21879,32.04706],[130.21862,32.04693],[130.21847,32.04684],[130.21829,32.04673],[130.21801,32.04659],[130.2175,32.04636],[130.21744,32.04633],[130.21707,32.04615],[130.21684,32.04603],[130.21672,32.04596],[130.21665,32.04591],[130.21656,32.04584],[130.21648,32.04575],[130.21635,32.04559],[130.2163,32.04548],[130.21624,32.04533],[130.21621,32.04522],[130.21619,32.04503],[130.21617,32.04438],[130.21617,32.0443],[130.21617,32.0422],[130.21617,32.04175],[130.21616,32.04098],[130.21615,32.04075],[130.21614,32.04064],[130.21613,32.04053],[130.21607,32.04036],[130.21599,32.04014],[130.21592,32.03998],[130.21583,32.03984],[130.21574,32.03973],[130.2156,32.0396],[130.21547,32.03949],[130.21532,32.03938],[130.21515,32.03929],[130.21501,32.03921],[130.21475,32.03909]]}},{"type":"Feature","properties":{"路線名":"南九州自動車道","道路種別":"高速道路","状態":"全面通行止め","規制理由":"地震","区間":"八代JCT → 日奈久IC","_color":"#e60012","_weight":5,"_opacity":1},"geometry":{"type":"LineString","coordinates":[[130.64642,32.50549],[130.64643,32.50534],[130.64644,32.50513],[130.64649,32.50482],[130.64656,32.50426],[130.64658,32.50404],[130.64656,32.50383],[130.64654,32.5037],[130.64651,32.5036],[130.64642,32.5034],[130.64637,32.5033],[130.64624,32.5031],[130.6459,32.50274],[130.64575,32.50258],[130.64556,32.50239],[130.64541,32.50222],[130.64529,32.50207],[130.64518,32.50193],[130.64503,32.50169],[130.64496,32.50155],[130.64486,32.50137],[130.6448,32.5012],[130.6447,32.50095],[130.64468,32.50087],[130.64462,32.50064],[130.6446,32.50052],[130.64458,32.5004],[130.64456,32.50024],[130.64455,32.5],[130.64466,32.4995],[130.64473,32.499],[130.64482,32.49855],[130.64485,32.49818],[130.64483,32.49723],[130.64469,32.49638],[130.64458,32.49586],[130.64435,32.49506],[130.64397,32.49416],[130.6437,32.49365],[130.64364,32.49352],[130.64341,32.49315],[130.64317,32.49281],[130.64278,32.49228],[130.64246,32.49191],[130.64218,32.49162],[130.64169,32.49117],[130.64132,32.49084],[130.64065,32.49033],[130.6402,32.49003],[130.63973,32.48978],[130.639,32.48943],[130.63833,32.48914],[130.63677,32.48854],[130.63553,32.48806],[130.63543,32.48803],[130.6345,32.48768],[130.63442,32.48765],[130.63297,32.48713],[130.63258,32.487],[130.63148,32.48663],[130.62901,32.48579],[130.62755,32.48528],[130.62713,32.48511],[130.62687,32.485],[130.62658,32.48488],[130.62588,32.48456],[130.62558,32.4844],[130.62513,32.48414],[130.625,32.48406],[130.6249,32.48399],[130.62461,32.48383],[130.62428,32.48362],[130.62406,32.48347],[130.62393,32.48339],[130.62375,32.48325],[130.6235,32.48306],[130.62322,32.48283],[130.62291,32.48259],[130.62268,32.4824],[130.6222,32.48198],[130.62167,32.48153],[130.62127,32.48117],[130.62092,32.48085],[130.62056,32.48054],[130.62028,32.48032],[130.62001,32.4801],[130.6197,32.47985],[130.61934,32.47957],[130.61863,32.47908],[130.61781,32.47855],[130.61732,32.47824],[130.61671,32.47785],[130.61626,32.47755],[130.6156,32.47711],[130.61533,32.47695],[130.61512,32.47682],[130.61483,32.47661],[130.61453,32.47638],[130.61425,32.47617],[130.614,32.476],[130.61384,32.47587],[130.61369,32.47575],[130.61355,32.47563],[130.61344,32.47552],[130.6131,32.4752],[130.61288,32.47499],[130.61274,32.47485],[130.6126,32.4747],[130.61246,32.47454],[130.61232,32.47438],[130.6122,32.47422],[130.612,32.47398],[130.61173,32.47363],[130.6115,32.47333],[130.6113,32.47308],[130.61122,32.47298],[130.61119,32.47293],[130.61097,32.47263],[130.61065,32.47222],[130.61046,32.47198],[130.61018,32.4716],[130.61005,32.47142],[130.60997,32.47133],[130.60993,32.47127],[130.60974,32.47101],[130.60948,32.47068],[130.60908,32.47019],[130.60804,32.46885],[130.6078,32.46851],[130.60769,32.46835],[130.60753,32.46814],[130.60737,32.46795],[130.60725,32.4678],[130.60716,32.4677],[130.60707,32.46761],[130.60689,32.46743],[130.60673,32.46728],[130.60648,32.46706],[130.60632,32.46692],[130.60615,32.46679],[130.60599,32.46667],[130.6058,32.46654],[130.60538,32.46628],[130.60498,32.46604],[130.60435,32.46568],[130.60421,32.46561],[130.60335,32.46514],[130.60293,32.46491],[130.60216,32.46448],[130.60056,32.46357],[130.60009,32.4633],[130.59905,32.46272],[130.59807,32.46219],[130.59775,32.46201],[130.59736,32.4618],[130.59643,32.46127],[130.59564,32.46083],[130.5927,32.4592],[130.59194,32.45878],[130.59139,32.45847],[130.59107,32.45829],[130.59094,32.45822],[130.59041,32.45792],[130.59003,32.45769],[130.58959,32.4574],[130.58941,32.45729],[130.58924,32.45715],[130.58899,32.45696],[130.58877,32.45678],[130.5886,32.45663],[130.58847,32.45653],[130.58838,32.45645],[130.58822,32.45631],[130.5881,32.4562],[130.58798,32.45607],[130.58788,32.45597],[130.58775,32.45584],[130.58752,32.45558],[130.5874,32.45543],[130.58729,32.45531],[130.5872,32.4552],[130.58707,32.45504],[130.58683,32.45469],[130.58648,32.45417],[130.58592,32.45335],[130.5855,32.45273],[130.58502,32.45196],[130.5845,32.45115],[130.58419,32.45068],[130.58338,32.44938],[130.58299,32.44876],[130.5825,32.44805],[130.58218,32.44763],[130.58199,32.44738],[130.58182,32.44716],[130.58173,32.44704],[130.58155,32.44683],[130.58138,32.44663],[130.5811,32.44634],[130.58041,32.4456],[130.57921,32.44439],[130.57858,32.44372],[130.57767,32.44274],[130.5773,32.44235],[130.57717,32.4422],[130.57701,32.44203],[130.5767,32.44165],[130.57644,32.44131],[130.57608,32.4409],[130.57591,32.44071],[130.57585,32.44063],[130.57578,32.44055],[130.57573,32.44047],[130.57568,32.44041],[130.57555,32.4402],[130.57523,32.43964],[130.57497,32.43916],[130.57433,32.43806],[130.57404,32.43754],[130.57385,32.43722],[130.57374,32.43704],[130.57364,32.4369],[130.57346,32.43663],[130.5733,32.43641],[130.573,32.43604],[130.57278,32.43578],[130.57255,32.43554],[130.57237,32.43535],[130.57218,32.43519],[130.57182,32.43485],[130.57079,32.4339],[130.57025,32.4334],[130.56909,32.43232],[130.56807,32.43128],[130.56804,32.43125]]}},{"type":"Feature","properties":{"路線名":"九州自動車道","道路種別":"高速道路","状態":"通行止め解除","規制理由":"地震","区間":"益城熊本空港IC → 松橋IC","_color":"#00a040","_weight":5,"_opacity":1},"geometry":{"type":"LineString","coordinates":[[130.79016,32.79045],[130.79016,32.79034],[130.79037,32.78948],[130.79045,32.78921],[130.79055,32.7889],[130.79072,32.78842],[130.79098,32.78778],[130.79106,32.78755],[130.79114,32.78736],[130.79123,32.78717],[130.79132,32.78699],[130.79171,32.7862],[130.79198,32.7857],[130.79233,32.78507],[130.79254,32.7847],[130.79275,32.78435],[130.79291,32.78406],[130.79307,32.78378],[130.79317,32.78361],[130.79325,32.78345],[130.79333,32.78331],[130.79338,32.7832],[130.79343,32.7831],[130.79348,32.78298],[130.79353,32.78285],[130.79358,32.78273],[130.79363,32.78258],[130.79368,32.78242],[130.79373,32.78226],[130.79377,32.78211],[130.79381,32.78195],[130.79385,32.78177],[130.7939,32.78153],[130.79395,32.78129],[130.79398,32.78115],[130.79403,32.78078],[130.79404,32.78061],[130.79405,32.7805],[130.79405,32.78029],[130.79405,32.78006],[130.79405,32.7799],[130.79405,32.77956],[130.79403,32.77918],[130.794,32.77897],[130.79399,32.77882],[130.79397,32.77868],[130.7939,32.77823],[130.79387,32.77811],[130.7938,32.77787],[130.79376,32.77772],[130.79371,32.77754],[130.7936,32.77723],[130.79356,32.77709],[130.79351,32.77696],[130.79345,32.77682],[130.79334,32.77652],[130.79314,32.77608],[130.7928,32.77537],[130.79249,32.77478],[130.7919,32.77366],[130.79143,32.77275],[130.7909,32.77168],[130.79045,32.77069],[130.79025,32.77023],[130.79002,32.76962],[130.78986,32.76918],[130.78974,32.76882],[130.78954,32.76822],[130.78944,32.76789],[130.78907,32.76633],[130.78899,32.76589],[130.7889,32.76546],[130.78886,32.76523],[130.78881,32.76489],[130.78877,32.76458],[130.7887,32.7641],[130.78867,32.76376],[130.78863,32.76327],[130.78858,32.76209],[130.78861,32.76062],[130.78864,32.76],[130.7889,32.75628],[130.78891,32.75588],[130.78892,32.75524],[130.78891,32.75462],[130.78888,32.75407],[130.78882,32.75338],[130.78875,32.75276],[130.78868,32.75226],[130.78859,32.75161],[130.78833,32.75051],[130.7883,32.7504],[130.78821,32.75006],[130.78819,32.75],[130.78808,32.7496],[130.78771,32.74853],[130.78762,32.7483],[130.7871,32.74712],[130.78666,32.74618],[130.78628,32.74551],[130.78595,32.74493],[130.78566,32.74447],[130.78531,32.74393],[130.78485,32.7433],[130.78453,32.74287],[130.78428,32.74257],[130.78365,32.7418],[130.78268,32.7407],[130.78124,32.73909],[130.78083,32.73861],[130.77967,32.7372],[130.77956,32.73707],[130.77955,32.73705],[130.77855,32.73577],[130.77818,32.73526],[130.77751,32.73433],[130.7772,32.73387],[130.77695,32.73353],[130.77685,32.73338],[130.7762,32.73242],[130.77555,32.73138],[130.77467,32.72993],[130.77422,32.72915],[130.77343,32.72768],[130.77332,32.72747],[130.77306,32.72696],[130.77267,32.72619],[130.77224,32.72529],[130.77198,32.72473],[130.77147,32.72355],[130.7712,32.72292],[130.77096,32.72234],[130.77077,32.72187],[130.77048,32.7211],[130.77027,32.72055],[130.77005,32.71997],[130.7699,32.71957],[130.76977,32.71927],[130.7697,32.71911],[130.76957,32.71881],[130.7695,32.71867],[130.76941,32.71848],[130.76928,32.71824],[130.76917,32.71805],[130.76894,32.71765],[130.76884,32.7175],[130.76876,32.71737],[130.76869,32.71728],[130.76864,32.71721],[130.76859,32.71714],[130.76855,32.71708],[130.76825,32.71673],[130.76817,32.71664],[130.76776,32.71619],[130.76736,32.71579],[130.76684,32.71535],[130.7662,32.71491],[130.76559,32.71449],[130.76359,32.7132],[130.76173,32.71199],[130.76098,32.7115],[130.7599,32.71081],[130.75868,32.71001],[130.75798,32.70953],[130.75794,32.7095],[130.75747,32.70917],[130.75659,32.70842],[130.75569,32.70752],[130.7555,32.70732],[130.75496,32.7067],[130.7549,32.7066],[130.75465,32.7063],[130.75442,32.70599],[130.7542,32.70566],[130.75388,32.70516],[130.75355,32.70465],[130.7535,32.70454],[130.75311,32.70385],[130.75195,32.70191],[130.75177,32.70163],[130.75112,32.70075],[130.75106,32.70067],[130.75097,32.70056],[130.75074,32.70029],[130.75,32.69947],[130.7496,32.69908],[130.74925,32.69875],[130.74899,32.69853],[130.74873,32.69831],[130.74858,32.6982],[130.74829,32.69797],[130.74795,32.69772],[130.74767,32.69752],[130.74753,32.69743],[130.74696,32.69706],[130.74678,32.69695],[130.74642,32.69673],[130.74591,32.69644],[130.74541,32.69618],[130.74437,32.69563],[130.74395,32.69541],[130.7434,32.69511],[130.743,32.69489],[130.74288,32.69482],[130.74261,32.69467],[130.74197,32.69427],[130.74166,32.69405],[130.74131,32.69381],[130.74087,32.69347],[130.73968,32.69245],[130.73936,32.69214],[130.7387,32.69146],[130.7385,32.69123],[130.73839,32.6911],[130.73828,32.69096],[130.73816,32.69081],[130.73808,32.69069],[130.73798,32.69054],[130.73691,32.68885],[130.7366,32.68835],[130.73644,32.68807],[130.73635,32.68787],[130.73618,32.68753],[130.73591,32.68703],[130.73547,32.68623],[130.73532,32.68597],[130.73522,32.68579],[130.7351,32.68561],[130.73497,32.6854],[130.73471,32.68503],[130.73432,32.68448],[130.73405,32.68414],[130.73372,32.68376],[130.73346,32.68347],[130.73326,32.68327],[130.73304,32.68304],[130.73277,32.68277],[130.73237,32.6824],[130.73224,32.68228],[130.73119,32.68138],[130.73039,32.68075],[130.73001,32.68048],[130.7296,32.68018],[130.72893,32.67972],[130.72878,32.67963],[130.72822,32.67927],[130.7279,32.67907],[130.72753,32.67885],[130.7271,32.67861],[130.72666,32.67837],[130.72614,32.67809],[130.7252,32.67761],[130.72504,32.67753],[130.72295,32.67652],[130.72159,32.67586],[130.72145,32.67578],[130.72066,32.67537],[130.71988,32.67491],[130.719,32.67434],[130.71804,32.67363],[130.71717,32.6729],[130.7165,32.67227],[130.71567,32.67137],[130.7153,32.67092],[130.71492,32.67046],[130.71463,32.67005],[130.71415,32.66933],[130.71379,32.6687],[130.7135,32.66814],[130.7132,32.66752],[130.71285,32.66667],[130.71263,32.66606],[130.71238,32.66514],[130.71228,32.66471],[130.71224,32.66457],[130.7121,32.66371],[130.71202,32.66299],[130.71198,32.66226],[130.71198,32.66207],[130.71197,32.66109],[130.71197,32.6606],[130.71198,32.66009],[130.712,32.65915],[130.71198,32.65807],[130.71191,32.6571],[130.71177,32.65621],[130.71156,32.65525],[130.71133,32.65433],[130.71123,32.65396],[130.71105,32.6535],[130.711,32.65338],[130.71066,32.65247],[130.7103,32.65172],[130.70967,32.65063],[130.70958,32.6505],[130.70934,32.65007],[130.70837,32.64837],[130.70824,32.64812],[130.70817,32.64798],[130.70782,32.64729]]}},{"type":"Feature","properties":{"路線名":"九州自動車道","道路種別":"高速道路","状態":"全面通行止め","規制理由":"地震","区間":"松橋IC → 人吉IC","_color":"#e60012","_weight":5,"_opacity":1},"geometry":{"type":"LineString","coordinates":[[130.70779,32.64723],[130.70768,32.64703],[130.70745,32.64649],[130.70712,32.64555],[130.7068,32.64439],[130.70671,32.6438],[130.70666,32.64335],[130.70666,32.64297],[130.7067,32.6425],[130.70674,32.64217],[130.70686,32.64165],[130.70703,32.64113],[130.70719,32.64075],[130.70735,32.64038],[130.70786,32.63955],[130.70839,32.63882],[130.70869,32.63841],[130.70902,32.63793],[130.7095,32.63713],[130.70956,32.63699],[130.70982,32.63636],[130.71003,32.6357],[130.71018,32.63497],[130.71026,32.63417],[130.71024,32.63311],[130.71023,32.6323],[130.71026,32.63192],[130.71033,32.63125],[130.71036,32.63109],[130.7105,32.63054],[130.71076,32.62986],[130.71093,32.62952],[130.71123,32.62896],[130.71181,32.62796],[130.71212,32.62738],[130.71242,32.62673],[130.71254,32.62643],[130.71259,32.62628],[130.7127,32.62585],[130.7128,32.62532],[130.71295,32.6241],[130.71304,32.62327],[130.7132,32.62257],[130.71334,32.62216],[130.71353,32.62172],[130.71386,32.62107],[130.71405,32.6208],[130.71444,32.62024],[130.7149,32.61972],[130.71545,32.6192],[130.71592,32.61883],[130.71651,32.61845],[130.71665,32.61837],[130.71714,32.61811],[130.71754,32.61793],[130.71864,32.6175],[130.71953,32.6172],[130.72031,32.61694],[130.72098,32.61664],[130.72165,32.61628],[130.72221,32.6159],[130.72266,32.61555],[130.72319,32.615],[130.72365,32.61445],[130.72393,32.61405],[130.72419,32.61362],[130.72442,32.61309],[130.72451,32.61283],[130.72466,32.6123],[130.72474,32.6119],[130.72478,32.61132],[130.72478,32.61094],[130.72473,32.61028],[130.72461,32.60971],[130.72442,32.60912],[130.72415,32.60855],[130.72394,32.60816],[130.72372,32.60783],[130.7236,32.60767],[130.72266,32.60643],[130.72233,32.60596],[130.7219,32.60525],[130.72169,32.60486],[130.72154,32.6045],[130.72129,32.60382],[130.72118,32.60348],[130.72093,32.60257],[130.72061,32.60129],[130.7204,32.60057],[130.72012,32.59986],[130.71982,32.59921],[130.71945,32.5985],[130.71912,32.59794],[130.71848,32.59695],[130.71808,32.59634],[130.71771,32.59573],[130.71735,32.59509],[130.71717,32.59474],[130.71694,32.59424],[130.71666,32.59343],[130.71651,32.59278],[130.7164,32.5921],[130.71631,32.5913],[130.7163,32.59074],[130.71634,32.59004],[130.71642,32.58934],[130.71651,32.58888],[130.71654,32.5887],[130.71665,32.58802],[130.71672,32.58743],[130.71675,32.58692],[130.71675,32.58678],[130.71675,32.58673],[130.7167,32.58599],[130.71665,32.58567],[130.71651,32.585],[130.71635,32.5844],[130.71621,32.58402],[130.7159,32.58333],[130.71572,32.58296],[130.71551,32.5826],[130.7152,32.5821],[130.71473,32.58139],[130.71445,32.58101],[130.71412,32.5806],[130.71368,32.58007],[130.71348,32.57984],[130.71286,32.57917],[130.71252,32.57884],[130.71224,32.57857],[130.71145,32.57786],[130.71098,32.57743],[130.71071,32.5772],[130.71063,32.57713],[130.7105,32.57702],[130.70945,32.5761],[130.70921,32.57587],[130.70913,32.57579],[130.70867,32.57533],[130.70855,32.5752],[130.70827,32.5749],[130.70805,32.57463],[130.70738,32.5738],[130.70687,32.57305],[130.70657,32.57252],[130.70621,32.57182],[130.706,32.57131],[130.70582,32.57088],[130.70568,32.5705],[130.70514,32.56904],[130.70485,32.56834],[130.70462,32.56786],[130.70425,32.56718],[130.70382,32.56651],[130.70344,32.56599],[130.70292,32.56535],[130.70259,32.56499],[130.70221,32.56459],[130.70194,32.56433],[130.70165,32.56408],[130.70108,32.5636],[130.70063,32.56324],[130.70051,32.56315],[130.70035,32.56303],[130.69977,32.56262],[130.699,32.56205],[130.6982,32.56138],[130.69765,32.56083],[130.69719,32.56031],[130.697,32.56006],[130.69676,32.55973],[130.69642,32.55921],[130.69614,32.55869],[130.69599,32.55838],[130.69574,32.55772],[130.6955,32.55695],[130.69526,32.55599],[130.69503,32.55508],[130.69497,32.55484],[130.69477,32.55423],[130.69455,32.55358],[130.69402,32.55252],[130.6937,32.55197],[130.69318,32.55123],[130.69274,32.55072],[130.69242,32.55037],[130.69196,32.5499],[130.69128,32.54931],[130.69072,32.54888],[130.69047,32.5487],[130.68975,32.54825],[130.68955,32.54812],[130.68842,32.54756],[130.6876,32.54718],[130.68738,32.54709],[130.68598,32.54646],[130.68525,32.54607],[130.68477,32.5458],[130.68433,32.54553],[130.6835,32.54495],[130.68318,32.54472],[130.68279,32.54441],[130.68244,32.54412],[130.68091,32.54275],[130.68033,32.54221],[130.67961,32.54166],[130.679,32.54122],[130.67774,32.54046],[130.67717,32.54015],[130.67634,32.53968],[130.67621,32.5396],[130.67616,32.53957],[130.67596,32.53943],[130.67577,32.53931],[130.67557,32.53918],[130.67534,32.53902],[130.67511,32.53885],[130.67494,32.53872],[130.67478,32.53859],[130.67455,32.53841],[130.6743,32.5382],[130.6741,32.538],[130.67382,32.53772],[130.67362,32.53751],[130.67346,32.53732],[130.67315,32.53693],[130.67298,32.5367],[130.67285,32.5365],[130.67269,32.53626],[130.67255,32.53604],[130.67226,32.53552],[130.67168,32.53451],[130.67146,32.53414],[130.6713,32.53388],[130.67096,32.53339],[130.67073,32.53307],[130.67055,32.53284],[130.67038,32.53263],[130.67011,32.53231],[130.66976,32.53193],[130.66945,32.53162],[130.6683,32.53052],[130.6675,32.5298],[130.6672,32.52952],[130.66687,32.52921],[130.66648,32.52885],[130.6653,32.52779],[130.6643,32.52689],[130.66311,32.52582],[130.6619,32.52472],[130.66115,32.52405],[130.6602,32.52325],[130.65965,32.52285],[130.6593,32.52262],[130.65903,32.52243],[130.65868,32.52221],[130.65831,32.522],[130.65796,32.5218],[130.65727,32.52145],[130.6561,32.5209],[130.65553,32.52064],[130.6549,32.52035],[130.65447,32.52013],[130.6542,32.51999],[130.65393,32.51984],[130.65365,32.51967],[130.65342,32.51953],[130.65308,32.5193],[130.6528,32.5191],[130.65249,32.51887],[130.65225,32.51869],[130.652,32.51847],[130.65172,32.51823],[130.6514,32.51793],[130.65115,32.51767],[130.65086,32.51737],[130.6505,32.51696],[130.64994,32.51627],[130.64978,32.51606],[130.64961,32.51582],[130.64946,32.51559],[130.64927,32.5153],[130.64892,32.51472],[130.64889,32.51467],[130.64866,32.51427],[130.64853,32.51403],[130.64828,32.51358],[130.64819,32.51338],[130.64812,32.51324],[130.64799,32.51297],[130.64786,32.51267],[130.64781,32.51256],[130.64767,32.51222],[130.64762,32.51208],[130.64755,32.5119],[130.64724,32.51088],[130.64723,32.51084],[130.64709,32.51037],[130.64703,32.51014],[130.64697,32.50995],[130.64693,32.50977],[130.6469,32.50961],[130.64683,32.50922],[130.6467,32.50855],[130.6466,32.50791],[130.64648,32.50695],[130.64639,32.50607],[130.64634,32.50518],[130.64632,32.5048],[130.64629,32.5034],[130.64629,32.50333],[130.64629,32.50306],[130.64629,32.50287],[130.6463,32.50227],[130.6463,32.50219],[130.64645,32.5],[130.64675,32.49127],[130.64676,32.49098],[130.64679,32.49032],[130.64683,32.48971],[130.64705,32.48768],[130.64723,32.48466],[130.64729,32.48336],[130.64759,32.47827],[130.64802,32.47181],[130.64804,32.4715],[130.64809,32.4712],[130.64817,32.47077],[130.64825,32.47043],[130.64843,32.46982],[130.64846,32.46972],[130.64914,32.46864],[130.64956,32.46796],[130.65,32.46717],[130.6507,32.46587],[130.65075,32.4658],[130.65095,32.4655],[130.65098,32.46545],[130.6516,32.46424],[130.652,32.46315],[130.65226,32.46237],[130.65282,32.46087],[130.65317,32.45995],[130.65326,32.45972],[130.65517,32.45583],[130.65521,32.45575],[130.65626,32.45373],[130.6563,32.45367],[130.65707,32.45188],[130.65742,32.45117],[130.65777,32.45058],[130.65827,32.44981],[130.65879,32.44913],[130.65935,32.44848],[130.66044,32.44726],[130.66097,32.44684],[130.66206,32.44597],[130.66215,32.44591],[130.66384,32.44458],[130.66405,32.44442],[130.66461,32.444],[130.66497,32.44377],[130.66534,32.44358],[130.66578,32.44341],[130.66631,32.44327],[130.66667,32.44318],[130.66695,32.44312],[130.66743,32.44299],[130.668,32.44282],[130.66855,32.44261],[130.66897,32.4424],[130.66931,32.44222],[130.6697,32.44199],[130.66993,32.44183],[130.67067,32.44121],[130.67108,32.44079],[130.6712,32.44067],[130.672,32.43966],[130.67209,32.43955],[130.67236,32.43925],[130.67248,32.43909],[130.6727,32.4389],[130.67305,32.43863],[130.67343,32.43836],[130.67403,32.43804],[130.67472,32.43772],[130.67519,32.43748],[130.67561,32.43721],[130.67604,32.43689],[130.6766,32.43644],[130.67687,32.43625],[130.6769,32.43623],[130.6774,32.43594],[130.67794,32.43568],[130.67811,32.43561],[130.67884,32.43541],[130.67952,32.43528],[130.68036,32.43519],[130.68135,32.43518],[130.68191,32.4352],[130.6826,32.43527],[130.68309,32.43535],[130.68381,32.43551],[130.68469,32.43577],[130.68567,32.43605],[130.686,32.43612],[130.68616,32.43616],[130.68748,32.43629],[130.68756,32.43629],[130.6882,32.43627],[130.68851,32.43624],[130.6887,32.43622],[130.69117,32.43604],[130.69276,32.43581],[130.6932,32.43577],[130.69324,32.43576],[130.69552,32.4355],[130.69559,32.43549],[130.69617,32.43537],[130.69693,32.43514],[130.69772,32.43483],[130.69824,32.43458],[130.69855,32.43441],[130.69886,32.43423],[130.69895,32.43417],[130.69957,32.4336],[130.70058,32.4325],[130.701,32.43196],[130.70169,32.43085],[130.70198,32.4304],[130.70214,32.43009],[130.70231,32.42938],[130.70233,32.42927],[130.70243,32.42878],[130.70249,32.42824],[130.7025,32.42777],[130.70248,32.427],[130.70242,32.42648],[130.70235,32.42608],[130.70229,32.42581],[130.70215,32.42531],[130.70199,32.42479],[130.70169,32.42416],[130.70167,32.42411],[130.70108,32.42287],[130.70043,32.42168],[130.6993,32.42007],[130.69721,32.41745],[130.69717,32.4174],[130.69689,32.41698],[130.69671,32.41667],[130.69656,32.41641],[130.6963,32.41591],[130.69614,32.41558],[130.69584,32.41483],[130.69568,32.41435],[130.69555,32.41384],[130.6955,32.41351],[130.69547,32.4129],[130.69551,32.41236],[130.6956,32.41186],[130.69572,32.41145],[130.69588,32.41101],[130.69611,32.41058],[130.69631,32.41021],[130.69657,32.40968],[130.69671,32.40926],[130.6968,32.40892],[130.69692,32.40834],[130.69701,32.40793],[130.69721,32.40733],[130.69745,32.40681],[130.69769,32.40629],[130.69783,32.40594],[130.69789,32.4055],[130.69789,32.40504],[130.69781,32.4046],[130.69774,32.40427],[130.69767,32.40379],[130.69769,32.40346],[130.69775,32.40313],[130.69782,32.40291],[130.69794,32.40265],[130.69819,32.40223],[130.69849,32.40191],[130.69869,32.40172],[130.69907,32.4014],[130.69952,32.40109],[130.69981,32.40091],[130.70009,32.40075],[130.70102,32.40028],[130.70139,32.40006],[130.70157,32.39993],[130.70189,32.39967],[130.70215,32.39936],[130.7025,32.39877],[130.70327,32.3978],[130.70367,32.39733],[130.70507,32.39572],[130.7057,32.39498],[130.70642,32.39415],[130.70731,32.3932],[130.70815,32.39236],[130.70846,32.39203],[130.70871,32.39173],[130.70902,32.39134],[130.70918,32.39111],[130.70931,32.39092],[130.70972,32.39021],[130.7102,32.38935],[130.71047,32.38886],[130.71078,32.38822],[130.71113,32.3875],[130.71142,32.38679],[130.71171,32.3861],[130.712,32.38528],[130.71235,32.38436],[130.71285,32.38301],[130.71326,32.38192],[130.71358,32.38112],[130.71431,32.3792],[130.71506,32.37723],[130.71553,32.37605],[130.71637,32.37388],[130.7168,32.37275],[130.71725,32.37153],[130.718,32.36955],[130.71862,32.36791],[130.71903,32.36676],[130.71968,32.36507],[130.72049,32.36291],[130.72139,32.36048],[130.72221,32.3583],[130.72297,32.35625],[130.72324,32.35549],[130.72384,32.35402],[130.72441,32.3526],[130.7249,32.35135],[130.72533,32.35016],[130.72599,32.34841],[130.72655,32.34692],[130.7267,32.34654],[130.72687,32.34619],[130.72737,32.34523],[130.72777,32.34456],[130.72823,32.34388],[130.72853,32.34344],[130.72945,32.34216],[130.72982,32.34163],[130.73009,32.34095],[130.73054,32.33982],[130.73071,32.33964],[130.73081,32.33952],[130.73103,32.33927],[130.73127,32.33906],[130.7317,32.33867],[130.73222,32.33834],[130.73253,32.33812],[130.73336,32.33765],[130.73398,32.33734],[130.73412,32.33728],[130.73516,32.33675],[130.73532,32.33665],[130.73647,32.33572],[130.73678,32.33543],[130.73681,32.3354],[130.73735,32.33469],[130.73737,32.33466],[130.73844,32.33343],[130.73852,32.33337],[130.73857,32.33333],[130.73902,32.333],[130.73942,32.33275],[130.7399,32.33253],[130.74015,32.33244],[130.74066,32.33229],[130.7413,32.33215],[130.74198,32.33205],[130.74274,32.33195],[130.74346,32.33186],[130.7435,32.33186],[130.74493,32.33161],[130.74509,32.33153],[130.74578,32.33126],[130.7463,32.33101],[130.74665,32.33078],[130.74719,32.33042],[130.74768,32.33006],[130.74809,32.32976],[130.74839,32.3295],[130.74864,32.32929],[130.74894,32.32905],[130.74926,32.32881],[130.74961,32.32859],[130.75,32.32838],[130.75054,32.32813],[130.75088,32.328],[130.75146,32.3278],[130.75186,32.32768],[130.75211,32.32762],[130.75274,32.32748],[130.7535,32.32736],[130.75428,32.32723],[130.75505,32.32705],[130.75534,32.32697],[130.7557,32.32686],[130.75612,32.32671],[130.75652,32.32653],[130.75692,32.32634],[130.7572,32.32616],[130.7575,32.32589],[130.7578,32.32557],[130.75798,32.32525],[130.75808,32.32504],[130.75817,32.32476],[130.75825,32.32449],[130.75828,32.32414],[130.75831,32.32393],[130.75828,32.32358],[130.75824,32.32323],[130.75814,32.32278],[130.758,32.32225],[130.75782,32.32167],[130.75762,32.32104],[130.75744,32.32058],[130.75723,32.32012],[130.75717,32.31997],[130.75695,32.31959],[130.75669,32.31922],[130.75651,32.31897],[130.75624,32.31864],[130.75591,32.31828],[130.75553,32.31792],[130.75515,32.31762],[130.75467,32.31734],[130.7541,32.3171],[130.7537,32.31697],[130.75351,32.3169],[130.75254,32.31657],[130.75184,32.31629],[130.75141,32.31609],[130.75083,32.31579],[130.75044,32.31555],[130.75,32.31515],[130.7499,32.31506],[130.74958,32.3147],[130.7491,32.31419],[130.74908,32.31416],[130.74866,32.31358],[130.7479,32.31221],[130.74772,32.31177],[130.74768,32.31168],[130.74746,32.31098],[130.74735,32.31047],[130.7473,32.31012],[130.7472,32.30933],[130.74714,32.30883],[130.74708,32.3084],[130.74665,32.30705],[130.74662,32.30696],[130.74633,32.30534],[130.74598,32.3039],[130.74595,32.30374],[130.74596,32.30344],[130.74603,32.30213],[130.74608,32.30167],[130.74618,32.30114],[130.74632,32.30073],[130.74662,32.29994],[130.74677,32.29957],[130.74719,32.29868],[130.74745,32.29826],[130.74756,32.29813],[130.74768,32.29796],[130.74843,32.2971],[130.74875,32.29665],[130.74906,32.2961],[130.74923,32.29567],[130.74932,32.29536],[130.74937,32.29507],[130.74937,32.29478],[130.74934,32.29437],[130.74923,32.29371],[130.74912,32.29304],[130.74893,32.29189],[130.74879,32.29105],[130.74872,32.29059],[130.74863,32.28999],[130.7486,32.28971],[130.7486,32.2893],[130.74863,32.28895],[130.74867,32.28867],[130.74877,32.28835],[130.74907,32.28764],[130.74935,32.28715],[130.7496,32.28675],[130.74989,32.28632],[130.75,32.28618],[130.75207,32.28295],[130.75449,32.27928],[130.75655,32.27634],[130.75679,32.27582],[130.75908,32.2723],[130.75962,32.27143],[130.76041,32.27007],[130.76112,32.26894],[130.76161,32.26833],[130.76207,32.26789],[130.76245,32.26756],[130.76265,32.26742],[130.76317,32.26711],[130.76361,32.26686],[130.76418,32.26658],[130.7646,32.26634],[130.76494,32.26613],[130.76525,32.2659],[130.76566,32.26555],[130.76582,32.26538],[130.766,32.26516],[130.7663,32.26479],[130.76661,32.26432],[130.76702,32.26363],[130.76709,32.2635],[130.76732,32.26303],[130.76746,32.2627],[130.7676,32.26233],[130.76777,32.26176],[130.76788,32.26131],[130.76798,32.26073],[130.76804,32.2603],[130.76806,32.25985],[130.76807,32.25937],[130.76806,32.25887],[130.76796,32.25816],[130.76778,32.25734],[130.76758,32.25665],[130.76733,32.25599],[130.76717,32.25566],[130.76694,32.25516],[130.76656,32.25451],[130.7662,32.25393],[130.76582,32.25343],[130.76548,32.25301],[130.76472,32.25223],[130.76431,32.25185],[130.76383,32.25143],[130.76308,32.25085],[130.76246,32.25038],[130.76204,32.2501],[130.76192,32.25],[130.76176,32.24986],[130.76127,32.24945],[130.76097,32.24918],[130.76057,32.24878],[130.76012,32.24818],[130.75993,32.24787],[130.75986,32.24776],[130.7596,32.24736],[130.75943,32.24699],[130.7593,32.24663],[130.7592,32.24627],[130.75908,32.24551],[130.75906,32.24516],[130.75905,32.24482],[130.75917,32.24385],[130.7593,32.24321],[130.75941,32.2428],[130.75963,32.24208],[130.76007,32.241],[130.76033,32.24047],[130.76078,32.23966],[130.76118,32.23905],[130.76167,32.23834],[130.76208,32.23783],[130.76253,32.23732],[130.7631,32.23673],[130.76347,32.23639],[130.76415,32.23577],[130.76464,32.2354],[130.76512,32.23505],[130.76583,32.23458],[130.7665,32.23419],[130.76707,32.23387],[130.7675,32.23365],[130.76763,32.23358],[130.76797,32.23341],[130.76854,32.23314]]}},{"type":"Feature","properties":{"路線名":"九州中央自動車道","道路種別":"高速道路","状態":"通行止め解除","規制理由":"地震","区間":"嘉島JCT → 益城TB","_color":"#00a040","_weight":5,"_opacity":1},"geometry":{"type":"LineString","coordinates":[[130.78901,32.75406],[130.78912,32.75405],[130.78997,32.75399],[130.79035,32.75396],[130.79083,32.75391],[130.79138,32.75384],[130.79181,32.75377],[130.79217,32.7537],[130.7925,32.75363],[130.79297,32.75352],[130.7931,32.75348],[130.79344,32.75338],[130.7938,32.75326],[130.79417,32.75313],[130.79474,32.7529],[130.79507,32.75275],[130.79539,32.7526],[130.79555,32.75252],[130.79573,32.75243],[130.79595,32.7523],[130.79625,32.75213],[130.79633,32.75208]]}},{"type":"Feature","properties":{"路線名":"九州自動車道","道路種別":"高速道路","状態":"全面通行止め","規制理由":"地震","区間":"人吉IC → えびのIC","_color":"#e60012","_weight":5,"_opacity":1},"geometry":{"type":"LineString","coordinates":[[130.76861,32.23311],[130.76906,32.23289],[130.77032,32.23231],[130.77065,32.23216],[130.77083,32.23208],[130.77117,32.2319],[130.77215,32.23142],[130.77284,32.23104],[130.77343,32.23068],[130.77415,32.23021],[130.77518,32.22946],[130.7759,32.22883],[130.77663,32.2281],[130.77709,32.2276],[130.77745,32.22718],[130.77792,32.22661],[130.77853,32.22565],[130.77884,32.22507],[130.77933,32.22405],[130.7796,32.22338],[130.77981,32.22275],[130.77995,32.22229],[130.78018,32.2213],[130.78025,32.22083],[130.78031,32.22035],[130.78033,32.22],[130.78033,32.21983],[130.78034,32.21943],[130.78028,32.21866],[130.78023,32.21835],[130.78008,32.21782],[130.77996,32.21746],[130.77985,32.21718],[130.77953,32.21653],[130.77921,32.21604],[130.77891,32.21562],[130.77831,32.21495],[130.77768,32.2143],[130.77633,32.21288],[130.77562,32.21215],[130.7751,32.21161],[130.77499,32.2115],[130.77453,32.211],[130.77383,32.21021],[130.77361,32.2099],[130.77337,32.20952],[130.77318,32.20914],[130.77307,32.20889],[130.77282,32.20819],[130.77269,32.20759],[130.77263,32.20678],[130.77265,32.2062],[130.77274,32.20563],[130.77278,32.2054],[130.77293,32.20484],[130.77318,32.20407],[130.77329,32.20374],[130.77367,32.20287],[130.77371,32.2028],[130.77375,32.20273],[130.77412,32.20204],[130.77444,32.20151],[130.77495,32.2008],[130.77561,32.19997],[130.77604,32.19947],[130.77655,32.19885],[130.77695,32.19831],[130.77716,32.19794],[130.77729,32.19762],[130.77738,32.1974],[130.77751,32.19704],[130.77769,32.19645],[130.77782,32.19582],[130.77787,32.1954],[130.77789,32.19479],[130.77788,32.19451],[130.77785,32.1942],[130.77779,32.19375],[130.7777,32.19333],[130.77749,32.19257],[130.7772,32.19158],[130.77703,32.191],[130.77699,32.19083],[130.77692,32.19053],[130.77685,32.19021],[130.77679,32.18974],[130.77675,32.18932],[130.77676,32.1887],[130.7768,32.18818],[130.77688,32.18775],[130.77698,32.18738],[130.77712,32.18696],[130.77735,32.18638],[130.77743,32.18621],[130.7776,32.1859],[130.77773,32.18569],[130.77793,32.18539],[130.77809,32.18518],[130.77827,32.18495],[130.7786,32.18456],[130.779,32.18418],[130.77909,32.1841],[130.77935,32.18387],[130.77985,32.18343],[130.78013,32.18323],[130.78108,32.18252],[130.78278,32.18143],[130.78376,32.18081],[130.78476,32.18016],[130.78571,32.17949],[130.78632,32.17904],[130.78696,32.1785],[130.7875,32.17799],[130.78792,32.17757],[130.78828,32.17716],[130.78852,32.17686],[130.78884,32.17643],[130.78913,32.176],[130.78937,32.17556],[130.78959,32.17507],[130.78975,32.17473],[130.79006,32.17392],[130.79051,32.17265],[130.79078,32.17206],[130.79121,32.17132],[130.79177,32.17047],[130.792,32.1701],[130.79236,32.16953],[130.79258,32.16907],[130.79273,32.16869],[130.79281,32.16833],[130.79288,32.16797],[130.79295,32.16752],[130.79305,32.16667],[130.79309,32.16633],[130.79318,32.16582],[130.79335,32.16519],[130.79357,32.16455],[130.79408,32.16338],[130.79424,32.16294],[130.79434,32.16265],[130.79448,32.16203],[130.79454,32.16151],[130.79457,32.16115],[130.79457,32.16063],[130.79453,32.16016],[130.7944,32.15933],[130.79429,32.15883],[130.79403,32.1579],[130.79376,32.15682],[130.79363,32.15624],[130.79358,32.15595],[130.79354,32.15564],[130.7935,32.15511],[130.79349,32.15483],[130.79352,32.15425],[130.79358,32.15397],[130.79365,32.15361],[130.79381,32.15308],[130.79404,32.15257],[130.79433,32.15206],[130.79452,32.1518],[130.79491,32.15128],[130.79559,32.15055],[130.79604,32.15009],[130.79672,32.14938],[130.79708,32.14901],[130.79753,32.14847],[130.79786,32.14802],[130.79812,32.14759],[130.79834,32.14718],[130.79851,32.14676],[130.79868,32.1463],[130.79882,32.14564],[130.79894,32.14486],[130.79897,32.1445],[130.79907,32.14342],[130.79916,32.14282],[130.79924,32.1425],[130.7993,32.14226],[130.79948,32.14175],[130.79969,32.14132],[130.80001,32.14078],[130.80026,32.14043],[130.8005,32.14011],[130.80078,32.1398],[130.8014,32.13908],[130.8017,32.13873],[130.80245,32.13773],[130.80301,32.13696],[130.80318,32.13668],[130.80339,32.13627],[130.80369,32.13553],[130.80387,32.13498],[130.80389,32.13488],[130.80403,32.13429],[130.80407,32.13415],[130.80415,32.13377],[130.8042,32.13348],[130.80423,32.13303],[130.80423,32.13255],[130.80418,32.13152],[130.8041,32.13044],[130.80395,32.12911],[130.80366,32.12744],[130.80352,32.12673],[130.8027,32.12301],[130.80241,32.12174],[130.80143,32.11722],[130.80125,32.11626],[130.80096,32.11483],[130.80063,32.11308],[130.80028,32.11138],[130.79975,32.1087],[130.79947,32.10736],[130.79874,32.10411],[130.79826,32.102],[130.79776,32.09981],[130.7976,32.09902],[130.79731,32.09786],[130.79675,32.09531],[130.79602,32.09193],[130.79487,32.08678],[130.79408,32.08333],[130.79338,32.08016],[130.79304,32.07857],[130.79295,32.07787],[130.79295,32.07662],[130.79298,32.07559],[130.79306,32.07452],[130.7931,32.07434],[130.79322,32.07389],[130.79339,32.07328],[130.79368,32.07235],[130.79375,32.07216],[130.79391,32.0718],[130.79421,32.07127],[130.79459,32.07074],[130.7948,32.07048],[130.795,32.07023],[130.79521,32.07002],[130.79566,32.06965],[130.7963,32.06917],[130.79674,32.06888],[130.79716,32.06862],[130.79768,32.06833],[130.79969,32.06724],[130.8003,32.06685],[130.80113,32.06633],[130.80154,32.06604],[130.80209,32.06557],[130.80237,32.06528],[130.80255,32.06509],[130.80295,32.06457],[130.80302,32.06445],[130.80326,32.06405],[130.8034,32.0638],[130.80352,32.06353],[130.80367,32.0631],[130.80373,32.06275],[130.8038,32.06208],[130.80381,32.06147],[130.80374,32.06097],[130.80361,32.06038],[130.80345,32.05978],[130.80302,32.05835],[130.80266,32.05693],[130.8024,32.05553],[130.80218,32.05416],[130.80196,32.0529],[130.80194,32.05275],[130.80183,32.05215],[130.80168,32.05131]]}},{"type":"Feature","properties":{"路線名":"E3南九州自動車道（西回り）","道路種別":"高速道路","状態":"全面通行止め（上下）","規制理由":"地震による路面段差","区間":"水俣IC → 田浦IC","規制開始":"2026/7/28/16:27","延長":"18.97 km","場所":"熊本県水俣市","_color":"#e60012","_weight":5,"_opacity":1},"geometry":{"type":"LineString","coordinates":[[130.42527,32.21245],[130.42544,32.21275],[130.4257,32.21317],[130.42593,32.21354],[130.42624,32.21405],[130.42655,32.21453],[130.42663,32.21464],[130.42711,32.2154],[130.42745,32.21597],[130.42766,32.21634],[130.42783,32.21665],[130.42805,32.21708],[130.42837,32.21772],[130.42883,32.21873],[130.42921,32.2196],[130.4295,32.22022],[130.4298,32.22081],[130.43006,32.22126],[130.43023,32.22152],[130.43039,32.22177],[130.43042,32.2218],[130.4306,32.22207],[130.43081,32.22236],[130.43108,32.2227],[130.43122,32.22289],[130.43142,32.22312],[130.43175,32.22349],[130.43201,32.22375],[130.43232,32.22404],[130.43258,32.22428],[130.43299,32.22463],[130.43334,32.22492],[130.43349,32.22503],[130.4338,32.22527],[130.43415,32.22551],[130.43469,32.22586],[130.43497,32.22602],[130.43525,32.22618],[130.43568,32.2264],[130.43607,32.2266],[130.43655,32.22682],[130.43678,32.22691],[130.43703,32.22702],[130.4374,32.22716],[130.4378,32.22731],[130.43837,32.22748],[130.43873,32.22759],[130.43916,32.22771],[130.43953,32.2278],[130.44009,32.22792],[130.44055,32.22802],[130.44105,32.22811],[130.44141,32.22818],[130.44177,32.22824],[130.44215,32.2283],[130.4425,32.22836],[130.44305,32.22844],[130.44342,32.2285],[130.44446,32.22867],[130.44506,32.22877],[130.44559,32.22888],[130.44612,32.229],[130.44659,32.2291],[130.44705,32.22923],[130.44723,32.22929],[130.44748,32.22937],[130.44792,32.22952],[130.44838,32.2297],[130.44861,32.2298],[130.44883,32.22989],[130.44909,32.23001],[130.44945,32.23019],[130.44992,32.23043],[130.44996,32.23046],[130.45025,32.23063],[130.45054,32.23081],[130.45092,32.23106],[130.45135,32.23137],[130.45166,32.23161],[130.45188,32.23178],[130.452,32.23188],[130.45272,32.23248],[130.45318,32.23289],[130.45386,32.23349],[130.45416,32.23374],[130.45446,32.234],[130.45455,32.23408],[130.455,32.23446],[130.45522,32.23465],[130.45589,32.2352],[130.45642,32.23562],[130.45687,32.236],[130.45713,32.23621],[130.45797,32.23689],[130.45872,32.23746],[130.45915,32.2378],[130.45973,32.23821],[130.46006,32.23846],[130.46035,32.23867],[130.46057,32.23882],[130.46088,32.23904],[130.46115,32.23923],[130.46144,32.23942],[130.46171,32.2396],[130.4619,32.23972],[130.46221,32.2399],[130.46252,32.24007],[130.46291,32.24029],[130.46321,32.24044],[130.4635,32.24058],[130.46383,32.24073],[130.4642,32.24089],[130.46452,32.24102],[130.46485,32.24114],[130.465,32.2412],[130.4652,32.24127],[130.46557,32.2414],[130.46598,32.24153],[130.4665,32.24168],[130.46694,32.2418],[130.4675,32.24196],[130.46779,32.24203],[130.46802,32.24209],[130.46827,32.24215],[130.46872,32.24227],[130.47255,32.24327],[130.47424,32.24371],[130.47443,32.24375],[130.47628,32.24426],[130.47679,32.2444],[130.47726,32.24452],[130.47788,32.24469],[130.47803,32.24473],[130.47852,32.24489],[130.47887,32.245],[130.47928,32.24515],[130.47965,32.24528],[130.48003,32.24545],[130.48039,32.24561],[130.48077,32.2458],[130.48113,32.24599],[130.48149,32.2462],[130.48183,32.2464],[130.48216,32.24663],[130.48253,32.24688],[130.48297,32.24723],[130.48331,32.24752],[130.48362,32.2478],[130.48404,32.24821],[130.4843,32.2485],[130.48458,32.24882],[130.48487,32.24918],[130.48507,32.24946],[130.48529,32.24977],[130.48543,32.25],[130.48573,32.2505],[130.48611,32.25127],[130.4863,32.2517],[130.48656,32.25232],[130.48686,32.2531],[130.48698,32.25342],[130.48707,32.25365],[130.48721,32.254],[130.48743,32.25458],[130.48772,32.25533],[130.48799,32.25602],[130.48819,32.25653],[130.4884,32.25708],[130.48859,32.25758],[130.48866,32.25775],[130.4888,32.2581],[130.48905,32.25877],[130.48932,32.25945],[130.48964,32.2603],[130.4899,32.26103],[130.49024,32.26203],[130.4903,32.26224],[130.49052,32.26293],[130.49074,32.26369],[130.49101,32.26472],[130.49125,32.26572],[130.49145,32.26671],[130.49162,32.26755],[130.4918,32.26845],[130.49195,32.26909],[130.49204,32.26945],[130.4921,32.26967],[130.49219,32.26999],[130.49237,32.27064],[130.49246,32.27093],[130.49258,32.27126],[130.49271,32.27159],[130.49279,32.27178],[130.49289,32.27205],[130.49302,32.27234],[130.49314,32.2726],[130.49328,32.27288],[130.49353,32.27338],[130.49373,32.27373],[130.49396,32.27412],[130.49414,32.2744],[130.49434,32.27471],[130.4947,32.27523],[130.49488,32.27549],[130.49505,32.27571],[130.49525,32.27596],[130.49541,32.27616],[130.49548,32.27625],[130.4956,32.27639],[130.49579,32.27662],[130.49612,32.277],[130.49642,32.27734],[130.49698,32.27796],[130.49742,32.27843],[130.4977,32.27873],[130.49773,32.27875],[130.4983,32.27935],[130.49882,32.27991],[130.4992,32.28032],[130.49948,32.28063],[130.5,32.28121],[130.50013,32.28136],[130.50017,32.2814],[130.5004,32.28166],[130.50068,32.282],[130.50095,32.28233],[130.50119,32.28261],[130.50135,32.28282],[130.50138,32.28287],[130.50156,32.2831],[130.50165,32.28321],[130.50172,32.28331],[130.50201,32.28368],[130.50232,32.2841],[130.50274,32.2847],[130.50322,32.28541],[130.50357,32.28597],[130.50393,32.28655],[130.5043,32.28719],[130.50459,32.28773],[130.50497,32.28844],[130.50526,32.28901],[130.50549,32.2895],[130.50575,32.29005],[130.50605,32.29075],[130.50687,32.29272],[130.50706,32.29319],[130.50794,32.29527],[130.5084,32.29648],[130.50858,32.29688],[130.50868,32.29716],[130.50875,32.29733],[130.50913,32.29825],[130.50973,32.29974],[130.50988,32.30011],[130.51008,32.30059],[130.51023,32.30096],[130.51095,32.30282],[130.51134,32.30399],[130.51145,32.30434],[130.51185,32.30575],[130.51202,32.30642],[130.51225,32.30768],[130.51239,32.30837],[130.5124,32.30846],[130.51255,32.30949],[130.51261,32.30999],[130.51265,32.31053],[130.51267,32.31068],[130.51272,32.3113],[130.51278,32.3122],[130.51285,32.31336],[130.51292,32.31438],[130.51294,32.31481],[130.51299,32.31552],[130.51302,32.31595],[130.51305,32.3179],[130.51343,32.32363],[130.51378,32.3299],[130.51391,32.33198],[130.514,32.33333],[130.5141,32.33501],[130.51414,32.33674],[130.51417,32.33776],[130.51414,32.33862],[130.51411,32.33904],[130.51408,32.33947],[130.51403,32.33996],[130.51395,32.34046],[130.51377,32.34161],[130.51367,32.34219],[130.51353,32.3427],[130.51336,32.34325],[130.51302,32.34425],[130.51286,32.34466],[130.51265,32.34516],[130.51228,32.34604],[130.51182,32.34706],[130.5115,32.34775],[130.51123,32.34834],[130.51108,32.34868],[130.51083,32.34921],[130.51025,32.35046],[130.50985,32.35133],[130.50952,32.35207],[130.50937,32.35245],[130.50917,32.35295],[130.50907,32.35323],[130.50901,32.35343],[130.5089,32.35382],[130.50887,32.35393],[130.50884,32.35405],[130.50876,32.3544],[130.5087,32.35477],[130.50866,32.35515],[130.50865,32.35542],[130.50865,32.35575],[130.50867,32.35605],[130.50869,32.35632],[130.50874,32.35665],[130.5088,32.35701],[130.50883,32.35714],[130.50892,32.35753],[130.509,32.35781],[130.50908,32.35806],[130.50912,32.35818],[130.50921,32.35847],[130.50932,32.35876],[130.5095,32.35925],[130.50971,32.35974],[130.5098,32.35993],[130.51001,32.3604],[130.51028,32.36095],[130.51052,32.36139],[130.51079,32.36184],[130.51084,32.36193],[130.51088,32.362],[130.51103,32.36225],[130.51128,32.36265],[130.5116,32.36313],[130.51184,32.36346],[130.51209,32.36379],[130.51228,32.36403],[130.51247,32.36425],[130.51267,32.36449],[130.51295,32.36478],[130.51339,32.36524],[130.51371,32.36555],[130.51392,32.36574],[130.51403,32.36583],[130.51419,32.36596]]}},{"type":"Feature","properties":{"路線名":"E3南九州自動車道（西回り）","道路種別":"高速道路","状態":"全面通行止め（上下）","規制理由":"地震による路面段差","区間":"田浦IC → 日奈久IC","規制開始":"2026/7/28/16:27","延長":"8.47 km","場所":"熊本県水俣市","_color":"#e60012","_weight":5,"_opacity":1},"geometry":{"type":"LineString","coordinates":[[130.51419,32.36596],[130.51419,32.36597],[130.51455,32.36626],[130.51498,32.3666],[130.51538,32.36688],[130.51575,32.36714],[130.51611,32.36738],[130.5165,32.36761],[130.51709,32.36795],[130.51782,32.36833],[130.5183,32.36857],[130.51847,32.36865],[130.51963,32.36917],[130.52065,32.36959],[130.52128,32.36984],[130.522,32.37011],[130.52383,32.37071],[130.52475,32.37101],[130.52637,32.37155],[130.5274,32.37193],[130.52824,32.37225],[130.52902,32.37258],[130.52988,32.37299],[130.53088,32.37359],[130.53165,32.37408],[130.53238,32.37458],[130.53329,32.37517],[130.53416,32.37579],[130.53526,32.37671],[130.53659,32.37785],[130.53728,32.37853],[130.53765,32.37893],[130.53843,32.37992],[130.5397,32.38148],[130.53997,32.3819],[130.54012,32.38215],[130.54022,32.38233],[130.54046,32.38278],[130.5406,32.38304],[130.54078,32.38346],[130.54099,32.38399],[130.54107,32.38424],[130.54124,32.38486],[130.54131,32.3852],[130.54135,32.38544],[130.54141,32.38594],[130.54144,32.38634],[130.54145,32.38652],[130.54145,32.38706],[130.54143,32.38771],[130.5414,32.38793],[130.5414,32.388],[130.54135,32.38843],[130.54125,32.38936],[130.54121,32.38993],[130.54121,32.3904],[130.54122,32.39081],[130.54123,32.39095],[130.5413,32.39153],[130.54138,32.39208],[130.54141,32.3922],[130.54145,32.39237],[130.54152,32.39263],[130.54167,32.39312],[130.54193,32.39379],[130.5422,32.39434],[130.54227,32.39447],[130.54251,32.39487],[130.54285,32.39539],[130.54322,32.39586],[130.54364,32.39641],[130.54396,32.39678],[130.54487,32.39779],[130.54544,32.3984],[130.54614,32.39908],[130.54685,32.39971],[130.54732,32.40013],[130.54799,32.40069],[130.5486,32.40118],[130.5497,32.40202],[130.55068,32.40271],[130.55126,32.40313],[130.55204,32.40361],[130.5533,32.40437],[130.55348,32.40448],[130.55395,32.4048],[130.55449,32.4052],[130.555,32.40561],[130.55539,32.40595],[130.55588,32.40642],[130.55608,32.40662],[130.55632,32.40688],[130.55657,32.40717],[130.55687,32.40755],[130.55721,32.408],[130.55747,32.40837],[130.55762,32.40859],[130.55784,32.40913],[130.55811,32.40985],[130.55828,32.41036],[130.55894,32.41215],[130.5596,32.41398],[130.55995,32.41494],[130.56057,32.41667],[130.5618,32.42007],[130.56285,32.42307],[130.56305,32.42361],[130.56373,32.42524],[130.56375,32.42529],[130.56383,32.42548],[130.56402,32.42592],[130.56435,32.42665],[130.56476,32.42745],[130.565,32.42789],[130.56515,32.42816],[130.56529,32.42839],[130.56544,32.42862],[130.56553,32.42875]]}},{"type":"Feature","properties":{"路線名":"５７号（北側復旧道路）","道路種別":"直轄国道","状態":"全面通行止め（上下）","規制理由":"地震による橋台段差","区間":"阿蘇西IC → 車帰IC","規制開始":"2026/7/28/17:23","延長":"1.78 km","場所":"熊本県阿蘇市","_color":"#e60012","_weight":5,"_opacity":1},"geometry":{"type":"LineString","coordinates":[[130.99985,32.92126],[130.99951,32.9217],[130.9986,32.9228],[130.99848,32.92297],[130.9982,32.92332],[130.99764,32.924],[130.99737,32.92433],[130.99717,32.92453],[130.99699,32.92465],[130.99679,32.92477],[130.99655,32.92486],[130.9963,32.92492],[130.99608,32.92495],[130.99589,32.92495],[130.99567,32.92494],[130.99547,32.9249],[130.99527,32.92483],[130.99494,32.9247],[130.99434,32.92447],[130.99398,32.92435],[130.9936,32.92424],[130.99321,32.92414],[130.99282,32.92407],[130.9924,32.924],[130.99203,32.92397],[130.99169,32.92395],[130.99125,32.92394],[130.9908,32.92395],[130.99032,32.924],[130.9898,32.92406],[130.98925,32.92414],[130.98892,32.92417],[130.98868,32.92418],[130.98842,32.92418],[130.9881,32.92417],[130.98777,32.92413],[130.98743,32.92407],[130.98715,32.924],[130.98684,32.9239],[130.98655,32.92379],[130.98629,32.92367],[130.98602,32.92352],[130.98579,32.92336],[130.98557,32.9232],[130.98538,32.92305],[130.9852,32.92285],[130.98501,32.92265],[130.98485,32.92244],[130.9847,32.9222],[130.98456,32.92196],[130.98446,32.92174],[130.98438,32.92149],[130.98432,32.92125],[130.98425,32.9208],[130.9842,32.92015],[130.98419,32.92003],[130.98415,32.91973],[130.9841,32.91941],[130.98402,32.91901],[130.98395,32.91878],[130.98385,32.91849],[130.98375,32.91826],[130.98362,32.91797],[130.98349,32.91772],[130.98333,32.91747],[130.98317,32.91722],[130.98293,32.91691],[130.98272,32.91667],[130.98246,32.9164],[130.98206,32.91602],[130.98191,32.9159]]}},{"type":"Feature","properties":{"路線名":"３号","道路種別":"直轄国道","状態":"全面通行止め（上下）","規制理由":"地震による路面段差","区間":"熊本県八代郡氷川町大野 → 熊本県八代郡氷川町宮原","規制開始":"2026/7/28/17:45","延長":"2.64 km","場所":"熊本県八代郡氷川町","_color":"#e60012","_weight":5,"_opacity":1},"geometry":{"type":"LineString","coordinates":[[130.69583,32.57775],[130.69579,32.57768],[130.69543,32.57713],[130.69485,32.57626],[130.69472,32.57602],[130.69426,32.57527],[130.69366,32.57433],[130.69313,32.57352],[130.69268,32.5728],[130.69227,32.57218],[130.6918,32.57138],[130.69145,32.57076],[130.69129,32.57048],[130.69103,32.57],[130.69066,32.56936],[130.69017,32.56854],[130.68998,32.5682],[130.6894,32.56721],[130.6893,32.56705],[130.68909,32.56669],[130.68894,32.56649],[130.68851,32.56593],[130.688,32.5653],[130.68782,32.56507],[130.68712,32.56421],[130.68662,32.56358],[130.68641,32.56332],[130.68584,32.56263],[130.68552,32.56223],[130.68498,32.56155],[130.68495,32.56153],[130.68443,32.56089],[130.68398,32.56032],[130.68334,32.55953],[130.68269,32.55873],[130.68267,32.5587],[130.68244,32.55841],[130.68222,32.55814],[130.6822,32.55811],[130.682,32.55782],[130.68162,32.55729],[130.68158,32.55723]]}},{"type":"Feature","properties":{"路線名":"県道205号向山日之影線","道路種別":"都道府県道","状態":"全面通行止め","規制理由":"落石","区間":"高千穂町大字向山秋元 → 日之影町大字岩井川松鶴橋","規制開始":"2026/7/28 17:40","延長":"2.8 km","場所":"宮崎県日之影町","_color":"#e60012","_weight":5,"_opacity":1},"geometry":{"type":"LineString","coordinates":[[131.32173,32.6686],[131.32173,32.66861],[131.32187,32.66874],[131.32192,32.6688],[131.32195,32.66886],[131.32197,32.669],[131.32198,32.6691],[131.32201,32.66918],[131.32206,32.66931],[131.32211,32.66946],[131.32212,32.66958],[131.32214,32.66975],[131.32216,32.6699],[131.32216,32.66997],[131.32215,32.67006],[131.32208,32.67025],[131.32203,32.67036],[131.32198,32.67048],[131.32195,32.67065],[131.32195,32.67083],[131.32197,32.67098],[131.32201,32.67107],[131.32208,32.67117],[131.32225,32.6713],[131.32239,32.6714],[131.32255,32.67147],[131.32268,32.6715],[131.3228,32.67153],[131.32298,32.67158],[131.3231,32.67162],[131.32319,32.67164],[131.32327,32.67165],[131.32337,32.67163],[131.32352,32.6716],[131.32362,32.67158],[131.32374,32.67159],[131.3239,32.67161],[131.3241,32.67165],[131.32428,32.67168],[131.32448,32.67173],[131.32478,32.67177],[131.32507,32.6718],[131.32533,32.67182],[131.32551,32.67183],[131.32559,32.67184],[131.32564,32.67187],[131.32573,32.67198],[131.32575,32.67209],[131.32575,32.67227],[131.32573,32.67231],[131.3257,32.67235],[131.32562,32.67245],[131.3256,32.67253],[131.32561,32.67264],[131.32565,32.67284],[131.32567,32.67298],[131.32565,32.67313],[131.32563,32.67325],[131.32562,32.67353],[131.32563,32.67366],[131.32565,32.67374],[131.32569,32.67379],[131.32585,32.67386],[131.32603,32.67403],[131.32611,32.67412],[131.32628,32.67427],[131.32648,32.67445],[131.32665,32.67457],[131.32686,32.67473],[131.32694,32.6748],[131.32698,32.67486],[131.32705,32.67498],[131.3271,32.6751],[131.32715,32.67529],[131.32716,32.67546],[131.32718,32.67565],[131.32722,32.6758],[131.32727,32.67593],[131.32735,32.67604],[131.3274,32.67612],[131.32755,32.67621],[131.32774,32.6763],[131.32793,32.6764],[131.32812,32.67655],[131.32822,32.67665],[131.32825,32.67674],[131.32824,32.67679],[131.3282,32.67686],[131.32804,32.67693],[131.32786,32.67703],[131.3277,32.67711],[131.32751,32.67721],[131.32736,32.67729],[131.32722,32.67737],[131.32715,32.67741],[131.32706,32.67754],[131.327,32.67766],[131.32692,32.67784],[131.32688,32.678],[131.32687,32.67814],[131.32688,32.67821],[131.32689,32.6783],[131.32691,32.67838],[131.32695,32.67848],[131.327,32.67858],[131.32717,32.67888],[131.32725,32.67904],[131.32742,32.67942],[131.32754,32.67972],[131.32759,32.67989],[131.32763,32.68004],[131.32768,32.68028],[131.32769,32.6804],[131.3277,32.68047],[131.32775,32.68044],[131.32784,32.68042],[131.32796,32.68037],[131.32802,32.68035]]}},{"type":"Feature","properties":{"路線名":"県道142号上椎葉湯前線","道路種別":"都道府県道","状態":"全面通行止め","規制理由":"落石","区間":"椎葉村大字下福良 → 椎葉村大字下福良","規制開始":"2026/7/28 17:00","延長":"1.7 km","場所":"宮崎県椎葉村","_color":"#e60012","_weight":5,"_opacity":1},"geometry":{"type":"LineString","coordinates":[[131.15208,32.46184],[131.15209,32.46191],[131.1521,32.46194],[131.15236,32.46263],[131.15241,32.46284],[131.15241,32.46301],[131.15226,32.46331],[131.1523,32.4634],[131.15244,32.46352],[131.1526,32.46385],[131.15294,32.4642],[131.15332,32.4646],[131.15356,32.46487],[131.15359,32.46494],[131.15357,32.46509],[131.15348,32.46525],[131.15348,32.46538],[131.1535,32.46543],[131.15359,32.46555],[131.15359,32.46568],[131.15355,32.46574],[131.15346,32.46593],[131.15345,32.4661],[131.1535,32.46621],[131.15359,32.4663],[131.15369,32.46636],[131.154,32.46642],[131.15423,32.46642],[131.15435,32.46645],[131.15446,32.46651],[131.15453,32.46666],[131.15453,32.46676],[131.1545,32.46699],[131.15455,32.46708],[131.15462,32.46713],[131.15494,32.46721],[131.155,32.46768],[131.15505,32.46779],[131.15512,32.46785],[131.15519,32.46788],[131.15532,32.46789],[131.15545,32.46785],[131.1557,32.46775],[131.15589,32.46775],[131.15604,32.46779],[131.15644,32.46779],[131.15659,32.46781],[131.15673,32.46787],[131.15708,32.46811],[131.15734,32.46824],[131.15787,32.46845],[131.15824,32.46867],[131.1588,32.46904],[131.15923,32.46926],[131.15965,32.46945],[131.15978,32.46952],[131.15993,32.46965],[131.16028,32.47004],[131.16059,32.47026],[131.16069,32.4704],[131.16076,32.47049],[131.16085,32.47056],[131.16099,32.47065],[131.16102,32.4707],[131.16103,32.47078],[131.16095,32.47097],[131.16096,32.4711],[131.161,32.4712],[131.16105,32.47121],[131.16108,32.47134],[131.16112,32.47147],[131.1612,32.4716],[131.1613,32.47166],[131.1614,32.47167],[131.16151,32.47166],[131.16186,32.47158],[131.162,32.47155],[131.16211,32.47155],[131.16225,32.47158],[131.16229,32.4716]]}},{"type":"Feature","properties":{"路線名":"県道263号高沢一勝地線","道路種別":"都道府県道","状態":"全面通行止め","規制理由":"落石","区間":"熊本県球磨郡球磨村一勝地甲７７-３ → 熊本県球磨郡球磨村神瀬８３１-２","規制開始":"2026/7/28 17:00","延長":"5.15 km","場所":"熊本県球磨村","_color":"#e60012","_weight":5,"_opacity":1},"geometry":{"type":"LineString","coordinates":[[130.6544,32.2509],[130.65442,32.25092],[130.65445,32.25115],[130.65446,32.2512],[130.65464,32.25226],[130.65465,32.25232],[130.65431,32.25238],[130.65388,32.25244],[130.65334,32.25253],[130.65294,32.25262],[130.65269,32.2526],[130.65275,32.25278],[130.65279,32.25289],[130.65283,32.25295],[130.65308,32.25314],[130.65311,32.25319],[130.65315,32.2533],[130.65318,32.25336],[130.6532,32.25342],[130.65317,32.25361],[130.65311,32.25378],[130.65309,32.25395],[130.65293,32.2548],[130.65287,32.25536],[130.65274,32.25585],[130.65267,32.25606],[130.65262,32.25619],[130.65255,32.25629],[130.65245,32.2564],[130.65202,32.25686],[130.65191,32.25695],[130.65186,32.25703],[130.65185,32.2572],[130.65186,32.2573],[130.65189,32.25738],[130.65197,32.25749],[130.65201,32.25757],[130.65203,32.25762],[130.65203,32.25769],[130.65198,32.25778],[130.65188,32.2579],[130.65183,32.25798],[130.6518,32.25805],[130.65181,32.25809],[130.6518,32.25835],[130.65185,32.25865],[130.6519,32.25891],[130.65192,32.25895],[130.65193,32.25899],[130.65197,32.25903],[130.65203,32.25907],[130.65209,32.2591],[130.65213,32.2591],[130.6525,32.25913],[130.65269,32.25914],[130.65297,32.25915],[130.65306,32.25915],[130.65313,32.25918],[130.65324,32.25926],[130.6534,32.2594],[130.65383,32.25985],[130.65396,32.25995],[130.65408,32.26],[130.65423,32.26003],[130.65434,32.26003],[130.65445,32.26001],[130.65457,32.25997],[130.65467,32.25992],[130.65473,32.25988],[130.65478,32.25983],[130.65482,32.25977],[130.6551,32.25915],[130.65527,32.25887],[130.65537,32.2587],[130.65549,32.2586],[130.65568,32.25847],[130.65582,32.25842],[130.65622,32.25835],[130.65634,32.25833],[130.65657,32.25827],[130.65694,32.25815],[130.65727,32.25802],[130.65757,32.25788],[130.6578,32.2578],[130.65797,32.25776],[130.65815,32.25775],[130.65862,32.25787],[130.65887,32.25795],[130.65901,32.25806],[130.65916,32.25823],[130.65923,32.25837],[130.65925,32.25849],[130.65924,32.25874],[130.65922,32.2589],[130.65918,32.25936],[130.65917,32.25977],[130.65918,32.26055],[130.65921,32.26065],[130.65925,32.26072],[130.65947,32.261],[130.65948,32.26111],[130.65945,32.26118],[130.65925,32.26131],[130.65903,32.26141],[130.65887,32.26149],[130.65875,32.26158],[130.65869,32.26168],[130.65865,32.2618],[130.65866,32.26192],[130.65872,32.26205],[130.65921,32.26271],[130.65926,32.26281],[130.6593,32.26305],[130.65932,32.26342],[130.65933,32.26347],[130.65938,32.26354],[130.65951,32.26367],[130.65991,32.26391],[130.66016,32.26412],[130.66026,32.26424],[130.6603,32.26432],[130.66043,32.26461],[130.66072,32.2651],[130.66092,32.26531],[130.6611,32.26546],[130.6616,32.2657],[130.66235,32.26614],[130.66248,32.26628],[130.6629,32.26702],[130.66308,32.26738],[130.66322,32.26758],[130.6635,32.26785],[130.66357,32.26795],[130.66359,32.26802],[130.66358,32.26845],[130.66357,32.26856],[130.66354,32.26864],[130.66344,32.26886],[130.66338,32.26893],[130.66324,32.26905],[130.66313,32.26915],[130.663,32.2692],[130.66291,32.26922],[130.66245,32.26934],[130.66175,32.26962],[130.66145,32.26977],[130.66136,32.26985],[130.66131,32.26992],[130.66128,32.27002],[130.66127,32.2701],[130.66127,32.27017],[130.6613,32.27028],[130.66134,32.27037],[130.66145,32.27051],[130.66146,32.27058],[130.66145,32.27062],[130.66143,32.27065],[130.66137,32.27073],[130.66128,32.27079],[130.66109,32.27087],[130.66088,32.27091],[130.66082,32.27093],[130.66078,32.27096],[130.66074,32.27099],[130.66066,32.2711],[130.66045,32.27143],[130.66042,32.2715],[130.6604,32.2716],[130.6604,32.27163],[130.66033,32.27177],[130.66014,32.27207],[130.66,32.27229],[130.65995,32.2724],[130.6599,32.27251],[130.65988,32.2726],[130.65981,32.27283],[130.65976,32.27296],[130.6596,32.27331],[130.65955,32.27339],[130.65946,32.27355],[130.65931,32.27377],[130.65921,32.27385],[130.65908,32.27392],[130.65889,32.27405],[130.65879,32.27413],[130.65876,32.27423],[130.65875,32.27434],[130.65878,32.27445],[130.6589,32.27468],[130.65904,32.27503],[130.65904,32.27513],[130.65903,32.27522],[130.65899,32.27535],[130.65891,32.27545],[130.65863,32.27566],[130.65858,32.27573],[130.65855,32.2758],[130.65857,32.27592],[130.65863,32.27614],[130.65863,32.27639],[130.65858,32.27649],[130.65852,32.27654],[130.65825,32.27672],[130.65804,32.27683],[130.65787,32.27689],[130.65759,32.27689],[130.65743,32.27692],[130.6573,32.27697],[130.65723,32.27703],[130.65717,32.27717],[130.65718,32.2773],[130.65727,32.27759],[130.65728,32.27777],[130.65724,32.27788],[130.6572,32.27794],[130.6571,32.27809],[130.65697,32.27821],[130.65654,32.27853],[130.65642,32.27865],[130.65637,32.2788],[130.65637,32.27904],[130.65643,32.27925],[130.65648,32.27933],[130.65648,32.27942],[130.65645,32.2795],[130.65606,32.27997],[130.65602,32.27999],[130.65571,32.27998],[130.65558,32.28],[130.65544,32.28003],[130.65518,32.28014],[130.65498,32.28025],[130.65478,32.28038],[130.65459,32.28055],[130.6543,32.28087],[130.65418,32.28103],[130.654,32.2813],[130.65381,32.28155],[130.65366,32.28173],[130.65355,32.2818],[130.65345,32.28183],[130.65325,32.28186],[130.65228,32.28187],[130.65212,32.28193],[130.65192,32.2821],[130.65173,32.28225],[130.65138,32.28226],[130.6511,32.28226],[130.65097,32.28228],[130.65078,32.28233],[130.65059,32.28243],[130.65025,32.28263],[130.64982,32.2831],[130.64975,32.28317],[130.64965,32.2832],[130.6495,32.28323],[130.64914,32.28323],[130.64904,32.28322],[130.64865,32.28322],[130.64838,32.28325],[130.64828,32.2833],[130.6482,32.2834],[130.6481,32.28381],[130.648,32.2841],[130.64793,32.2842],[130.64787,32.2843],[130.64774,32.2844],[130.64762,32.28448],[130.64751,32.28455],[130.64735,32.28469],[130.64732,32.28474],[130.64728,32.28479],[130.64727,32.28485],[130.64726,32.28492],[130.64724,32.28499],[130.64723,32.285],[130.64719,32.28503],[130.64707,32.2851],[130.64703,32.2851],[130.64695,32.2851],[130.6469,32.28508],[130.64672,32.285],[130.64652,32.28492],[130.64645,32.2849],[130.646,32.28487],[130.64593,32.28486],[130.64585,32.28487],[130.64579,32.28489],[130.64572,32.28495],[130.6457,32.285],[130.6457,32.28504],[130.64572,32.28512],[130.64578,32.28527],[130.6458,32.28541],[130.64578,32.28558],[130.64574,32.28566],[130.64566,32.28575],[130.64562,32.28579],[130.64549,32.28588],[130.64537,32.28593],[130.645,32.28599],[130.64478,32.286],[130.64449,32.286],[130.64369,32.28578],[130.64339,32.28572],[130.64322,32.28573],[130.64299,32.28582],[130.64286,32.28592],[130.64251,32.28628],[130.64231,32.2864],[130.642,32.28656],[130.64195,32.2866],[130.64175,32.2868],[130.64157,32.28701],[130.64138,32.28715],[130.64124,32.28718],[130.64108,32.28717],[130.64042,32.28676],[130.6402,32.28668],[130.64007,32.28665],[130.63993,32.28664],[130.63977,32.28665],[130.63957,32.28668],[130.63923,32.28671],[130.63898,32.2867],[130.63857,32.28666],[130.63821,32.28667],[130.63796,32.28669],[130.63765,32.2867],[130.63753,32.2867],[130.63735,32.28676],[130.63727,32.28683],[130.63722,32.28693],[130.63718,32.28711],[130.63707,32.28731],[130.63682,32.28753],[130.63659,32.2877],[130.63647,32.28783],[130.6364,32.28796],[130.63627,32.28824],[130.6362,32.28833],[130.63602,32.28843],[130.63535,32.28865],[130.63523,32.28871],[130.63513,32.2888],[130.63506,32.2889],[130.63499,32.28901],[130.63494,32.28912],[130.63492,32.28922],[130.63493,32.28933],[130.63495,32.28946],[130.63501,32.28968],[130.63512,32.28988],[130.63534,32.2902],[130.63548,32.29033],[130.63588,32.29058],[130.63602,32.29071],[130.63615,32.29086],[130.63641,32.29126],[130.63677,32.29159],[130.63708,32.29177],[130.63731,32.29183],[130.63745,32.2919],[130.6375,32.29192],[130.63759,32.29206],[130.63762,32.29214],[130.63763,32.2923],[130.63763,32.29243],[130.63761,32.29249],[130.63759,32.29255],[130.63755,32.2926],[130.6375,32.29264],[130.63746,32.29269],[130.63744,32.29272],[130.63743,32.29277],[130.63744,32.29286],[130.63745,32.2929],[130.63747,32.29293],[130.63751,32.29297],[130.63755,32.293],[130.63763,32.29305],[130.63777,32.29313],[130.63793,32.29319],[130.63798,32.29322],[130.63803,32.29326],[130.63814,32.29338],[130.63822,32.29348],[130.63826,32.29352],[130.63833,32.29354],[130.63852,32.29361],[130.6386,32.29363],[130.63864,32.29365],[130.63873,32.29373],[130.63878,32.29382],[130.63883,32.29395],[130.63887,32.29404],[130.63896,32.29419],[130.63905,32.29434],[130.63911,32.29439],[130.6392,32.29444],[130.63936,32.29451],[130.63954,32.29463],[130.63963,32.2947],[130.63969,32.29476],[130.63972,32.2948],[130.63974,32.29485],[130.6398,32.29521],[130.63981,32.29528],[130.63983,32.29533],[130.63985,32.29536],[130.6399,32.2954],[130.64002,32.29546],[130.64018,32.29554],[130.64035,32.29565],[130.64048,32.29574],[130.64048,32.29574]]}},{"type":"Feature","properties":{"路線名":"県道325号遠原渡線","道路種別":"都道府県道","状態":"全面通行止め","規制理由":"落石","区間":"熊本県球磨郡球磨村一勝地甲１８４０-６ → 熊本県球磨郡球磨村一勝地甲１８５７-６","規制開始":"2026/7/28 18:50","延長":"1.909 km","場所":"熊本県球磨村","_color":"#e60012","_weight":5,"_opacity":1},"geometry":{"type":"LineString","coordinates":[[130.63765,32.1831],[130.63772,32.18317],[130.63784,32.18326],[130.63793,32.18329],[130.63803,32.18335],[130.63812,32.18343],[130.63816,32.18349],[130.63819,32.18354],[130.63827,32.1836],[130.63842,32.18377],[130.63853,32.18393],[130.63862,32.1841],[130.63877,32.18442],[130.63882,32.18452],[130.63897,32.18482],[130.63902,32.1849],[130.63907,32.18497],[130.63923,32.18508],[130.63933,32.18516],[130.63978,32.18546],[130.63988,32.18551],[130.63993,32.18555],[130.6401,32.18563],[130.64037,32.18572],[130.64053,32.18576],[130.64105,32.18575],[130.64142,32.18581],[130.64154,32.18586],[130.64168,32.18598],[130.64188,32.18619],[130.64202,32.18631],[130.64236,32.18651],[130.64249,32.18664],[130.64265,32.18691],[130.64273,32.18707],[130.64282,32.18719],[130.64303,32.18745],[130.6431,32.18758],[130.64322,32.18786],[130.64331,32.188],[130.6434,32.18812],[130.6436,32.1883],[130.64387,32.1885],[130.64406,32.18862],[130.64418,32.18871],[130.64435,32.18887],[130.64443,32.18895],[130.64458,32.18914],[130.6446,32.18922],[130.64461,32.18943],[130.64461,32.18943]]}},{"type":"Feature","properties":{"路線名":"市道駄原目線","道路種別":"市区町村道","状態":"全面通行止め","規制理由":"落石","区間":"竹田市大字荻 → 竹田市大字荻","規制開始":"2026/7/28 18:00","延長":"0.3 km","場所":"大分県竹田市","_color":"#e60012","_weight":5,"_opacity":1},"geometry":{"type":"LineString","coordinates":[[131.32506,32.91106],[131.32511,32.91105],[131.32517,32.91103],[131.32533,32.91103]]}},{"type":"Feature","properties":{"路線名":"主要地方道 熊本嘉島線","道路種別":"都道府県道","状態":"全面通行止め","規制理由":"道路損壊","区間":"熊本市南区川尻6丁目643-12 → 上益城郡嘉島町大字犬渕","規制開始":"2026/7/28 22:00","延長":"2.5 km","場所":"熊本県熊本市","_color":"#e60012","_weight":5,"_opacity":1},"geometry":{"type":"LineString","coordinates":[[130.68046,32.72942],[130.68051,32.72937],[130.68056,32.72935],[130.68064,32.72933],[130.68072,32.72933],[130.68081,32.72933],[130.68089,32.72933],[130.68096,32.72934],[130.68111,32.72937],[130.68142,32.7294],[130.6817,32.72944],[130.68183,32.72945],[130.68209,32.72948],[130.6825,32.72949],[130.6829,32.72952],[130.68302,32.72953],[130.68347,32.72954],[130.68432,32.72956],[130.68449,32.72957],[130.68464,32.72959],[130.6848,32.72961],[130.68495,32.72964],[130.68508,32.72967],[130.68518,32.7297],[130.68527,32.72973],[130.68541,32.72978],[130.68554,32.72984],[130.68568,32.72991],[130.68587,32.73],[130.68607,32.73011],[130.68651,32.73037],[130.68699,32.73062],[130.68754,32.73094],[130.68777,32.73108],[130.68795,32.73119],[130.68871,32.73169],[130.68927,32.73206],[130.68991,32.73248],[130.69004,32.73257],[130.69015,32.73265],[130.69028,32.73275],[130.69045,32.73288],[130.69056,32.73298],[130.69066,32.73308],[130.69075,32.73317],[130.69082,32.73326],[130.69089,32.73335],[130.69097,32.73347],[130.69117,32.73379],[130.69125,32.73392],[130.69129,32.73398],[130.69133,32.73404],[130.69139,32.7341],[130.69145,32.73416],[130.69163,32.73434],[130.69225,32.7349],[130.6929,32.73545],[130.69301,32.73554],[130.69313,32.73562],[130.69321,32.73569],[130.69338,32.7358],[130.69352,32.73588],[130.69365,32.73597],[130.69401,32.73616],[130.69425,32.73629],[130.69443,32.73638],[130.69454,32.73642],[130.69466,32.73647],[130.6948,32.73653],[130.69496,32.73658],[130.69508,32.73662],[130.6952,32.73665],[130.69531,32.73668],[130.69546,32.73671],[130.69586,32.7368],[130.69618,32.73688],[130.69654,32.73698],[130.69697,32.73711],[130.69722,32.7372],[130.69814,32.7375],[130.69846,32.7376],[130.69863,32.73763],[130.69894,32.73769],[130.69919,32.73771],[130.69945,32.73774],[130.69972,32.73775],[130.70035,32.73775],[130.70134,32.73777],[130.70199,32.73777],[130.70245,32.73776],[130.70318,32.73775],[130.70421,32.73776],[130.70443,32.73775]]}},{"type":"Feature","properties":{"路線名":"県道152号稲生野甲佐線","道路種別":"都道府県道","状態":"全面通行止め","規制理由":"落石","区間":"熊本県上益城郡山都町島木４４４１-２ → 熊本県上益城郡山都町島木４６９４-１","規制開始":"2026/7/28 19:00","延長":"2.3 km","場所":"熊本県山都町","_color":"#e60012","_weight":5,"_opacity":1},"geometry":{"type":"LineString","coordinates":[[130.9321,32.73044],[130.93212,32.73032],[130.93213,32.73019],[130.93213,32.7301],[130.93211,32.73001],[130.93208,32.72993],[130.93204,32.72986],[130.93199,32.72979],[130.93192,32.72973],[130.93185,32.72967],[130.93175,32.72962],[130.93172,32.7296],[130.93152,32.7295],[130.9313,32.72939],[130.93114,32.7293],[130.93106,32.72925],[130.931,32.72922],[130.93095,32.72918],[130.93087,32.72911],[130.9308,32.72905],[130.93073,32.72894],[130.93027,32.72844],[130.92985,32.72789],[130.92941,32.72734],[130.92929,32.72719],[130.92927,32.72714],[130.92927,32.72701],[130.92926,32.72687],[130.92925,32.72681],[130.92921,32.72675],[130.92914,32.72665],[130.92902,32.72653],[130.9289,32.7264],[130.92876,32.72631],[130.92863,32.72625],[130.92853,32.72619],[130.92848,32.72612],[130.92834,32.72579],[130.92828,32.72572],[130.9282,32.72568],[130.92805,32.72564],[130.92787,32.72557],[130.92776,32.7255],[130.92724,32.72514],[130.92706,32.72499],[130.92687,32.72481],[130.92673,32.72465],[130.92641,32.72426],[130.92636,32.72416],[130.92633,32.72405],[130.9263,32.72376],[130.92628,32.72366],[130.92621,32.72354],[130.92609,32.72339],[130.92593,32.72324],[130.9257,32.72304],[130.92495,32.72251],[130.92412,32.72199],[130.92402,32.72196],[130.92389,32.72196],[130.92372,32.72199],[130.92331,32.72211],[130.92315,32.72213],[130.92302,32.72214],[130.92288,32.72212],[130.92242,32.72203],[130.92226,32.72199],[130.92187,32.72183],[130.92179,32.72178],[130.92177,32.72171],[130.92177,32.7205],[130.92178,32.7204],[130.9218,32.72033],[130.92186,32.72026],[130.92205,32.72015],[130.92213,32.72009],[130.92217,32.72002],[130.92218,32.7199],[130.92216,32.71969],[130.92212,32.71933],[130.9221,32.71924],[130.92203,32.71918],[130.92194,32.71915],[130.92143,32.71901],[130.92135,32.71898],[130.92125,32.71893],[130.92073,32.71863],[130.92062,32.7186],[130.9205,32.71862],[130.9202,32.71867],[130.92,32.71868],[130.91979,32.71867],[130.91948,32.71863],[130.91931,32.71857],[130.91919,32.7185],[130.91909,32.71842],[130.9189,32.71825],[130.91869,32.71804],[130.91836,32.71765],[130.91811,32.71737],[130.91795,32.71721],[130.91778,32.71706],[130.91754,32.7169]]}},{"type":"Feature","properties":{"路線名":"県道220号三本松甲佐線","道路種別":"都道府県道","状態":"全面通行止め","規制理由":"落石","区間":"熊本県上益城郡甲佐町小鹿３７９-１ → 熊本県上益城郡甲佐町小鹿１３６９-３","規制開始":"2026/7/28 19:00","延長":"0.55 km","場所":"熊本県甲佐町","_color":"#e60012","_weight":5,"_opacity":1},"geometry":{"type":"LineString","coordinates":[[130.8484,32.6495],[130.84859,32.64959],[130.84886,32.64968],[130.84931,32.64985],[130.84967,32.65005],[130.8502,32.65033],[130.85068,32.6506],[130.85098,32.65077],[130.85116,32.65089],[130.85136,32.65103],[130.85151,32.65111],[130.85237,32.6516],[130.85293,32.65193],[130.85311,32.65204],[130.85341,32.65218]]}},{"type":"Feature","properties":{"路線名":"県道240号今吉野甲佐線","道路種別":"都道府県道","状態":"全面通行止め","規制理由":"道路損壊","区間":"熊本県上益城郡甲佐町津志田３１０５-１ → 熊本県上益城郡甲佐町田口４０７７-４","規制開始":"2026/7/28 19:00","延長":"1.2 km","場所":"熊本県甲佐町","_color":"#e60012","_weight":5,"_opacity":1},"geometry":{"type":"LineString","coordinates":[[130.76589,32.69113],[130.76605,32.69093],[130.7663,32.69066],[130.76653,32.69046],[130.76671,32.69031],[130.76714,32.69001],[130.76766,32.68972],[130.76793,32.68957],[130.76814,32.68946],[130.76884,32.68907],[130.76912,32.68888],[130.76935,32.68865],[130.7697,32.68815],[130.76984,32.688],[130.76997,32.68791],[130.77017,32.68781],[130.77224,32.68711],[130.77354,32.68676],[130.77428,32.68657],[130.77472,32.68643],[130.77647,32.68586],[130.77676,32.68575]]}},{"type":"Feature","properties":{"路線名":"県道239号御船甲佐線","道路種別":"都道府県道","状態":"全面通行止め","規制理由":"橋梁損傷","区間":"熊本県上益城郡御船町滝川１９６３-６ → 熊本県上益城郡御船町滝川６１１-２","規制開始":"2026/7/28 19:00","延長":"0.3 km","場所":"熊本県御船町","_color":"#e60012","_weight":5,"_opacity":1},"geometry":{"type":"LineString","coordinates":[[130.78446,32.71625],[130.78453,32.71628],[130.78518,32.71662],[130.78527,32.71665],[130.78535,32.71667],[130.78545,32.71666],[130.78555,32.71665],[130.78569,32.71662],[130.78575,32.7166],[130.78581,32.7166],[130.78591,32.71661],[130.786,32.71664],[130.78606,32.71669],[130.78612,32.71674],[130.78618,32.71681],[130.78633,32.71702],[130.78656,32.71731],[130.78699,32.71788],[130.78702,32.71792]]}},{"type":"Feature","properties":{"路線名":"県道338号八代不知火線","道路種別":"都道府県道","状態":"全面通行止め","規制理由":"橋梁損傷","区間":"熊本県八代市昭和日進町１００−１ → 熊本県八代市鏡町塩浜２３４−９","規制開始":"2026/7/28 19:00","延長":"0.18 km","場所":"熊本県八代市","_color":"#e60012","_weight":5,"_opacity":1},"geometry":{"type":"LineString","coordinates":[[130.62063,32.55156],[130.62085,32.5517],[130.62109,32.55185],[130.62165,32.5522],[130.62171,32.55225],[130.62184,32.55234],[130.62213,32.55253]]}},{"type":"Feature","properties":{"路線名":"県道220号三本松甲佐線","道路種別":"都道府県道","状態":"全面通行止め","規制理由":"落石","区間":"熊本県下益城郡美里町甲佐平３１６３-２ → 熊本県下益城郡美里町甲佐平３１６３-２","規制開始":"2026/7/28 19:00","延長":"0.1 km","場所":"熊本県美里町","_color":"#e60012","_weight":5,"_opacity":1},"geometry":{"type":"LineString","coordinates":[[130.86571,32.64543],[130.86568,32.64544],[130.86545,32.64555],[130.86528,32.64557],[130.86513,32.64552],[130.86503,32.64542],[130.86498,32.64531],[130.86498,32.6452],[130.86501,32.64503]]}},{"type":"Feature","properties":{"路線名":"県道32号小川嘉島線","道路種別":"都道府県道","状態":"全面通行止め","規制理由":"道路損壊","区間":"熊本県宇城市小川町小川１５２-１ → 熊本県宇城市小川町小川２０２-１","規制開始":"2026/7/28 19:00","延長":"0.3 km","場所":"熊本県宇城市","_color":"#e60012","_weight":5,"_opacity":1},"geometry":{"type":"LineString","coordinates":[[130.70405,32.58724],[130.70479,32.58691],[130.70521,32.58673],[130.70545,32.58662],[130.70542,32.5865],[130.70538,32.58634],[130.70523,32.58584],[130.70521,32.58574],[130.7052,32.58568],[130.7052,32.58561],[130.70525,32.5856],[130.7053,32.58558],[130.70536,32.58557],[130.70568,32.5855]]}},{"type":"Feature","properties":{"路線名":"県道105号甲佐小川線","道路種別":"都道府県道","状態":"全面通行止め","規制理由":"道路損壊","区間":"熊本県宇城市小川町東海東２３３７-１ → 熊本県宇城市小川町東海東２２７０","規制開始":"2026/7/28 19:00","延長":"0.19 km","場所":"熊本県宇城市","_color":"#e60012","_weight":5,"_opacity":1},"geometry":{"type":"LineString","coordinates":[[130.76723,32.59086],[130.76649,32.59052],[130.76578,32.59019],[130.76535,32.59006]]}},{"type":"Feature","properties":{"路線名":"金地太多良線","道路種別":"市区町村道","状態":"全面通行止め","規制理由":"法面崩落","区間":"熊本県上益城郡山都町目丸 → 熊本県上益城郡山都町目丸","規制開始":"2026/7/29 6:20","延長":"0.15 km","場所":"熊本県山都町","_color":"#e60012","_weight":5,"_opacity":1},"geometry":{"type":"LineString","coordinates":[[130.9803,32.62791],[130.98028,32.62785],[130.98019,32.62766],[130.98015,32.62754],[130.98016,32.62746],[130.98022,32.62723],[130.98026,32.62701],[130.98028,32.62693],[130.98031,32.6269],[130.98038,32.62687],[130.98059,32.62685],[130.98074,32.6268],[130.98091,32.62671],[130.98105,32.62658],[130.98115,32.62657],[130.98131,32.62658],[130.98145,32.62662],[130.98157,32.62669],[130.98167,32.62679],[130.98181,32.62715],[130.98189,32.62723]]}},{"type":"Feature","properties":{"路線名":"県道45号　御池都城線","道路種別":"都道府県道","状態":"全面通行止め","規制理由":"倒木","区間":"都城市御池町 → 都城市御池町","規制開始":"2026/7/29 6:40","延長":"1 km","場所":"宮崎県都城市","_color":"#e60012","_weight":5,"_opacity":1},"geometry":{"type":"LineString","coordinates":[[130.96779,31.87604],[130.9678,31.87583],[130.968,31.87434],[130.96804,31.87418],[130.96811,31.874],[130.96829,31.87369],[130.96873,31.87304],[130.96909,31.87254],[130.96944,31.87211],[130.96996,31.87153],[130.97031,31.87122],[130.97057,31.87101],[130.971,31.87064],[130.97138,31.87029],[130.97159,31.87003],[130.97167,31.8699],[130.97172,31.86975],[130.97173,31.86955],[130.97178,31.86929],[130.97185,31.869],[130.97203,31.86858],[130.97207,31.86846],[130.97209,31.86836],[130.97208,31.86809]]}},{"type":"Feature","properties":{"路線名":"県道156号鏡宮原線","道路種別":"都道府県道","状態":"全面通行止め","規制理由":"落下物・飛来物","区間":"熊本県八代郡氷川町宮原５４７-３ → 熊本県八代郡氷川町宮原４２３","規制開始":"2026/7/29 8:30","延長":"0.34 km","場所":"熊本県氷川町","_color":"#e60012","_weight":5,"_opacity":1},"geometry":{"type":"LineString","coordinates":[[130.68135,32.55731],[130.68036,32.55739],[130.68001,32.5578],[130.67981,32.55798],[130.67927,32.5583],[130.6789,32.5585],[130.67824,32.55883]]}},{"type":"Feature","properties":{"路線名":"県道156号鏡宮原線","道路種別":"都道府県道","状態":"全面通行止め","規制理由":"橋梁損傷","区間":"熊本県八代市鏡町下有佐４７-４ → 熊本県八代市鏡町上鏡１９４-２","規制開始":"2026/7/29 8:30","延長":"0.21 km","場所":"熊本県八代市","_color":"#e60012","_weight":5,"_opacity":1},"geometry":{"type":"LineString","coordinates":[[130.67296,32.5637],[130.67296,32.56372],[130.67297,32.56379],[130.67297,32.56383],[130.67295,32.56389],[130.67293,32.56395],[130.67291,32.56399],[130.67282,32.56411],[130.67277,32.56417],[130.6727,32.56423],[130.67266,32.56427],[130.6726,32.56431],[130.67254,32.56434],[130.67247,32.56437],[130.67232,32.56444],[130.67194,32.56459],[130.67164,32.5647],[130.67156,32.56472],[130.67149,32.56474],[130.67139,32.56475],[130.6713,32.56475],[130.67121,32.56474],[130.67113,32.56473],[130.67103,32.5647],[130.67095,32.56468],[130.67089,32.56465],[130.67082,32.56461],[130.67075,32.56456],[130.67069,32.56451],[130.67065,32.56446]]}},{"type":"Feature","properties":{"路線名":"県道32号小川嘉島線","道路種別":"都道府県道","状態":"全面通行止め","規制理由":"道路損壊","区間":"熊本県宇城市豊野町山崎１５６５-１ → 熊本県宇城市豊野町山崎６２２","規制開始":"2026/7/28 19:00","延長":"0.16 km","場所":"熊本県宇城市","_color":"#e60012","_weight":5,"_opacity":1},"geometry":{"type":"LineString","coordinates":[[130.74249,32.64491],[130.7423,32.64441],[130.74226,32.6443],[130.74218,32.64406],[130.742,32.64364],[130.74198,32.64354]]}},{"type":"Feature","properties":{"路線名":"県道322号大牟田大鞘八代港線","道路種別":"都道府県道","状態":"全面通行止め","規制理由":"落下物・飛来物","区間":"熊本県八代市鏡町貝洲７００-２ → 熊本県八代市鏡町貝洲６７７-２","規制開始":"2026/7/29 8:30","延長":"0.22 km","場所":"熊本県八代市","_color":"#e60012","_weight":5,"_opacity":1},"geometry":{"type":"LineString","coordinates":[[130.62469,32.56398],[130.62475,32.56395],[130.62484,32.56392],[130.62492,32.56389],[130.625,32.56386],[130.6251,32.56384],[130.62522,32.56382],[130.62535,32.5638],[130.62579,32.56375],[130.62588,32.56373],[130.62596,32.56371],[130.62602,32.56369],[130.62609,32.56365],[130.62628,32.56353],[130.62687,32.56316]]}},{"type":"Feature","properties":{"路線名":"県道244号下郷北新田線","道路種別":"都道府県道","状態":"全面通行止め","規制理由":"道路損壊","区間":"熊本県宇城市豊野町下郷３５４１-１ → 熊本県宇城市小川町中小野２６５-１","規制開始":"2026/7/29 12:00","延長":"1.51 km","場所":"熊本県宇城市","_color":"#e60012","_weight":5,"_opacity":1},"geometry":{"type":"LineString","coordinates":[[130.73778,32.62393],[130.73767,32.62389],[130.73743,32.62379],[130.73702,32.62365],[130.73675,32.62357],[130.7365,32.62353],[130.73624,32.62352],[130.73583,32.62347],[130.73549,32.62336],[130.7351,32.62319],[130.73495,32.62309],[130.73487,32.62292],[130.73484,32.6228],[130.73488,32.62268],[130.73499,32.62255],[130.73518,32.62249],[130.73534,32.6225],[130.73547,32.62254],[130.73552,32.62257],[130.73567,32.6227],[130.73577,32.62277],[130.73595,32.62282],[130.73615,32.62279],[130.73629,32.6227],[130.73637,32.6226],[130.73639,32.62251],[130.73638,32.62235],[130.73628,32.62224],[130.73614,32.62215],[130.73588,32.62205],[130.73572,32.62201],[130.73544,32.62197],[130.73519,32.62197],[130.73503,32.622],[130.73477,32.6221],[130.73458,32.62222],[130.73433,32.62241],[130.73393,32.6228],[130.7338,32.62284],[130.73365,32.62282],[130.73347,32.62273],[130.73314,32.62239],[130.73302,32.6222],[130.7328,32.62179],[130.73272,32.62155],[130.73253,32.62098],[130.73241,32.62071],[130.7323,32.62056],[130.73221,32.62048],[130.73199,32.62035],[130.73158,32.62018],[130.73123,32.62005],[130.73085,32.6199],[130.7297,32.61948],[130.72927,32.61937],[130.72876,32.61924],[130.72818,32.61911],[130.72796,32.61907],[130.72784,32.61903],[130.72774,32.61896],[130.72765,32.61889],[130.72762,32.61883],[130.7276,32.61876],[130.7276,32.61868],[130.72761,32.61859],[130.72775,32.61832],[130.72778,32.61822],[130.7278,32.61814],[130.72779,32.61777],[130.72779,32.61769],[130.72781,32.6176],[130.72785,32.61753],[130.72793,32.61744],[130.72801,32.61736],[130.72824,32.61718],[130.7285,32.61694],[130.72856,32.61689],[130.72862,32.61683],[130.7287,32.61675],[130.72877,32.61665],[130.7288,32.61655],[130.72879,32.61646],[130.72877,32.61638],[130.72873,32.61631],[130.72858,32.61612],[130.72839,32.61589],[130.72824,32.61571],[130.72818,32.61565],[130.72812,32.6156],[130.72801,32.61557],[130.72793,32.61557],[130.72785,32.61557],[130.72778,32.6156],[130.72771,32.61563],[130.72767,32.61568],[130.72763,32.61575],[130.72763,32.61584],[130.72765,32.61588],[130.72767,32.61594],[130.72775,32.61605],[130.72799,32.6163],[130.7281,32.61645],[130.72812,32.6165],[130.72813,32.61657],[130.72813,32.61664],[130.72811,32.61671],[130.72807,32.61677],[130.72803,32.61682],[130.72798,32.61686],[130.72794,32.61688],[130.72784,32.61689],[130.72772,32.61688],[130.72763,32.61685],[130.72751,32.61676],[130.72737,32.61659],[130.72722,32.61639],[130.72714,32.6163],[130.72709,32.61626],[130.72701,32.61621],[130.7269,32.61615],[130.72673,32.61606],[130.72649,32.61594],[130.72636,32.61586],[130.72624,32.61574],[130.72613,32.61563],[130.72599,32.61545],[130.72578,32.61518],[130.72566,32.61503]]}},{"type":"Feature","properties":{"路線名":"県道42号八代鏡線","道路種別":"都道府県道","状態":"全面通行止め","規制理由":"落下物・飛来物","区間":"熊本県八代市鏡町宝出５-１ → 熊本県八代市鏡町鏡１１５９-８","規制開始":"2026/7/29 8:30","延長":"0.23 km","場所":"熊本県八代市","_color":"#e60012","_weight":5,"_opacity":1},"geometry":{"type":"LineString","coordinates":[[130.64813,32.57027],[130.648,32.57032],[130.64694,32.57071],[130.64628,32.57095],[130.64596,32.57106],[130.64588,32.57109]]}},{"type":"Feature","properties":{"路線名":"県道338号八代不知火線","道路種別":"都道府県道","状態":"全面通行止め","規制理由":"橋梁損傷","区間":"熊本県八代市鏡町宝出１０４５-３８ → 熊本県八代市鏡町野崎１０２８-１","規制開始":"2026/7/29 14:00","延長":"0.31 km","場所":"熊本県八代市","_color":"#e60012","_weight":5,"_opacity":1},"geometry":{"type":"LineString","coordinates":[[130.6297,32.5821],[130.62977,32.58215],[130.63068,32.58301],[130.63098,32.58329],[130.63103,32.58333],[130.63122,32.58351],[130.63147,32.58372],[130.63177,32.584],[130.63192,32.58415]]}},{"type":"Feature","properties":{"路線名":"県道158号中津道八代線","道路種別":"都道府県道","状態":"全面通行止め","規制理由":"道路損壊","区間":"熊本県八代市宮地町８-１ → 熊本県八代市古麓町１０４８","規制開始":"2026/7/29 14:00","延長":"0.2 km","場所":"熊本県八代市","_color":"#e60012","_weight":5,"_opacity":1},"geometry":{"type":"LineString","coordinates":[[130.63884,32.49686],[130.63878,32.49677],[130.63872,32.49667],[130.63852,32.49639],[130.6381,32.49579],[130.63774,32.4953]]}},{"type":"Feature","properties":{"路線名":"県道155号氷川八代線","道路種別":"都道府県道","状態":"全面通行止め","規制理由":"道路損壊","区間":"熊本県八代市宮地町８-１ → 熊本県八代市宮地町146","規制開始":"2026/7/29 14:00","延長":"0.09 km","場所":"熊本県八代市","_color":"#e60012","_weight":5,"_opacity":1},"geometry":{"type":"LineString","coordinates":[[130.63887,32.4969],[130.6393,32.49759]]}},{"type":"Feature","properties":{"路線名":"県道57号益城矢部線","道路種別":"都道府県道","状態":"全面通行止め","規制理由":"落石","区間":"熊本県上益城郡御船町玉来１０４１-２ → 熊本県上益城郡御船町上野４４２３-２","規制開始":"2026/7/29 16:50","延長":"1.5 km","場所":"熊本県御船町","_color":"#e60012","_weight":5,"_opacity":1},"geometry":{"type":"LineString","coordinates":[[130.85877,32.75109],[130.8588,32.75095],[130.85881,32.75085],[130.85881,32.75075],[130.85881,32.7507],[130.85874,32.75053],[130.85872,32.75047],[130.85873,32.7504],[130.85877,32.75034],[130.85888,32.75026],[130.85894,32.75022],[130.85905,32.75016],[130.8592,32.75013],[130.85938,32.75012],[130.85972,32.75013],[130.85992,32.75015],[130.8601,32.75018],[130.86028,32.75023],[130.86038,32.75024],[130.86045,32.75023],[130.86066,32.75015],[130.86072,32.7501],[130.86079,32.75],[130.86087,32.74992],[130.86096,32.7499],[130.86121,32.74988],[130.86136,32.74989],[130.86168,32.75],[130.86193,32.75015],[130.86208,32.75023],[130.86218,32.75026],[130.86243,32.75031],[130.8625,32.75032],[130.86258,32.7503],[130.86278,32.75017],[130.86305,32.75],[130.86315,32.74996],[130.86326,32.74995],[130.86378,32.74997],[130.86388,32.74997],[130.86399,32.74993],[130.86425,32.74972],[130.8647,32.74938],[130.86474,32.74932],[130.86476,32.74926],[130.86477,32.74914],[130.86476,32.749],[130.86477,32.74894],[130.8648,32.74888],[130.86484,32.74883],[130.86494,32.74872],[130.86507,32.74858],[130.86525,32.74842],[130.86537,32.74837],[130.8655,32.74835],[130.86597,32.74837],[130.86625,32.74841],[130.86727,32.7487],[130.86789,32.74885],[130.86795,32.74888],[130.86801,32.74896],[130.86812,32.74909],[130.86825,32.74922],[130.86839,32.74931],[130.86864,32.74945],[130.86877,32.74949],[130.86887,32.74949],[130.869,32.74949],[130.86911,32.74952],[130.86928,32.74955],[130.86946,32.74955],[130.86973,32.74953],[130.86982,32.74955],[130.8699,32.74959],[130.87008,32.74983],[130.87019,32.74993],[130.87022,32.74996],[130.87023,32.75],[130.87023,32.75028],[130.87027,32.75063],[130.87031,32.75073],[130.87038,32.75076],[130.8708,32.7509],[130.87103,32.75095],[130.87139,32.75112],[130.8715,32.75117],[130.87155,32.75118],[130.8716,32.75118],[130.87166,32.75117],[130.87172,32.75114],[130.87181,32.75108],[130.87197,32.75093],[130.87218,32.75075],[130.87225,32.75069],[130.87233,32.75065],[130.87241,32.7506],[130.87248,32.75057],[130.87259,32.75052],[130.87265,32.7505],[130.87275,32.75049],[130.87283,32.7505],[130.8729,32.75053],[130.87297,32.75057],[130.87309,32.75067],[130.87317,32.75072],[130.87325,32.75077],[130.87335,32.7508],[130.87344,32.75082],[130.87355,32.75082],[130.87364,32.75081],[130.87371,32.75079],[130.87377,32.75075],[130.87383,32.75055],[130.87393,32.75038],[130.87403,32.75024],[130.8743,32.75],[130.87447,32.74984],[130.87453,32.74977],[130.87457,32.74964],[130.87458,32.74959],[130.87461,32.7494],[130.87464,32.7494]]}},{"type":"Feature","properties":{"路線名":"県道333号川内祁答院線","道路種別":"都道府県道","状態":"全面通行止め","規制理由":"土砂流入","区間":"祁答院町下手 → 祁答院町下手","規制開始":"2026/7/30 1:30","延長":"0.1 km","場所":"鹿児島県薩摩川内市","_color":"#e60012","_weight":5,"_opacity":1},"geometry":{"type":"LineString","coordinates":[[130.48142,31.85889],[130.48132,31.85884],[130.48124,31.85879],[130.48117,31.85874],[130.48112,31.85869],[130.48108,31.85863],[130.481,31.85853],[130.48093,31.85842],[130.4808,31.8582]]}},{"type":"Feature","properties":{"路線名":"E10九州中央自動車道","道路種別":"高速道路","状態":"全面通行止め（上下）","規制理由":"地震による路面段差","区間":"嘉島JCT → 小池高山IC","規制開始":"2026/7/28/17:23","延長":"1.1 km","場所":"熊本県上益城郡山都町","_color":"#e60012","_weight":5,"_opacity":1},"geometry":{"type":"LineString","coordinates":[[130.79641,32.75203],[130.79647,32.75199],[130.79666,32.75187],[130.79732,32.75144],[130.79745,32.75135],[130.79776,32.7511],[130.79792,32.75091],[130.79814,32.7507],[130.79842,32.75043],[130.79882,32.75],[130.79896,32.74985],[130.79914,32.74964],[130.79929,32.74945],[130.79945,32.74924],[130.79964,32.74897],[130.79986,32.74863],[130.8,32.7484],[130.80024,32.74797],[130.80053,32.7473],[130.80078,32.74671],[130.80103,32.74621],[130.80108,32.7461],[130.80118,32.74591],[130.80141,32.74549],[130.80169,32.74505],[130.80183,32.74487],[130.80209,32.74453],[130.80228,32.74429],[130.80245,32.74412]]}},{"type":"Feature","properties":{"路線名":"国道219号","道路種別":"補助国道","状態":"全面通行止め","規制理由":"橋梁損傷","区間":"熊本県八代市萩原町一丁目 → 熊本県八代市渡町","規制開始":"2026/7/28 19:00","延長":"0.65 km","場所":"熊本県八代市","_color":"#e60012","_weight":5,"_opacity":1},"geometry":{"type":"LineString","coordinates":[[130.62387,32.50089],[130.62384,32.50077],[130.62368,32.50009],[130.62366,32.5],[130.62295,32.49708],[130.62268,32.49596],[130.62245,32.49502],[130.62245,32.495]]}},{"type":"Feature","properties":{"路線名":"国道218号","道路種別":"補助国道","状態":"全面通行止め","規制理由":"橋梁損傷","区間":"熊本県宇城市豊野町山崎 → 熊本県宇城市豊野町山崎","規制開始":"2026/7/28 19:00","延長":"0.4 km","場所":"熊本県宇城市","_color":"#e60012","_weight":5,"_opacity":1},"geometry":{"type":"LineString","coordinates":[[130.74503,32.64367],[130.74463,32.64375]]}},{"type":"Feature","properties":{"路線名":"国道266号","道路種別":"補助国道","状態":"全面通行止め","規制理由":"橋梁損傷","区間":"熊本県宇城市不知火町高良 → 熊本県宇城市不知火町高良","規制開始":"2026/7/28 19:00","延長":"0.45 km","場所":"熊本県宇城市","_color":"#e60012","_weight":5,"_opacity":1},"geometry":{"type":"LineString","coordinates":[[130.66948,32.64788],[130.66956,32.64791],[130.66991,32.64802],[130.66993,32.64802]]}},{"type":"Feature","properties":{"路線名":"県道17号坂本人吉線","道路種別":"都道府県道","状態":"全面通行止め","規制理由":"落石","区間":"熊本県球磨郡山江村万江１５１-１ → 熊本県球磨郡山江村万江７６１-９","規制開始":"2026/7/28 17:30","延長":"5.022 km","場所":"熊本県山江村","_color":"#e60012","_weight":5,"_opacity":1},"geometry":{"type":"LineString","coordinates":[[130.73335,32.33757],[130.7334,32.33752],[130.73349,32.3374],[130.73353,32.33727],[130.73354,32.33713],[130.73352,32.33675],[130.73352,32.33665],[130.73353,32.33649],[130.73362,32.33621],[130.73369,32.33601],[130.73383,32.3357],[130.73424,32.33508],[130.73435,32.33487],[130.73449,32.33473],[130.73465,32.3346],[130.73483,32.33452],[130.73518,32.33445],[130.7355,32.33442],[130.73577,32.33446],[130.73664,32.33478],[130.73732,32.33498],[130.73755,32.33503],[130.73773,32.33505],[130.73788,32.33503],[130.73804,32.33494],[130.73823,32.33482],[130.73885,32.33431],[130.73893,32.3342],[130.73893,32.33393],[130.73889,32.33376],[130.7388,32.33344],[130.73878,32.33333],[130.73867,32.3328],[130.73867,32.33268],[130.7387,32.33258],[130.73879,32.33249],[130.73899,32.33237],[130.7391,32.33231],[130.74005,32.33198],[130.74053,32.33187],[130.74152,32.33165],[130.74212,32.3315],[130.7426,32.33144],[130.74299,32.33142],[130.74312,32.33147],[130.74319,32.33158],[130.74343,32.33213],[130.74357,32.33227],[130.74398,32.33253],[130.74424,32.33263],[130.74505,32.33265],[130.74538,32.33273],[130.74568,32.33274],[130.74588,32.33273],[130.7461,32.33264],[130.74697,32.33227],[130.74713,32.33218],[130.74742,32.33196],[130.74768,32.33183],[130.74813,32.33163],[130.7483,32.33152],[130.74844,32.3314],[130.74847,32.33129],[130.74849,32.33111],[130.74847,32.33093],[130.74825,32.33038],[130.7482,32.33021],[130.74819,32.33008],[130.74825,32.32994],[130.74842,32.32979],[130.74878,32.32951],[130.74924,32.32912],[130.74964,32.32884],[130.75,32.32863],[130.7501,32.32858],[130.75053,32.32839],[130.75082,32.32829],[130.75103,32.32826],[130.75128,32.32824],[130.75153,32.32825],[130.75183,32.32824],[130.7533,32.32785],[130.75457,32.32753],[130.7549,32.32743],[130.75514,32.32732],[130.75536,32.32706],[130.7554,32.327],[130.7555,32.32685],[130.75561,32.32672],[130.75566,32.32667],[130.75581,32.32657],[130.75624,32.32632],[130.75636,32.32625],[130.75703,32.32587],[130.75713,32.32581],[130.75724,32.32573],[130.75732,32.32568],[130.75737,32.32562],[130.75743,32.32554],[130.75748,32.32545],[130.75752,32.32536],[130.75753,32.32527],[130.75754,32.32514],[130.75749,32.32495],[130.75743,32.32478],[130.75737,32.32468],[130.7572,32.32432],[130.75712,32.32415],[130.75692,32.32373],[130.75685,32.32356],[130.75687,32.32317],[130.7569,32.32296],[130.75694,32.32285],[130.75698,32.32276],[130.75709,32.32263],[130.75716,32.32251],[130.75724,32.32229],[130.7573,32.322],[130.7573,32.32182],[130.75728,32.32159],[130.75726,32.32142],[130.75723,32.32126],[130.75719,32.32113],[130.75709,32.3209],[130.75657,32.31984],[130.75645,32.31966],[130.75633,32.31949],[130.75613,32.31927],[130.75587,32.31903],[130.75565,32.31877],[130.7554,32.31847],[130.7551,32.31816],[130.75493,32.31803],[130.75472,32.31788],[130.75438,32.31769],[130.75413,32.31756],[130.75385,32.31744],[130.75362,32.31735],[130.75336,32.31728],[130.75304,32.31721],[130.75231,32.31704],[130.75162,32.31685],[130.75087,32.3167],[130.75044,32.31664],[130.75009,32.3166],[130.75,32.31661],[130.74938,32.31666],[130.74888,32.31669],[130.7485,32.31667],[130.74803,32.31662],[130.74768,32.31658],[130.74755,32.31653],[130.74742,32.31647],[130.74732,32.31642],[130.74724,32.31635],[130.74716,32.31626],[130.74712,32.3162],[130.74708,32.31612],[130.74706,32.31601],[130.74705,32.31588],[130.74707,32.31576],[130.74708,32.31566],[130.7471,32.31561]]}},{"type":"Feature","properties":{"路線名":"県道42号八代鏡線","道路種別":"都道府県道","状態":"全面通行止め","規制理由":"橋梁損傷","区間":"熊本県八代市植柳上町 → 熊本県八代市千反町２丁目","規制開始":"2026/7/28 19:00","延長":"0.3 km","場所":"熊本県八代市","_color":"#e60012","_weight":5,"_opacity":1},"geometry":{"type":"LineString","coordinates":[[130.59947,32.49475],[130.60043,32.49227],[130.60046,32.49218],[130.60053,32.49202]]}},{"type":"Feature","properties":{"路線名":"九州自動車道","道路種別":"高速道路","状態":"全面通行止め","規制理由":"地震","区間":"嘉島JCT → 益城TB","_color":"#e60012","_weight":5,"_opacity":1},"geometry":{"type":"LineString","coordinates":[[130.78903,32.75546],[130.78904,32.75529],[130.78905,32.75479],[130.78907,32.75465],[130.78911,32.75453],[130.78918,32.75441],[130.78925,32.75433],[130.78932,32.75427],[130.78941,32.75421],[130.7895,32.75417],[130.78957,32.75415],[130.78972,32.75411],[130.79016,32.75405],[130.79077,32.75397],[130.79119,32.75391],[130.79128,32.75388],[130.79138,32.75384],[130.79181,32.75377],[130.79217,32.7537],[130.7925,32.75363],[130.79297,32.75352],[130.7931,32.75348],[130.79344,32.75338],[130.7938,32.75326],[130.79417,32.75313],[130.79474,32.7529],[130.79507,32.75275],[130.79539,32.7526],[130.79555,32.75252],[130.79573,32.75243],[130.79595,32.7523],[130.79625,32.75213],[130.79636,32.75205],[130.79647,32.75199],[130.79666,32.75187],[130.79721,32.75151]]}},{"type":"Feature","properties":{"路線名":"九州自動車道","道路種別":"高速道路","状態":"全面通行止め","規制理由":"地震","区間":"益城熊本空港IC → 嘉島JCT","_color":"#e60012","_weight":5,"_opacity":1},"geometry":{"type":"LineString","coordinates":[[130.7899,32.79174],[130.78993,32.79157],[130.79001,32.79109],[130.79008,32.79073],[130.79013,32.79049],[130.79016,32.79034],[130.79037,32.78948],[130.79045,32.78921],[130.79055,32.7889],[130.79072,32.78842],[130.79098,32.78778],[130.79106,32.78755],[130.79114,32.78736],[130.79123,32.78717],[130.79132,32.78699],[130.79171,32.7862],[130.79198,32.7857],[130.79233,32.78507],[130.79254,32.7847],[130.79275,32.78435],[130.79291,32.78406],[130.79307,32.78378],[130.79317,32.78361],[130.79325,32.78345],[130.79333,32.78331],[130.79338,32.7832],[130.79343,32.7831],[130.79348,32.78298],[130.79353,32.78285],[130.79358,32.78273],[130.79363,32.78258],[130.79368,32.78242],[130.79373,32.78226],[130.79377,32.78211],[130.79381,32.78195],[130.79385,32.78177],[130.7939,32.78153],[130.79395,32.78129],[130.79398,32.78115],[130.79403,32.78078],[130.79404,32.78061],[130.79405,32.7805],[130.79405,32.78029],[130.79405,32.78006],[130.79405,32.7799],[130.79405,32.77956],[130.79403,32.77918],[130.794,32.77897],[130.79399,32.77882],[130.79397,32.77868],[130.7939,32.77823],[130.79387,32.77811],[130.7938,32.77787],[130.79376,32.77772],[130.79371,32.77754],[130.7936,32.77723],[130.79356,32.77709],[130.79351,32.77696],[130.79345,32.77682],[130.79334,32.77652],[130.79314,32.77608],[130.7928,32.77537],[130.79249,32.77478],[130.7919,32.77366],[130.79143,32.77275],[130.7909,32.77168],[130.79045,32.77069],[130.79025,32.77023],[130.79002,32.76962],[130.78986,32.76918],[130.78974,32.76882],[130.78954,32.76822],[130.78944,32.76789],[130.78907,32.76633],[130.78899,32.76589],[130.7889,32.76546],[130.78886,32.76523],[130.78881,32.76489],[130.78877,32.76458],[130.7887,32.7641],[130.78867,32.76376],[130.78863,32.76327],[130.78858,32.76209],[130.78861,32.76062],[130.78864,32.76],[130.7889,32.75628],[130.78891,32.75588],[130.78891,32.75557]]}},{"type":"Feature","properties":{"路線名":"九州自動車道","道路種別":"高速道路","状態":"全面通行止め","規制理由":"地震","区間":"嘉島JCT → 御船IC","_color":"#e60012","_weight":5,"_opacity":1},"geometry":{"type":"LineString","coordinates":[[130.78891,32.75547],[130.78892,32.75524],[130.78891,32.75462],[130.78888,32.75407],[130.78882,32.75338],[130.78875,32.75276],[130.78868,32.75226],[130.78859,32.75161],[130.78833,32.75051],[130.7883,32.7504],[130.78821,32.75006],[130.78819,32.75],[130.78808,32.7496],[130.78771,32.74853],[130.78762,32.7483],[130.7871,32.74712],[130.78666,32.74618],[130.78628,32.74551],[130.78595,32.74493],[130.78566,32.74447],[130.78531,32.74393],[130.78485,32.7433],[130.78453,32.74287],[130.78428,32.74257],[130.78365,32.7418],[130.78268,32.7407],[130.78124,32.73909],[130.78083,32.73861],[130.77967,32.7372],[130.77956,32.73707],[130.77955,32.73705],[130.77855,32.73577],[130.77818,32.73526],[130.77751,32.73433],[130.77748,32.73428]]}},{"type":"Feature","properties":{"路線名":"九州自動車道","道路種別":"高速道路","状態":"全面通行止め","規制理由":"地震","区間":"御船IC → 人吉IC","_color":"#e60012","_weight":5,"_opacity":1},"geometry":{"type":"LineString","coordinates":[[130.77743,32.73421],[130.7772,32.73387],[130.77695,32.73353],[130.77685,32.73338],[130.7762,32.73242],[130.77555,32.73138],[130.77467,32.72993],[130.77422,32.72915],[130.77343,32.72768],[130.77332,32.72747],[130.77306,32.72696],[130.77267,32.72619],[130.77224,32.72529],[130.77198,32.72473],[130.77147,32.72355],[130.7712,32.72292],[130.77096,32.72234],[130.77077,32.72187],[130.77048,32.7211],[130.77027,32.72055],[130.77005,32.71997],[130.7699,32.71957],[130.76977,32.71927],[130.7697,32.71911],[130.76957,32.71881],[130.7695,32.71867],[130.76941,32.71848],[130.76928,32.71824],[130.76917,32.71805],[130.76894,32.71765],[130.76884,32.7175],[130.76876,32.71737],[130.76869,32.71728],[130.76864,32.71721],[130.76859,32.71714],[130.76855,32.71708],[130.76825,32.71673],[130.76817,32.71664],[130.76776,32.71619],[130.76736,32.71579],[130.76684,32.71535],[130.7662,32.71491],[130.76559,32.71449],[130.76359,32.7132],[130.76173,32.71199],[130.76098,32.7115],[130.7599,32.71081],[130.75868,32.71001],[130.75798,32.70953],[130.75794,32.7095],[130.75747,32.70917],[130.75659,32.70842],[130.75569,32.70752],[130.7555,32.70732],[130.75496,32.7067],[130.7549,32.7066],[130.75465,32.7063],[130.75442,32.70599],[130.7542,32.70566],[130.75388,32.70516],[130.75355,32.70465],[130.7535,32.70454],[130.75311,32.70385],[130.75195,32.70191],[130.75177,32.70163],[130.75112,32.70075],[130.75106,32.70067],[130.75097,32.70056],[130.75074,32.70029],[130.75,32.69947],[130.7496,32.69908],[130.74925,32.69875],[130.74899,32.69853],[130.74873,32.69831],[130.74858,32.6982],[130.74829,32.69797],[130.74795,32.69772],[130.74767,32.69752],[130.74753,32.69743],[130.74696,32.69706],[130.74678,32.69695],[130.74642,32.69673],[130.74591,32.69644],[130.74541,32.69618],[130.74437,32.69563],[130.74395,32.69541],[130.7434,32.69511],[130.743,32.69489],[130.74288,32.69482],[130.74261,32.69467],[130.74197,32.69427],[130.74166,32.69405],[130.74131,32.69381],[130.74087,32.69347],[130.73968,32.69245],[130.73936,32.69214],[130.7387,32.69146],[130.7385,32.69123],[130.73839,32.6911],[130.73828,32.69096],[130.73816,32.69081],[130.73808,32.69069],[130.73798,32.69054],[130.73691,32.68885],[130.7366,32.68835],[130.73644,32.68807],[130.73635,32.68787],[130.73618,32.68753],[130.73591,32.68703],[130.73547,32.68623],[130.73532,32.68597],[130.73522,32.68579],[130.7351,32.68561],[130.73497,32.6854],[130.73471,32.68503],[130.73432,32.68448],[130.73405,32.68414],[130.73372,32.68376],[130.73346,32.68347],[130.73326,32.68327],[130.73304,32.68304],[130.73277,32.68277],[130.73237,32.6824],[130.73224,32.68228],[130.73119,32.68138],[130.73039,32.68075],[130.73001,32.68048],[130.7296,32.68018],[130.72893,32.67972],[130.72878,32.67963],[130.72822,32.67927],[130.7279,32.67907],[130.72753,32.67885],[130.7271,32.67861],[130.72666,32.67837],[130.72614,32.67809],[130.7252,32.67761],[130.72504,32.67753],[130.72295,32.67652],[130.72159,32.67586],[130.72145,32.67578],[130.72066,32.67537],[130.71988,32.67491],[130.719,32.67434],[130.71804,32.67363],[130.71717,32.6729],[130.7165,32.67227],[130.71567,32.67137],[130.7153,32.67092],[130.71492,32.67046],[130.71463,32.67005],[130.71415,32.66933],[130.71379,32.6687],[130.7135,32.66814],[130.7132,32.66752],[130.71285,32.66667],[130.71263,32.66606],[130.71238,32.66514],[130.71228,32.66471],[130.71224,32.66457],[130.7121,32.66371],[130.71202,32.66299],[130.71198,32.66226],[130.71198,32.66207],[130.71197,32.66109],[130.71197,32.6606],[130.71198,32.66009],[130.712,32.65915],[130.71198,32.65807],[130.71191,32.6571],[130.71177,32.65621],[130.71156,32.65525],[130.71133,32.65433],[130.71123,32.65396],[130.71105,32.6535],[130.711,32.65338],[130.71066,32.65247],[130.7103,32.65172],[130.70967,32.65063],[130.70958,32.6505],[130.70934,32.65007],[130.70837,32.64837],[130.70824,32.64812],[130.70817,32.64798],[130.70768,32.64703],[130.70745,32.64649],[130.70712,32.64555],[130.7068,32.64439],[130.70671,32.6438],[130.70666,32.64335],[130.70666,32.64297],[130.7067,32.6425],[130.70674,32.64217],[130.70686,32.64165],[130.70703,32.64113],[130.70719,32.64075],[130.70735,32.64038],[130.70786,32.63955],[130.70839,32.63882],[130.70869,32.63841],[130.70902,32.63793],[130.7095,32.63713],[130.70956,32.63699],[130.70982,32.63636],[130.71003,32.6357],[130.71018,32.63497],[130.71026,32.63417],[130.71024,32.63311],[130.71023,32.6323],[130.71026,32.63192],[130.71033,32.63125],[130.71036,32.63109],[130.7105,32.63054],[130.71076,32.62986],[130.71093,32.62952],[130.71123,32.62896],[130.71181,32.62796],[130.71212,32.62738],[130.71242,32.62673],[130.71254,32.62643],[130.71259,32.62628],[130.7127,32.62585],[130.7128,32.62532],[130.71295,32.6241],[130.71304,32.62327],[130.7132,32.62257],[130.71334,32.62216],[130.71353,32.62172],[130.71386,32.62107],[130.71405,32.6208],[130.71444,32.62024],[130.7149,32.61972],[130.71545,32.6192],[130.71592,32.61883],[130.71651,32.61845],[130.71665,32.61837],[130.71714,32.61811],[130.71754,32.61793],[130.71864,32.6175],[130.71953,32.6172],[130.72031,32.61694],[130.72098,32.61664],[130.72165,32.61628],[130.72221,32.6159],[130.72266,32.61555],[130.72319,32.615],[130.72365,32.61445],[130.72393,32.61405],[130.72419,32.61362],[130.72442,32.61309],[130.72451,32.61283],[130.72466,32.6123],[130.72474,32.6119],[130.72478,32.61132],[130.72478,32.61094],[130.72473,32.61028],[130.72461,32.60971],[130.72442,32.60912],[130.72415,32.60855],[130.72394,32.60816],[130.72372,32.60783],[130.7236,32.60767],[130.72266,32.60643],[130.72233,32.60596],[130.7219,32.60525],[130.72169,32.60486],[130.72154,32.6045],[130.72129,32.60382],[130.72118,32.60348],[130.72093,32.60257],[130.72061,32.60129],[130.7204,32.60057],[130.72012,32.59986],[130.71982,32.59921],[130.71945,32.5985],[130.71912,32.59794],[130.71848,32.59695],[130.71808,32.59634],[130.71771,32.59573],[130.71735,32.59509],[130.71717,32.59474],[130.71694,32.59424],[130.71666,32.59343],[130.71651,32.59278],[130.7164,32.5921],[130.71631,32.5913],[130.7163,32.59074],[130.71634,32.59004],[130.71642,32.58934],[130.71651,32.58888],[130.71654,32.5887],[130.71665,32.58802],[130.71672,32.58743],[130.71675,32.58692],[130.71675,32.58678],[130.71675,32.58673],[130.7167,32.58599],[130.71665,32.58567],[130.71651,32.585],[130.71635,32.5844],[130.71621,32.58402],[130.7159,32.58333],[130.71572,32.58296],[130.71551,32.5826],[130.7152,32.5821],[130.71473,32.58139],[130.71445,32.58101],[130.71412,32.5806],[130.71368,32.58007],[130.71348,32.57984],[130.71286,32.57917],[130.71252,32.57884],[130.71224,32.57857],[130.71145,32.57786],[130.71098,32.57743],[130.71071,32.5772],[130.71063,32.57713],[130.7105,32.57702],[130.70945,32.5761],[130.70921,32.57587],[130.70913,32.57579],[130.70867,32.57533],[130.70855,32.5752],[130.70827,32.5749],[130.70805,32.57463],[130.70738,32.5738],[130.70687,32.57305],[130.70657,32.57252],[130.70621,32.57182],[130.706,32.57131],[130.70582,32.57088],[130.70568,32.5705],[130.70514,32.56904],[130.70485,32.56834],[130.70462,32.56786],[130.70425,32.56718],[130.70382,32.56651],[130.70344,32.56599],[130.70292,32.56535],[130.70259,32.56499],[130.70221,32.56459],[130.70194,32.56433],[130.70165,32.56408],[130.70108,32.5636],[130.70063,32.56324],[130.70051,32.56315],[130.70035,32.56303],[130.69977,32.56262],[130.699,32.56205],[130.6982,32.56138],[130.69765,32.56083],[130.69719,32.56031],[130.697,32.56006],[130.69676,32.55973],[130.69642,32.55921],[130.69614,32.55869],[130.69599,32.55838],[130.69574,32.55772],[130.6955,32.55695],[130.69526,32.55599],[130.69503,32.55508],[130.69497,32.55484],[130.69477,32.55423],[130.69455,32.55358],[130.69402,32.55252],[130.6937,32.55197],[130.69318,32.55123],[130.69274,32.55072],[130.69242,32.55037],[130.69196,32.5499],[130.69128,32.54931],[130.69072,32.54888],[130.69047,32.5487],[130.68975,32.54825],[130.68955,32.54812],[130.68842,32.54756],[130.6876,32.54718],[130.68738,32.54709],[130.68598,32.54646],[130.68525,32.54607],[130.68477,32.5458],[130.68433,32.54553],[130.6835,32.54495],[130.68318,32.54472],[130.68279,32.54441],[130.68244,32.54412],[130.68091,32.54275],[130.68033,32.54221],[130.67961,32.54166],[130.679,32.54122],[130.67774,32.54046],[130.67717,32.54015],[130.67634,32.53968],[130.67621,32.5396],[130.67616,32.53957],[130.67596,32.53943],[130.67577,32.53931],[130.67557,32.53918],[130.67534,32.53902],[130.67511,32.53885],[130.67494,32.53872],[130.67478,32.53859],[130.67455,32.53841],[130.6743,32.5382],[130.6741,32.538],[130.67382,32.53772],[130.67362,32.53751],[130.67346,32.53732],[130.67315,32.53693],[130.67298,32.5367],[130.67285,32.5365],[130.67269,32.53626],[130.67255,32.53604],[130.67226,32.53552],[130.67168,32.53451],[130.67146,32.53414],[130.6713,32.53388],[130.67096,32.53339],[130.67073,32.53307],[130.67055,32.53284],[130.67038,32.53263],[130.67011,32.53231],[130.66976,32.53193],[130.66945,32.53162],[130.6683,32.53052],[130.6675,32.5298],[130.6672,32.52952],[130.66687,32.52921],[130.66648,32.52885],[130.6653,32.52779],[130.6643,32.52689],[130.66311,32.52582],[130.6619,32.52472],[130.66115,32.52405],[130.6602,32.52325],[130.65965,32.52285],[130.6593,32.52262],[130.65903,32.52243],[130.65868,32.52221],[130.65831,32.522],[130.65796,32.5218],[130.65727,32.52145],[130.6561,32.5209],[130.65553,32.52064],[130.6549,32.52035],[130.65447,32.52013],[130.6542,32.51999],[130.65393,32.51984],[130.65365,32.51967],[130.65342,32.51953],[130.65308,32.5193],[130.6528,32.5191],[130.65249,32.51887],[130.65225,32.51869],[130.652,32.51847],[130.65172,32.51823],[130.6514,32.51793],[130.65115,32.51767],[130.65086,32.51737],[130.6505,32.51696],[130.64994,32.51627],[130.64978,32.51606],[130.64961,32.51582],[130.64946,32.51559],[130.64927,32.5153],[130.64892,32.51472],[130.64889,32.51467],[130.64866,32.51427],[130.64853,32.51403],[130.64828,32.51358],[130.64819,32.51338],[130.64812,32.51324],[130.64799,32.51297],[130.64786,32.51267],[130.64781,32.51256],[130.64767,32.51222],[130.64762,32.51208],[130.64755,32.5119],[130.64724,32.51088],[130.64723,32.51084],[130.64709,32.51037],[130.64703,32.51014],[130.64697,32.50995],[130.64693,32.50977],[130.6469,32.50961],[130.64683,32.50922],[130.6467,32.50855],[130.6466,32.50791],[130.64648,32.50695],[130.64639,32.50607],[130.64634,32.50518],[130.64632,32.5048],[130.64629,32.5034],[130.64629,32.50333],[130.64629,32.50306],[130.64629,32.50287],[130.6463,32.50227],[130.6463,32.50219],[130.64645,32.5],[130.64675,32.49127],[130.64676,32.49098],[130.64679,32.49032],[130.64683,32.48971],[130.64705,32.48768],[130.64723,32.48466],[130.64729,32.48336],[130.64759,32.47827],[130.64802,32.47181],[130.64804,32.4715],[130.64809,32.4712],[130.64817,32.47077],[130.64825,32.47043],[130.64843,32.46982],[130.64846,32.46972],[130.64914,32.46864],[130.64956,32.46796],[130.65,32.46717],[130.6507,32.46587],[130.65075,32.4658],[130.65095,32.4655],[130.65098,32.46545],[130.6516,32.46424],[130.652,32.46315],[130.65226,32.46237],[130.65282,32.46087],[130.65317,32.45995],[130.65326,32.45972],[130.65517,32.45583],[130.65521,32.45575],[130.65626,32.45373],[130.6563,32.45367],[130.65707,32.45188],[130.65742,32.45117],[130.65777,32.45058],[130.65827,32.44981],[130.65879,32.44913],[130.65935,32.44848],[130.66044,32.44726],[130.66097,32.44684],[130.66206,32.44597],[130.66215,32.44591],[130.66384,32.44458],[130.66405,32.44442],[130.66461,32.444],[130.66497,32.44377],[130.66534,32.44358],[130.66578,32.44341],[130.66631,32.44327],[130.66667,32.44318],[130.66695,32.44312],[130.66743,32.44299],[130.668,32.44282],[130.66855,32.44261],[130.66897,32.4424],[130.66931,32.44222],[130.6697,32.44199],[130.66993,32.44183],[130.67067,32.44121],[130.67108,32.44079],[130.6712,32.44067],[130.672,32.43966],[130.67209,32.43955],[130.67236,32.43925],[130.67248,32.43909],[130.6727,32.4389],[130.67305,32.43863],[130.67343,32.43836],[130.67403,32.43804],[130.67472,32.43772],[130.67519,32.43748],[130.67561,32.43721],[130.67604,32.43689],[130.6766,32.43644],[130.67687,32.43625],[130.6769,32.43623],[130.6774,32.43594],[130.67794,32.43568],[130.67811,32.43561],[130.67884,32.43541],[130.67952,32.43528],[130.68036,32.43519],[130.68135,32.43518],[130.68191,32.4352],[130.6826,32.43527],[130.68309,32.43535],[130.68381,32.43551],[130.68469,32.43577],[130.68567,32.43605],[130.686,32.43612],[130.68616,32.43616],[130.68748,32.43629],[130.68756,32.43629],[130.6882,32.43627],[130.68851,32.43624],[130.6887,32.43622],[130.69117,32.43604],[130.69276,32.43581],[130.6932,32.43577],[130.69324,32.43576],[130.69552,32.4355],[130.69559,32.43549],[130.69617,32.43537],[130.69693,32.43514],[130.69772,32.43483],[130.69824,32.43458],[130.69855,32.43441],[130.69886,32.43423],[130.69895,32.43417],[130.69957,32.4336],[130.70058,32.4325],[130.701,32.43196],[130.70169,32.43085],[130.70198,32.4304],[130.70214,32.43009],[130.70231,32.42938],[130.70233,32.42927],[130.70243,32.42878],[130.70249,32.42824],[130.7025,32.42777],[130.70248,32.427],[130.70242,32.42648],[130.70235,32.42608],[130.70229,32.42581],[130.70215,32.42531],[130.70199,32.42479],[130.70169,32.42416],[130.70167,32.42411],[130.70108,32.42287],[130.70043,32.42168],[130.6993,32.42007],[130.69721,32.41745],[130.69717,32.4174],[130.69689,32.41698],[130.69671,32.41667],[130.69656,32.41641],[130.6963,32.41591],[130.69614,32.41558],[130.69584,32.41483],[130.69568,32.41435],[130.69555,32.41384],[130.6955,32.41351],[130.69547,32.4129],[130.69551,32.41236],[130.6956,32.41186],[130.69572,32.41145],[130.69588,32.41101],[130.69611,32.41058],[130.69631,32.41021],[130.69657,32.40968],[130.69671,32.40926],[130.6968,32.40892],[130.69692,32.40834],[130.69701,32.40793],[130.69721,32.40733],[130.69745,32.40681],[130.69769,32.40629],[130.69783,32.40594],[130.69789,32.4055],[130.69789,32.40504],[130.69781,32.4046],[130.69774,32.40427],[130.69767,32.40379],[130.69769,32.40346],[130.69775,32.40313],[130.69782,32.40291],[130.69794,32.40265],[130.69819,32.40223],[130.69849,32.40191],[130.69869,32.40172],[130.69907,32.4014],[130.69952,32.40109],[130.69981,32.40091],[130.70009,32.40075],[130.70102,32.40028],[130.70139,32.40006],[130.70157,32.39993],[130.70189,32.39967],[130.70215,32.39936],[130.7025,32.39877],[130.70327,32.3978],[130.70367,32.39733],[130.70507,32.39572],[130.7057,32.39498],[130.70642,32.39415],[130.70731,32.3932],[130.70815,32.39236],[130.70846,32.39203],[130.70871,32.39173],[130.70902,32.39134],[130.70918,32.39111],[130.70931,32.39092],[130.70972,32.39021],[130.7102,32.38935],[130.71047,32.38886],[130.71078,32.38822],[130.71113,32.3875],[130.71142,32.38679],[130.71171,32.3861],[130.712,32.38528],[130.71235,32.38436],[130.71285,32.38301],[130.71326,32.38192],[130.71358,32.38112],[130.71431,32.3792],[130.71506,32.37723],[130.71553,32.37605],[130.71637,32.37388],[130.7168,32.37275],[130.71725,32.37153],[130.718,32.36955],[130.71862,32.36791],[130.71903,32.36676],[130.71968,32.36507],[130.72049,32.36291],[130.72139,32.36048],[130.72221,32.3583],[130.72297,32.35625],[130.72324,32.35549],[130.72384,32.35402],[130.72441,32.3526],[130.7249,32.35135],[130.72533,32.35016],[130.72599,32.34841],[130.72655,32.34692],[130.7267,32.34654],[130.72687,32.34619],[130.72737,32.34523],[130.72777,32.34456],[130.72823,32.34388],[130.72853,32.34344],[130.72945,32.34216],[130.72982,32.34163],[130.73009,32.34095],[130.73054,32.33982],[130.73071,32.33964],[130.73081,32.33952],[130.73103,32.33927],[130.73127,32.33906],[130.7317,32.33867],[130.73222,32.33834],[130.73253,32.33812],[130.73336,32.33765],[130.73398,32.33734],[130.73412,32.33728],[130.73516,32.33675],[130.73532,32.33665],[130.73647,32.33572],[130.73678,32.33543],[130.73681,32.3354],[130.73735,32.33469],[130.73737,32.33466],[130.73844,32.33343],[130.73852,32.33337],[130.73857,32.33333],[130.73902,32.333],[130.73942,32.33275],[130.7399,32.33253],[130.74015,32.33244],[130.74066,32.33229],[130.7413,32.33215],[130.74198,32.33205],[130.74274,32.33195],[130.74346,32.33186],[130.7435,32.33186],[130.74493,32.33161],[130.74509,32.33153],[130.74578,32.33126],[130.7463,32.33101],[130.74665,32.33078],[130.74719,32.33042],[130.74768,32.33006],[130.74809,32.32976],[130.74839,32.3295],[130.74864,32.32929],[130.74894,32.32905],[130.74926,32.32881],[130.74961,32.32859],[130.75,32.32838],[130.75054,32.32813],[130.75088,32.328],[130.75146,32.3278],[130.75186,32.32768],[130.75211,32.32762],[130.75274,32.32748],[130.7535,32.32736],[130.75428,32.32723],[130.75505,32.32705],[130.75534,32.32697],[130.7557,32.32686],[130.75612,32.32671],[130.75652,32.32653],[130.75692,32.32634],[130.7572,32.32616],[130.7575,32.32589],[130.7578,32.32557],[130.75798,32.32525],[130.75808,32.32504],[130.75817,32.32476],[130.75825,32.32449],[130.75828,32.32414],[130.75831,32.32393],[130.75828,32.32358],[130.75824,32.32323],[130.75814,32.32278],[130.758,32.32225],[130.75782,32.32167],[130.75762,32.32104],[130.75744,32.32058],[130.75723,32.32012],[130.75717,32.31997],[130.75695,32.31959],[130.75669,32.31922],[130.75651,32.31897],[130.75624,32.31864],[130.75591,32.31828],[130.75553,32.31792],[130.75515,32.31762],[130.75467,32.31734],[130.7541,32.3171],[130.7537,32.31697],[130.75351,32.3169],[130.75254,32.31657],[130.75184,32.31629],[130.75141,32.31609],[130.75083,32.31579],[130.75044,32.31555],[130.75,32.31515],[130.7499,32.31506],[130.74958,32.3147],[130.7491,32.31419],[130.74908,32.31416],[130.74866,32.31358],[130.7479,32.31221],[130.74772,32.31177],[130.74768,32.31168],[130.74746,32.31098],[130.74735,32.31047],[130.7473,32.31012],[130.7472,32.30933],[130.74714,32.30883],[130.74708,32.3084],[130.74665,32.30705],[130.74662,32.30696],[130.74633,32.30534],[130.74598,32.3039],[130.74595,32.30374],[130.74596,32.30344],[130.74603,32.30213],[130.74608,32.30167],[130.74618,32.30114],[130.74632,32.30073],[130.74662,32.29994],[130.74677,32.29957],[130.74719,32.29868],[130.74745,32.29826],[130.74756,32.29813],[130.74768,32.29796],[130.74843,32.2971],[130.74875,32.29665],[130.74906,32.2961],[130.74923,32.29567],[130.74932,32.29536],[130.74937,32.29507],[130.74937,32.29478],[130.74934,32.29437],[130.74923,32.29371],[130.74912,32.29304],[130.74893,32.29189],[130.74879,32.29105],[130.74872,32.29059],[130.74863,32.28999],[130.7486,32.28971],[130.7486,32.2893],[130.74863,32.28895],[130.74867,32.28867],[130.74877,32.28835],[130.74907,32.28764],[130.74935,32.28715],[130.7496,32.28675],[130.74989,32.28632],[130.75,32.28618],[130.75207,32.28295],[130.75449,32.27928],[130.75655,32.27634],[130.75679,32.27582],[130.75908,32.2723],[130.75962,32.27143],[130.76041,32.27007],[130.76112,32.26894],[130.76161,32.26833],[130.76207,32.26789],[130.76245,32.26756],[130.76265,32.26742],[130.76317,32.26711],[130.76361,32.26686],[130.76418,32.26658],[130.7646,32.26634],[130.76494,32.26613],[130.76525,32.2659],[130.76566,32.26555],[130.76582,32.26538],[130.766,32.26516],[130.7663,32.26479],[130.76661,32.26432],[130.76702,32.26363],[130.76709,32.2635],[130.76732,32.26303],[130.76746,32.2627],[130.7676,32.26233],[130.76777,32.26176],[130.76788,32.26131],[130.76798,32.26073],[130.76804,32.2603],[130.76806,32.25985],[130.76807,32.25937],[130.76806,32.25887],[130.76796,32.25816],[130.76778,32.25734],[130.76758,32.25665],[130.76733,32.25599],[130.76717,32.25566],[130.76694,32.25516],[130.76656,32.25451],[130.7662,32.25393],[130.76582,32.25343],[130.76548,32.25301],[130.76472,32.25223],[130.76431,32.25185],[130.76383,32.25143],[130.76308,32.25085],[130.76246,32.25038],[130.76204,32.2501],[130.76192,32.25],[130.76176,32.24986],[130.76127,32.24945],[130.76097,32.24918],[130.76057,32.24878],[130.76012,32.24818],[130.75993,32.24787],[130.75986,32.24776],[130.7596,32.24736],[130.75943,32.24699],[130.7593,32.24663],[130.7592,32.24627],[130.75908,32.24551],[130.75906,32.24516],[130.75905,32.24482],[130.75917,32.24385],[130.7593,32.24321],[130.75941,32.2428],[130.75963,32.24208],[130.76007,32.241],[130.76033,32.24047],[130.76078,32.23966],[130.76118,32.23905],[130.76167,32.23834],[130.76208,32.23783],[130.76253,32.23732],[130.7631,32.23673],[130.76347,32.23639],[130.76415,32.23577],[130.76464,32.2354],[130.76512,32.23505],[130.76583,32.23458],[130.7665,32.23419],[130.76707,32.23387],[130.7675,32.23365],[130.76763,32.23358],[130.76797,32.23341],[130.76853,32.23314]]}},{"type":"Feature","properties":{"路線名":"E3南九州自動車道（西回り）","道路種別":"高速道路","状態":"全面通行止め（上下）","規制理由":"地震による路面段差","区間":"水俣IC → 日奈久IC","規制開始":"2026/7/28/16:27","延長":"27.86 km","場所":"熊本県水俣市","_color":"#e60012","_weight":5,"_opacity":1},"geometry":{"type":"LineString","coordinates":[[130.42019,32.20987],[130.42021,32.20998],[130.42024,32.21015],[130.42029,32.21031],[130.42035,32.21043],[130.42042,32.21055],[130.42051,32.21067],[130.42065,32.21078],[130.42078,32.21088],[130.42087,32.21092],[130.42096,32.21096],[130.42107,32.211],[130.4212,32.21104],[130.4213,32.21105],[130.42142,32.21107],[130.42156,32.21108],[130.42195,32.21107],[130.42262,32.21109],[130.42306,32.21112],[130.42347,32.21113],[130.4238,32.21115],[130.424,32.21118],[130.42415,32.21122],[130.42428,32.21127],[130.42442,32.21133],[130.42455,32.21141],[130.42465,32.21149],[130.42478,32.21162],[130.42486,32.21174],[130.42516,32.21225],[130.42544,32.21275],[130.4257,32.21317],[130.42593,32.21354],[130.42624,32.21405],[130.42655,32.21453],[130.42663,32.21464],[130.42711,32.2154],[130.42745,32.21597],[130.42766,32.21634],[130.42783,32.21665],[130.42805,32.21708],[130.42837,32.21772],[130.42883,32.21873],[130.42921,32.2196],[130.4295,32.22022],[130.4298,32.22081],[130.43006,32.22126],[130.43023,32.22152],[130.43039,32.22177],[130.43042,32.2218],[130.4306,32.22207],[130.43081,32.22236],[130.43108,32.2227],[130.43122,32.22289],[130.43142,32.22312],[130.43175,32.22349],[130.43201,32.22375],[130.43232,32.22404],[130.43258,32.22428],[130.43299,32.22463],[130.43334,32.22492],[130.43349,32.22503],[130.4338,32.22527],[130.43415,32.22551],[130.43469,32.22586],[130.43497,32.22602],[130.43525,32.22618],[130.43568,32.2264],[130.43607,32.2266],[130.43655,32.22682],[130.43678,32.22691],[130.43703,32.22702],[130.4374,32.22716],[130.4378,32.22731],[130.43837,32.22748],[130.43873,32.22759],[130.43916,32.22771],[130.43953,32.2278],[130.44009,32.22792],[130.44055,32.22802],[130.44105,32.22811],[130.44141,32.22818],[130.44177,32.22824],[130.44215,32.2283],[130.4425,32.22836],[130.44305,32.22844],[130.44342,32.2285],[130.44446,32.22867],[130.44506,32.22877],[130.44559,32.22888],[130.44612,32.229],[130.44659,32.2291],[130.44705,32.22923],[130.44723,32.22929],[130.44748,32.22937],[130.44792,32.22952],[130.44838,32.2297],[130.44861,32.2298],[130.44883,32.22989],[130.44909,32.23001],[130.44945,32.23019],[130.44992,32.23043],[130.44996,32.23046],[130.45025,32.23063],[130.45054,32.23081],[130.45092,32.23106],[130.45135,32.23137],[130.45166,32.23161],[130.45188,32.23178],[130.452,32.23188],[130.45272,32.23248],[130.45318,32.23289],[130.45386,32.23349],[130.45416,32.23374],[130.45446,32.234],[130.45455,32.23408],[130.455,32.23446],[130.45522,32.23465],[130.45589,32.2352],[130.45642,32.23562],[130.45687,32.236],[130.45713,32.23621],[130.45797,32.23689],[130.45872,32.23746],[130.45915,32.2378],[130.45973,32.23821],[130.46006,32.23846],[130.46035,32.23867],[130.46057,32.23882],[130.46088,32.23904],[130.46115,32.23923],[130.46144,32.23942],[130.46171,32.2396],[130.4619,32.23972],[130.46221,32.2399],[130.46252,32.24007],[130.46291,32.24029],[130.46321,32.24044],[130.4635,32.24058],[130.46383,32.24073],[130.4642,32.24089],[130.46452,32.24102],[130.46485,32.24114],[130.465,32.2412],[130.4652,32.24127],[130.46557,32.2414],[130.46598,32.24153],[130.4665,32.24168],[130.46694,32.2418],[130.4675,32.24196],[130.46779,32.24203],[130.46802,32.24209],[130.46827,32.24215],[130.46872,32.24227],[130.47255,32.24327],[130.47424,32.24371],[130.47443,32.24375],[130.47628,32.24426],[130.47679,32.2444],[130.47726,32.24452],[130.47788,32.24469],[130.47803,32.24473],[130.47852,32.24489],[130.47887,32.245],[130.47928,32.24515],[130.47965,32.24528],[130.48003,32.24545],[130.48039,32.24561],[130.48077,32.2458],[130.48113,32.24599],[130.48149,32.2462],[130.48183,32.2464],[130.48216,32.24663],[130.48253,32.24688],[130.48297,32.24723],[130.48331,32.24752],[130.48362,32.2478],[130.48404,32.24821],[130.4843,32.2485],[130.48458,32.24882],[130.48487,32.24918],[130.48507,32.24946],[130.48529,32.24977],[130.48543,32.25],[130.48573,32.2505],[130.48611,32.25127],[130.4863,32.2517],[130.48656,32.25232],[130.48686,32.2531],[130.48698,32.25342],[130.48707,32.25365],[130.48721,32.254],[130.48743,32.25458],[130.48772,32.25533],[130.48799,32.25602],[130.48819,32.25653],[130.4884,32.25708],[130.48859,32.25758],[130.48866,32.25775],[130.4888,32.2581],[130.48905,32.25877],[130.48932,32.25945],[130.48964,32.2603],[130.4899,32.26103],[130.49024,32.26203],[130.4903,32.26224],[130.49052,32.26293],[130.49074,32.26369],[130.49101,32.26472],[130.49125,32.26572],[130.49145,32.26671],[130.49162,32.26755],[130.4918,32.26845],[130.49195,32.26909],[130.49204,32.26945],[130.4921,32.26967],[130.49219,32.26999],[130.49237,32.27064],[130.49246,32.27093],[130.49258,32.27126],[130.49271,32.27159],[130.49279,32.27178],[130.49289,32.27205],[130.49302,32.27234],[130.49314,32.2726],[130.49328,32.27288],[130.49353,32.27338],[130.49373,32.27373],[130.49396,32.27412],[130.49414,32.2744],[130.49434,32.27471],[130.4947,32.27523],[130.49488,32.27549],[130.49505,32.27571],[130.49525,32.27596],[130.49541,32.27616],[130.49548,32.27625],[130.4956,32.27639],[130.49579,32.27662],[130.49612,32.277],[130.49642,32.27734],[130.49698,32.27796],[130.49742,32.27843],[130.4977,32.27873],[130.49773,32.27875],[130.4983,32.27935],[130.49882,32.27991],[130.4992,32.28032],[130.49948,32.28063],[130.5,32.28121],[130.50013,32.28136],[130.50017,32.2814],[130.5004,32.28166],[130.50068,32.282],[130.50095,32.28233],[130.50119,32.28261],[130.50135,32.28282],[130.50138,32.28287],[130.50156,32.2831],[130.50165,32.28321],[130.50172,32.28331],[130.50201,32.28368],[130.50232,32.2841],[130.50274,32.2847],[130.50322,32.28541],[130.50357,32.28597],[130.50393,32.28655],[130.5043,32.28719],[130.50459,32.28773],[130.50497,32.28844],[130.50526,32.28901],[130.50549,32.2895],[130.50575,32.29005],[130.50605,32.29075],[130.50687,32.29272],[130.50706,32.29319],[130.50794,32.29527],[130.5084,32.29648],[130.50858,32.29688],[130.50868,32.29716],[130.50875,32.29733],[130.50913,32.29825],[130.50973,32.29974],[130.50988,32.30011],[130.51008,32.30059],[130.51023,32.30096],[130.51095,32.30282],[130.51134,32.30399],[130.51145,32.30434],[130.51185,32.30575],[130.51202,32.30642],[130.51225,32.30768],[130.51239,32.30837],[130.5124,32.30846],[130.51255,32.30949],[130.51261,32.30999],[130.51265,32.31053],[130.51267,32.31068],[130.51272,32.3113],[130.51278,32.3122],[130.51285,32.31336],[130.51292,32.31438],[130.51294,32.31481],[130.51299,32.31552],[130.51302,32.31595],[130.51305,32.3179],[130.51343,32.32363],[130.51378,32.3299],[130.51391,32.33198],[130.514,32.33333],[130.5141,32.33501],[130.51414,32.33674],[130.51417,32.33776],[130.51414,32.33862],[130.51411,32.33904],[130.51408,32.33947],[130.51403,32.33996],[130.51395,32.34046],[130.51377,32.34161],[130.51367,32.34219],[130.51353,32.3427],[130.51336,32.34325],[130.51302,32.34425],[130.51286,32.34466],[130.51265,32.34516],[130.51228,32.34604],[130.51182,32.34706],[130.5115,32.34775],[130.51123,32.34834],[130.51108,32.34868],[130.51083,32.34921],[130.51025,32.35046],[130.50985,32.35133],[130.50952,32.35207],[130.50937,32.35245],[130.50917,32.35295],[130.50907,32.35323],[130.50901,32.35343],[130.5089,32.35382],[130.50887,32.35393],[130.50884,32.35405],[130.50876,32.3544],[130.5087,32.35477],[130.50866,32.35515],[130.50865,32.35542],[130.50865,32.35575],[130.50867,32.35605],[130.50869,32.35632],[130.50874,32.35665],[130.5088,32.35701],[130.50883,32.35714],[130.50892,32.35753],[130.509,32.35781],[130.50908,32.35806],[130.50912,32.35818],[130.50921,32.35847],[130.50932,32.35876],[130.5095,32.35925],[130.50971,32.35974],[130.5098,32.35993],[130.51001,32.3604],[130.51028,32.36095],[130.51052,32.36139],[130.51079,32.36184],[130.51084,32.36193],[130.51088,32.362],[130.51103,32.36225],[130.51128,32.36265],[130.5116,32.36313],[130.51184,32.36346],[130.51209,32.36379],[130.51228,32.36403],[130.51247,32.36425],[130.51267,32.36449],[130.51295,32.36478],[130.51339,32.36524],[130.51371,32.36555],[130.51392,32.36574],[130.51403,32.36583],[130.51419,32.36597],[130.51455,32.36626],[130.51498,32.3666],[130.51538,32.36688],[130.51575,32.36714],[130.51611,32.36738],[130.5165,32.36761],[130.51709,32.36795],[130.51782,32.36833],[130.5183,32.36857],[130.51847,32.36865],[130.51963,32.36917],[130.52065,32.36959],[130.52128,32.36984],[130.522,32.37011],[130.52383,32.37071],[130.52475,32.37101],[130.52637,32.37155],[130.5274,32.37193],[130.52824,32.37225],[130.52902,32.37258],[130.52988,32.37299],[130.53088,32.37359],[130.53165,32.37408],[130.53238,32.37458],[130.53329,32.37517],[130.53416,32.37579],[130.53526,32.37671],[130.53659,32.37785],[130.53728,32.37853],[130.53765,32.37893],[130.53843,32.37992],[130.5397,32.38148],[130.53997,32.3819],[130.54012,32.38215],[130.54022,32.38233],[130.54046,32.38278],[130.5406,32.38304],[130.54078,32.38346],[130.54099,32.38399],[130.54107,32.38424],[130.54124,32.38486],[130.54131,32.3852],[130.54135,32.38544],[130.54141,32.38594],[130.54144,32.38634],[130.54145,32.38652],[130.54145,32.38706],[130.54143,32.38771],[130.5414,32.38793],[130.5414,32.388],[130.54135,32.38843],[130.54125,32.38936],[130.54121,32.38993],[130.54121,32.3904],[130.54122,32.39081],[130.54123,32.39095],[130.5413,32.39153],[130.54138,32.39208],[130.54141,32.3922],[130.54145,32.39237],[130.54152,32.39263],[130.54167,32.39312],[130.54193,32.39379],[130.5422,32.39434],[130.54227,32.39447],[130.54251,32.39487],[130.54285,32.39539],[130.54322,32.39586],[130.54364,32.39641],[130.54396,32.39678],[130.54487,32.39779],[130.54544,32.3984],[130.54614,32.39908],[130.54685,32.39971],[130.54732,32.40013],[130.54799,32.40069],[130.5486,32.40118],[130.5497,32.40202],[130.55068,32.40271],[130.55126,32.40313],[130.55204,32.40361],[130.5533,32.40437],[130.55348,32.40448],[130.55395,32.4048],[130.55449,32.4052],[130.555,32.40561],[130.55539,32.40595],[130.55588,32.40642],[130.55608,32.40662],[130.55632,32.40688],[130.55657,32.40717],[130.55687,32.40755],[130.55721,32.408],[130.55747,32.40837],[130.55762,32.40859],[130.55784,32.40913],[130.55811,32.40985],[130.55828,32.41036],[130.55894,32.41215],[130.5596,32.41398],[130.55995,32.41494],[130.56057,32.41667],[130.5618,32.42007],[130.56285,32.42307],[130.56305,32.42361],[130.56373,32.42524],[130.56375,32.42529],[130.56383,32.42548],[130.56402,32.42592],[130.56435,32.42665],[130.56476,32.42745],[130.565,32.42789],[130.56515,32.42816],[130.56529,32.42839],[130.56544,32.42862],[130.56553,32.42875]]}},{"type":"Feature","properties":{"路線名":"E10九州中央自動車道","道路種別":"高速道路","状態":"全面通行止め（上下）","規制理由":"地震による路面段差","区間":"嘉島JCT → 小池高山IC","規制開始":"2026/7/28/17:23","延長":"1.44 km","場所":"熊本県上益城郡山都町","_color":"#e60012","_weight":5,"_opacity":1},"geometry":{"type":"LineString","coordinates":[[130.792,32.75374],[130.79217,32.7537],[130.7925,32.75363],[130.79297,32.75352],[130.7931,32.75348],[130.79344,32.75338],[130.7938,32.75326],[130.79417,32.75313],[130.79474,32.7529],[130.79507,32.75275],[130.79539,32.7526],[130.79555,32.75252],[130.79573,32.75243],[130.79595,32.7523],[130.79625,32.75213],[130.79636,32.75205],[130.79647,32.75199],[130.79666,32.75187],[130.79732,32.75144],[130.79745,32.75135],[130.79776,32.7511],[130.79792,32.75091],[130.79814,32.7507],[130.79842,32.75043],[130.79882,32.75],[130.79896,32.74985],[130.79914,32.74964],[130.79929,32.74945],[130.79945,32.74924],[130.79964,32.74897],[130.79986,32.74863],[130.8,32.7484],[130.80024,32.74797],[130.80053,32.7473],[130.80078,32.74671],[130.80103,32.74621],[130.80108,32.7461],[130.80118,32.74591],[130.80141,32.74549],[130.80169,32.74505],[130.80183,32.74487],[130.80209,32.74453],[130.80228,32.74429],[130.80245,32.74412]]}}]}